days_since_last_activity,account_age_days,repos_per_year,followers_following_ratio,active_repo_ratio,inactive_repo_ratio,churn
7,6519,22.4114,0.2587,0.08,0.92,0
57,1118,13.7214,1.0261,0.1667,0.8333,0
4,6412,8.7154,5.2099,0.0654,0.9346,0
42,3026,3.1383,1.0322,0.1154,0.8846,0
20,5689,3.788,3.2783,0.1864,0.8136,0
38,2592,9.0185,0.7232,0.0469,0.9531,0
5,5691,14.6973,37.1429,0.0393,0.9607,0
10,1767,6.8213,0.6619,0.2424,0.7576,0
1,4829,10.1353,1.9905,0.0672,0.9328,0
100,5757,14.4653,7.0357,0.0044,0.9956,0
151,3445,8.6939,0.6169,0.0,1.0,0
7,2114,0.0,162.0,0.0,0.0,0
124,5696,6.0918,14.0,0.0,1.0,0
48,5356,2.3868,4.3235,0.0286,0.9714,0
14,4173,6.3019,1.1453,0.0417,0.9583,0
123,2819,3.1096,0.2784,0.0417,0.9583,0
1,2289,8.7762,0.7011,0.0545,0.9455,0
6,2817,7.9092,1.0161,0.2623,0.7377,0
12,3620,9.6862,0.4449,0.0312,0.9688,0
47,5208,24.4762,0.8227,0.0086,0.9914,0
56,5998,8.2818,12.2222,0.0,1.0,0
23,5976,2.9949,2.6667,0.0,1.0,0
6,247,50.2773,0.7338,1.0,0.0,0
50,3142,3.6037,0.6197,0.0,1.0,0
20,4277,5.4655,2.2564,0.2344,0.7656,0
28,5051,7.7374,2.4444,0.0374,0.9626,0
5,4505,4.8646,0.5241,0.0833,0.9167,0
3,4686,0.7015,1.5088,0.0,1.0,0
88,5369,6.3267,2.125,0.043,0.957,0
35,2978,7.359,0.5915,0.0833,0.9167,0
30,2870,16.799,0.4462,0.0152,0.9848,0
11,1384,5.0143,1.04,0.2105,0.7895,0
42,5586,2.877,1.2581,0.0,1.0,0
28,5567,5.5768,0.4667,0.2588,0.7412,0
14,4496,3.0871,4.0526,0.0526,0.9474,0
28,6409,2.8495,0.4934,0.0,1.0,0
21,5754,4.0626,2.4194,0.0156,0.9844,0
10,4192,1.8297,14.8,0.2381,0.7619,0
4,5851,0.8115,1.0,0.0769,0.9231,0
1340,4238,1.8961,73.0,0.1364,0.8636,1
7,5088,4.7379,0.2996,0.0,1.0,0
24,1869,10.9438,1.7949,0.0,1.0,0
13,5536,0.6598,4.7143,0.0,1.0,0
3,5029,3.2683,1.6667,0.1778,0.8222,0
200,3779,5.9925,1.0847,0.0161,0.9839,1
29,5535,4.5533,4.5714,0.0435,0.9565,0
46,4842,2.3384,1.0,0.0,1.0,0
15,4506,2.9181,0.6176,0.1667,0.8333,0
15,5276,5.2614,2.7391,0.0395,0.9605,0
88,4989,9.9567,1.0164,0.0,1.0,0
100,4631,42.5113,0.4766,0.0686,0.9314,0
36,6327,1.5009,0.8472,0.0769,0.9231,0
27,5942,10.5727,0.6237,0.0116,0.9884,0
40,4141,2.0287,0.5631,0.3478,0.6522,0
360,3315,0.2204,14.25,0.0,1.0,1
6,4222,2.4223,1.7812,0.0357,0.9643,0
25,661,11.0514,1.1957,0.15,0.85,0
25,3553,4.626,0.3293,0.0889,0.9111,0
13,6532,2.2367,2.25,0.05,0.95,0
14,3123,7.719,0.8182,0.0,1.0,0
17,2789,6.4171,0.5248,0.0612,0.9388,0
27,1508,9.9305,1.2093,0.0,1.0,0
15,4477,9.79,0.3923,0.3,0.7,0
4,3996,6.1241,0.5426,0.1791,0.8209,0
42,3478,8.2964,0.4717,0.1139,0.8861,0
9,3724,3.9232,0.9057,0.1,0.9,0
28,1527,21.7667,0.6761,0.033,0.967,0
63,4742,3.004,1.0667,0.0256,0.9744,0
50,4330,2.868,0.4848,0.1176,0.8824,0
17,5101,6.0863,1.5484,0.0,1.0,0
42,4501,5.2747,1.1463,0.1385,0.8615,0
90,5210,0.9114,2.9375,0.0,1.0,0
60,3223,3.6264,1.2368,0.0312,0.9688,0
47,3105,4.1171,0.3594,0.0571,0.9429,0
6,4166,16.0443,1.0,0.0,1.0,0
2981,4118,0.7096,44.0,0.375,0.625,1
5,1639,8.2454,1.1026,0.027,0.973,0
40,4942,0.4434,3.9091,0.3333,0.6667,0
350,5014,0.5828,3.0714,0.0,1.0,1
241,3115,5.6283,0.0853,0.0208,0.9792,1
203,3468,1.3692,3.5,0.0,1.0,1
7,4315,1.9469,0.6885,0.0435,0.9565,0
11,4912,2.5282,8.4,0.0882,0.9118,0
14,4626,1.0264,0.9762,0.6154,0.3846,0
11,3046,6.715,8.2,0.125,0.875,0
23,5532,0.9243,1.0,0.0,1.0,0
19,4490,16.1068,2.6667,0.1566,0.8434,0
3,2649,1.2409,0.8511,0.5556,0.4444,0
108,6464,4.6899,1.7391,0.0,1.0,0
12,4456,6.7214,0.7407,0.0488,0.9512,0
18,5567,0.6561,1.7391,0.0,1.0,0
69,4255,1.7168,0.9524,0.0,1.0,0
73,1459,9.0123,1.6,0.0,1.0,0
25,2257,4.8549,0.6897,0.0333,0.9667,0
1,2344,10.9076,0.2229,0.0,1.0,0
90,3978,2.7545,1.56,0.0333,0.9667,0
97,1396,8.8958,0.975,0.0,1.0,0
38,4757,2.1499,1.1143,0.1071,0.8929,0
168,4473,2.858,0.4756,0.0,1.0,0
49,5613,0.3254,5.5714,0.0,1.0,0
18,3749,2.2408,0.6094,0.0435,0.9565,0
17,6061,0.4218,1.8095,0.0,1.0,0
23,3611,4.754,1.3571,0.1277,0.8723,0
114,3663,0.698,0.4578,0.0,1.0,0
101,6282,1.9187,2.4667,0.0303,0.9697,0
82,2526,5.4947,0.7708,0.0,1.0,0
82,2758,3.1784,3.3636,0.0833,0.9167,0
98,2901,1.8886,0.4868,0.0,1.0,0
2,2893,2.6513,0.7551,0.0,1.0,0
95,5892,1.1158,0.5606,0.0,1.0,0
31,2643,2.4875,1.4231,0.0556,0.9444,0
18,1554,3.0555,1.0286,0.0,1.0,0
20,4337,3.9582,1.0588,0.0213,0.9787,0
27,4707,0.388,0.7059,0.0,1.0,0
83,4718,2.0902,0.4286,0.0,1.0,0
1,3478,7.5612,7.2,0.0278,0.9722,0
14,3056,6.3345,0.3977,0.0189,0.9811,0
4,5099,5.3007,0.2465,0.0405,0.9595,0
14,783,0.0,34.0,0.0,0.0,0
130,4989,0.5857,1.0303,0.125,0.875,0
39,3265,12.0818,0.5484,0.1481,0.8519,0
12,4802,2.51,0.5484,0.0303,0.9697,0
439,4302,1.1037,0.2112,0.0769,0.9231,1
21,2831,0.3871,0.4304,0.3333,0.6667,0
33,2662,6.586,0.33,0.0833,0.9167,0
72,1727,5.7103,0.55,0.0,1.0,0
20,5047,8.9015,3.6667,0.0163,0.9837,0
22,632,10.9806,1.32,0.5263,0.4737,0
139,5031,1.6698,0.8205,0.0,1.0,0
48,4488,2.9298,10.6667,0.0,1.0,0
76,5702,0.8968,0.64,0.2857,0.7143,0
18,5133,0.0712,1.1429,1.0,0.0,0
107,3705,3.1547,1.0667,0.0,1.0,0
260,2651,3.72,0.9697,0.0,1.0,1
136,4506,0.5674,6.4,0.1429,0.8571,0
8,5009,1.2396,1.55,0.0,1.0,0
29,3782,1.1589,6.2,0.0833,0.9167,0
321,2401,0.1521,1.4762,0.0,1.0,1
9,4517,0.2426,0.6458,0.0,1.0,0
1,2702,3.1091,0.4189,0.087,0.913,0
72,4910,0.0,1.069,0.0,0.0,0
95,1685,0.2168,0.625,0.0,1.0,0
100,1284,4.8359,30.0,0.2353,0.7647,0
354,3681,5.8543,0.5,0.0,1.0,1
46,4509,2.3491,1.875,0.069,0.931,0
37,4495,4.3066,1.5,0.0189,0.9811,0
34,4024,3.1769,0.6522,0.0,1.0,0
5,2378,8.2942,3.0,0.037,0.963,0
12,5462,0.3344,0.6818,0.2,0.8,0
41,3516,1.2466,1.5789,0.0833,0.9167,0
636,1605,2.9584,1.1154,0.0,1.0,1
9,1792,1.4268,2.9,0.0,1.0,0
42,5086,5.4579,1.16,0.0,1.0,0
656,5037,0.3626,0.2613,0.0,1.0,1
22,3477,0.6303,0.9355,0.8333,0.1667,0
4,5304,0.482,1.2083,1.0,0.0,0
3612,3735,0.489,0.6905,0.0,1.0,1
81,2232,6.0548,14.5,0.1351,0.8649,0
46,3326,2.0865,0.5714,0.7895,0.2105,0
7,3380,8.4288,0.2276,0.0769,0.9231,0
9,4209,0.6074,2.1538,0.1429,0.8571,0
5,4112,2.3095,0.5,0.0769,0.9231,0
946,1345,12.4918,1.0,0.0,1.0,1
114,5500,1.793,4.6667,0.037,0.963,0
6,2212,5.2839,0.56,0.2188,0.7812,0
4,4508,0.2431,0.4375,0.3333,0.6667,0
18,1288,8.791,1.5556,0.0323,0.9677,0
11,1547,12.5134,1.0,0.0755,0.9245,0
5,4832,1.0583,0.359,0.0,1.0,0
1,3146,1.3932,0.4828,0.4167,0.5833,0
15,3452,8.7821,0.5625,0.0482,0.9518,0
73,5209,0.1402,1.08,0.0,1.0,0
7,1365,3.4786,1.125,0.0,1.0,0
11,418,20.0975,1.0,0.2174,0.7826,0
16,4447,3.9424,0.7105,0.0208,0.9792,0
82,4672,6.6452,0.2755,0.1647,0.8353,0
21,2500,4.6752,0.8438,0.0312,0.9688,0
38,799,16.914,27.0,0.2162,0.7838,0
91,4535,4.7519,0.75,0.1017,0.8983,0
41,1430,12.5156,1.7333,0.0204,0.9796,0
189,4652,1.8058,1.1304,0.0,1.0,1
289,5536,0.9897,8.6667,0.0,1.0,1
14,5690,2.6319,2.8889,0.0244,0.9756,0
45,420,26.0893,0.6047,0.3667,0.6333,0
64,4581,0.7176,1.8571,0.0,1.0,0
23,4073,2.78,0.7647,0.0645,0.9355,0
668,789,1.3888,26.0,0.0,1.0,1
111,5487,2.5961,4.3333,0.1026,0.8974,0
100,6152,2.078,1.1304,0.0,1.0,0
33,3822,2.0069,2.0833,0.2381,0.7619,0
80,3907,2.9916,0.2174,0.0,1.0,0
27,1497,10.4915,0.4808,0.0698,0.9302,0
26,560,18.9147,1.3158,0.4138,0.5862,0
112,4645,0.3145,0.5952,0.0,1.0,0
6,4741,4.4684,0.2,0.069,0.931,0
73,3857,11.5532,1.5625,0.0246,0.9754,0
1838,4808,0.3798,1.0,0.0,1.0,1
28,4827,25.6515,0.5556,0.0059,0.9941,0
6,4341,2.6083,0.7576,0.2258,0.7742,0
7,4432,0.2472,2.7778,0.0,1.0,0
38,3626,0.9066,1.087,0.6667,0.3333,0
229,5472,1.0012,1.1364,0.0,1.0,1
3,2045,5.3582,0.8065,0.0,1.0,0
32,2110,5.3662,0.4211,0.0968,0.9032,0
63,2418,4.5316,2.1818,0.1333,0.8667,0
237,4483,3.259,1.1429,0.0,1.0,1
22,3470,4.3156,2.6667,0.122,0.878,0
12,1912,2.8655,0.2963,0.2667,0.7333,0
5,3006,2.0656,0.3871,0.0588,0.9412,0
1218,1442,1.7731,24.0,0.0,1.0,1
28,4583,0.7173,1.2,0.2222,0.7778,0
152,5466,1.2028,0.6486,0.0,1.0,0
10,2403,4.4079,0.7059,0.0,1.0,0
1251,1746,1.2552,24.0,0.1667,0.8333,1
12,1709,1.7098,0.5581,0.5,0.5,0
60,4848,2.0342,2.3,0.1111,0.8889,0
5,4093,4.4619,1.2105,0.0,1.0,0
46,4474,1.5511,11.5,0.0,1.0,0
79,2753,4.9089,1.2105,0.3243,0.6757,0
18,5540,2.4394,1.0,0.0811,0.9189,0
2046,4422,2.3954,0.6053,0.0,1.0,1
14,3940,4.8206,0.7667,0.0385,0.9615,0
5,5393,1.6254,0.92,0.0417,0.9583,0
10,2711,7.6795,1.0455,0.0526,0.9474,0
70,1805,1.8212,0.7667,0.0,1.0,0
19,3646,2.2039,0.575,0.3182,0.6818,0
364,4865,0.7508,1.0,0.0,1.0,1
18,755,13.0619,0.697,0.0741,0.9259,0
110,5366,0.8849,0.7333,0.0769,0.9231,0
51,1865,0.0,1.2222,0.0,0.0,0
11,4588,0.7961,1.8333,0.1,0.9,0
4,2144,5.1108,0.9167,0.0667,0.9333,0
467,1650,1.7709,1.375,0.0,1.0,1
29,622,14.6805,0.6286,0.04,0.96,0
34,5094,1.8643,1.2941,0.0385,0.9615,0
840,3518,0.3115,0.5946,0.3333,0.6667,1
87,2644,2.901,0.88,0.0,1.0,0
33,5683,1.414,1.5714,0.2727,0.7273,0
24,1123,1.301,1.0476,0.0,1.0,0
33,4992,0.439,1.5714,0.0,1.0,0
24,2299,1.1121,0.3385,0.0,1.0,0
14,4711,1.0854,0.88,0.0,1.0,0
0,5773,0.949,1.5714,0.2,0.8,0
140,4481,1.7932,1.2222,0.0,1.0,0
45,4535,4.2686,0.6471,0.0189,0.9811,0
173,4405,1.1608,1.375,0.0714,0.9286,0
20,4416,0.4963,0.88,0.0,1.0,0
27,4873,4.5722,1.5714,0.0,1.0,0
12,3445,1.5903,0.4314,0.4,0.6,0
151,3099,3.3001,1.2941,0.0,1.0,0
19,4714,3.1768,1.375,0.0488,0.9512,0
40,3302,8.2961,1.1579,0.04,0.96,0
243,5544,0.4612,2.2,0.0,1.0,1
4,2345,4.2054,1.2222,0.1111,0.8889,0
14,1943,5.0755,1.0476,0.0,1.0,0
23,336,20.654,1.2941,0.9474,0.0526,0
64,5571,0.7212,2.75,0.1818,0.8182,0
388,2462,1.4835,1.9091,0.1,0.9,1
230,2686,1.4958,5.25,0.0,1.0,1
1203,3639,0.0,1.4,0.0,0.0,1
71,1630,9.4113,0.9545,0.0,1.0,0
211,633,8.0782,1.1667,0.0,1.0,1
4,5802,4.5955,2.3333,0.0274,0.9726,0
15,2177,5.0333,0.6,0.0667,0.9333,0
582,4444,0.9863,0.525,0.0,1.0,1
2564,3566,0.4097,21.0,0.0,1.0,1
35,1945,8.8261,0.84,0.1702,0.8298,0
2099,3887,0.0,0.84,0.0,0.0,1
20,4098,2.4065,1.6154,0.0,1.0,0
4,4964,2.8696,1.05,0.0,1.0,0
26,2604,6.1717,0.875,0.0227,0.9773,0
18,3683,0.9917,0.75,0.0,1.0,0
34,4595,1.8282,1.75,0.1304,0.8696,0
1,1934,6.61,5.25,0.4571,0.5429,0
58,4946,2.5108,1.8182,0.0294,0.9706,0
48,3583,1.8349,0.5714,0.0,1.0,0
67,2234,4.5779,0.625,0.3214,0.6786,0
32,3638,2.008,0.7143,0.05,0.95,0
16,2873,2.1612,1.8182,0.2353,0.7647,0
19,1721,11.6727,1.0526,0.0545,0.9455,0
48,5096,0.6451,1.5385,0.4444,0.5556,0
8,2480,0.0,20.0,0.0,0.0,0
97,1666,0.0,0.2941,0.0,0.0,0
19,2136,5.9849,0.3774,0.1143,0.8857,0
13,5437,1.2764,1.3333,0.1053,0.8947,0
222,3952,0.5545,0.4255,0.0,1.0,1
852,868,0.4208,20.0,0.0,1.0,1
20,4387,0.5828,1.1765,0.0,1.0,0
103,2949,1.1147,20.0,0.0,1.0,0
32,588,11.1811,1.0526,0.3333,0.6667,0
74,4446,1.3966,1.2667,0.1765,0.8235,0
55,3897,8.0604,0.3065,0.0349,0.9651,0
74,4333,5.6478,0.2754,0.0597,0.9403,0
95,4459,2.9489,2.1111,0.0278,0.9722,0
14,1242,0.2941,19.0,1.0,0.0,0
284,3084,0.9475,2.375,0.125,0.875,1
20,1368,12.0148,0.5,0.0,1.0,0
10,4589,1.2735,19.0,0.0625,0.9375,0
12,4372,0.6683,0.3878,0.125,0.875,0
17,2425,9.6396,1.0556,0.0938,0.9062,0
53,5754,0.3174,1.4615,0.0,1.0,0
640,1419,0.5148,19.0,0.0,1.0,1
28,5397,1.9626,0.7308,0.0345,0.9655,0
54,1585,7.6046,4.75,0.0303,0.9697,0
33,3546,0.721,0.475,0.0,1.0,0
99,3767,2.7149,0.6129,0.2143,0.7857,0
61,1914,4.5799,0.5135,0.0833,0.9167,0
54,3184,0.9177,0.8636,0.0,1.0,0
11,1331,10.9767,0.7917,0.05,0.95,0
5,2064,4.601,0.6552,0.2308,0.7692,0
5,3667,2.1913,0.2969,0.1818,0.8182,0
9,2661,1.6471,0.5294,0.1667,0.8333,0
900,4960,7.4376,0.5,0.0,1.0,1
1144,4095,2.8542,0.8571,0.0,1.0,1
133,2517,0.0,0.6207,0.0,0.0,0
65,3604,1.8242,0.5143,0.0,1.0,0
39,2774,3.1601,1.3846,0.125,0.875,0
96,3709,2.3634,1.3846,0.0833,0.9167,0
86,5149,0.8512,0.45,0.0,1.0,0
583,2457,0.7433,1.0,0.0,1.0,1
1024,2193,12.1583,1.0,0.0,1.0,1
25,3152,22.8281,0.1395,0.0,1.0,0
17,2639,16.747,0.1208,0.0661,0.9339,0
12,2273,6.2669,1.2,0.0256,0.9744,0
15,4480,1.386,1.2857,0.0588,0.9412,0
2,2908,2.0096,1.0588,0.25,0.75,0
464,4282,0.853,1.8889,0.0,1.0,1
346,4862,1.8781,1.4167,0.0,1.0,1
5,3733,2.5439,0.2464,0.2308,0.7692,0
3,3304,2.3215,0.2429,0.1429,0.8571,0
541,5077,0.0719,0.5,0.0,1.0,1
210,3269,2.3464,1.3077,0.0,1.0,1
3,3887,2.5371,3.4,0.037,0.963,0
54,2554,6.1495,5.6667,0.1628,0.8372,0
501,3571,2.0456,0.68,0.0,1.0,1
250,4865,1.4265,0.85,0.0526,0.9474,1
20,2713,2.9619,1.0,0.0,1.0,0
3663,3981,0.6422,3.4,0.0,1.0,1
4,3109,2.4671,0.6296,0.5238,0.4762,0
91,2928,2.1206,0.7083,0.3529,0.6471,0
47,3566,1.6388,1.8889,0.25,0.75,0
5,3821,1.625,0.5484,0.0,1.0,0
6,2935,2.3645,0.7727,0.4211,0.5789,0
18,3441,9.3409,1.3077,0.0455,0.9545,0
26,4107,3.5573,1.2143,0.05,0.95,0
17,2201,1.9914,1.1333,1.0,0.0,0
1,3370,3.9018,0.6538,0.0,1.0,0
45,4181,1.5725,0.9444,0.1111,0.8889,0
5,2499,1.7539,0.4474,0.0,1.0,0
5,2279,6.571,0.9444,0.0,1.0,0
10,3729,1.2733,0.2909,0.3846,0.6154,0
2,324,6.7639,0.5517,1.0,0.0,0
6,1734,1.6851,0.5333,0.375,0.625,0
43,2785,1.8361,2.0,0.0714,0.9286,0
101,6332,0.1154,4.0,0.0,1.0,0
105,3492,1.4643,0.8889,0.0,1.0,0
16,5202,0.7723,0.5161,0.0,1.0,0
6,5053,2.9636,1.6,0.122,0.878,0
19,6467,0.9037,2.0,0.0,1.0,0
104,3800,1.3457,0.2162,0.0,1.0,0
3,5523,2.8437,1.3333,0.0,1.0,0
14,2960,0.2468,0.9412,0.5,0.5,0
13,5326,0.4801,0.9412,0.2857,0.7143,0
59,146,20.0137,0.7619,1.0,0.0,0
233,6294,0.6383,5.3333,0.0,1.0,1
409,5482,0.2665,1.3333,0.0,1.0,1
381,2939,1.7399,1.0,0.0,1.0,1
657,1925,0.9487,3.2,0.0,1.0,1
101,3487,23.0442,1.1429,0.1136,0.8864,0
3,5709,1.2796,2.2857,0.05,0.95,0
511,4459,0.0,3.75,0.0,0.0,1
792,3110,3.171,0.8333,0.0,1.0,1
107,3813,4.6937,1.5,0.0204,0.9796,0
28,3756,8.0713,3.75,0.0241,0.9759,0
26,1220,3.892,1.0714,0.9231,0.0769,0
34,2104,5.7287,0.75,0.0303,0.9697,0
107,4374,0.9186,0.75,0.2727,0.7273,0
1537,2864,0.0,7.5,0.0,0.0,1
73,4448,2.7098,0.5556,0.1212,0.8788,0
97,3374,2.1651,1.25,0.0,1.0,0
634,991,1.4743,15.0,0.25,0.75,1
42,4266,1.2843,3.0,0.0667,0.9333,0
4,1814,1.8122,3.75,0.4444,0.5556,0
392,5142,0.3552,1.3636,0.0,1.0,1
67,4918,2.5994,1.0,0.0286,0.9714,0
14,2121,0.0,15.0,0.0,0.0,0
18,4454,0.82,1.875,0.0,1.0,0
6,1332,10.6943,1.875,0.0256,0.9744,0
60,4256,3.1753,0.8824,0.0,1.0,0
5,2826,1.6802,0.8333,0.0,1.0,0
719,4469,1.7163,1.3636,0.0,1.0,1
303,5401,0.8791,0.875,0.0,1.0,1
1,5226,2.3763,1.0769,0.0588,0.9412,0
1860,3287,0.2222,1.0,0.0,1.0,1
19,2824,3.3628,0.6667,0.0,1.0,0
40,420,13.0446,0.5185,0.4,0.6,0
3761,4809,0.2279,3.5,0.0,1.0,1
53,4011,0.1821,1.5556,0.0,1.0,0
246,4933,0.0,3.5,0.0,0.0,1
73,4171,0.9633,4.6667,0.0909,0.9091,0
26,4188,7.2387,0.6087,0.0723,0.9277,0
3,2866,0.6372,2.0,0.2,0.8,0
3227,4663,0.3916,2.8,0.0,1.0,1
86,3812,1.2456,2.0,0.0,1.0,0
270,3823,0.0955,1.75,0.0,1.0,1
12,3717,1.3757,0.6667,0.0,1.0,0
60,6042,1.2695,1.75,0.5714,0.4286,0
182,3839,0.2854,1.2727,0.0,1.0,1
30,2245,8.4601,1.2727,0.0,1.0,0
18,4238,4.1369,1.0769,0.0417,0.9583,0
2,199,11.0126,0.7,1.0,0.0,0
3264,3961,0.1844,4.6667,0.0,1.0,1
4,1855,4.1349,0.359,0.0476,0.9524,0
93,1222,7.4724,0.875,0.12,0.88,0
34,3740,0.586,0.6364,0.0,1.0,0
33,1611,1.5871,1.5556,0.5714,0.4286,0
97,4030,0.0,0.875,0.0,0.0,0
115,2209,1.9842,0.4375,0.0,1.0,0
4,1427,3.8393,0.6667,0.0667,0.9333,0
794,2324,0.1572,2.0,0.0,1.0,1
242,4911,1.1156,2.3333,0.0,1.0,1
89,3846,0.095,0.4667,0.0,1.0,0
46,1916,0.1906,0.4516,0.0,1.0,0
47,5747,0.8262,0.8235,0.0,1.0,0
29,4132,4.3314,0.3333,0.0408,0.9592,0
13,993,12.506,1.0769,0.0,1.0,0
14,744,15.2188,1.0,0.129,0.871,0
15,1470,20.126,1.75,0.5062,0.4938,0
1462,2388,0.0,4.3333,0.0,0.0,1
25,1727,10.3632,1.0,0.0204,0.9796,0
40,2061,1.2405,0.7647,0.1429,0.8571,0
1,5227,2.2361,0.9286,0.0312,0.9688,0
12,2585,1.2717,0.8125,0.0,1.0,0
24,5913,1.8531,13.0,0.0667,0.9333,0
6,4030,3.9878,1.1818,0.1818,0.8182,0
767,1634,0.2235,0.3611,0.0,1.0,1
29,4497,0.3249,2.1667,0.25,0.75,0
563,660,2.2136,13.0,1.0,0.0,1
27,1183,2.7787,0.5652,1.0,0.0,0
1487,2534,0.0,0.8667,0.0,0.0,1
890,3008,0.7286,3.25,0.0,1.0,1
55,3985,2.2914,0.619,0.04,0.96,0
21,2704,21.7475,0.2955,0.0186,0.9814,0
18,3090,12.175,0.9286,0.2913,0.7087,0
3735,3781,0.0966,0.325,0.0,1.0,1
18,5090,0.6458,0.8125,0.0,1.0,0
23,2404,3.1906,1.1818,0.1429,0.8571,0
1683,2631,0.0,1.3,0.0,0.0,1
7,3022,5.6806,1.0,0.0,1.0,0
2,4535,0.4832,4.3333,0.1667,0.8333,0
23,3964,0.5529,6.5,0.0,1.0,0
5,4342,2.103,4.3333,0.04,0.96,0
26,4280,2.7308,2.1667,0.0625,0.9375,0
96,5642,1.5537,2.1667,0.0,1.0,0
1063,1345,7.0606,1.1818,0.0,1.0,1
94,2536,4.8969,0.4062,0.0,1.0,0
26,2588,6.6332,1.0,0.0213,0.9787,0
247,2289,11.6484,0.9286,0.0,1.0,1
120,4338,0.1684,2.1667,0.0,1.0,0
14,2911,16.8133,0.325,0.0597,0.9403,0
31,3011,0.2426,0.7647,0.5,0.5,0
17,2404,0.3039,0.9286,0.0,1.0,0
7,2558,3.7125,1.0,0.0385,0.9615,0
94,4090,1.7861,1.0833,0.0,1.0,0
2,3127,0.4672,0.2549,0.0,1.0,0
293,2868,0.7641,1.3,0.0,1.0,1
109,4703,1.1649,1.4444,0.1333,0.8667,0
4,5508,0.4642,0.7222,0.0,1.0,0
75,5058,12.1317,0.1781,0.2143,0.7857,0
1271,1547,0.0,12.0,0.0,0.0,1
146,770,11.3844,1.0909,0.0,1.0,0
58,2459,1.0398,1.5,0.1429,0.8571,0
124,1643,0.2223,2.0,0.0,1.0,0
4,2028,3.9623,1.0,0.0455,0.9545,0
24,1369,9.0712,0.24,0.0294,0.9706,0
520,1850,3.7512,0.4138,0.0,1.0,1
14,1153,0.3168,12.0,1.0,0.0,0
6,3805,0.192,1.2,0.5,0.5,0
493,1861,1.9627,12.0,0.2,0.8,1
77,5106,0.9299,0.7059,0.0,1.0,0
9,2758,1.3243,1.2,0.0,1.0,0
18,3260,1.4565,3.0,0.1538,0.8462,0
104,3593,0.8132,2.0,0.375,0.625,0
3207,4153,1.9349,12.0,0.0,1.0,1
17,4129,2.123,12.0,0.0,1.0,0
14,2574,2.2704,0.5,0.0,1.0,0
25,1663,5.4908,0.7059,0.08,0.92,0
51,1142,5.4372,6.0,0.8235,0.1765,0
21,3704,1.3805,1.0909,0.0,1.0,0
231,5523,0.2645,1.0909,0.0,1.0,1
299,2289,1.4361,0.8,0.0,1.0,1
2124,4593,1.3519,4.0,0.0,1.0,1
133,3879,2.7307,6.0,0.0345,0.9655,0
18,4346,2.8575,0.8,0.0,1.0,0
48,2115,3.972,0.6,0.0435,0.9565,0
106,3583,0.0,0.2927,0.0,0.0,0
83,3562,0.9229,6.0,0.0,1.0,0
108,422,13.8483,1.3333,0.75,0.25,0
11,3688,2.8721,0.4138,0.1379,0.8621,0
194,4156,0.3515,1.5,0.0,1.0,1
5,4525,23.8926,416.0833,0.0338,0.9662,0
130,5441,19.5346,104.9783,0.0,1.0,0
10,4823,6.3614,3870.0,0.0238,0.9762,0
20,2774,33.1806,49.4808,0.1825,0.8175,0
502,2469,1.4793,2516.0,0.0,1.0,1
49,2369,14.0303,0.4916,0.2637,0.7363,0
23,764,0.9562,0.592,0.5,0.5,0
3,3250,1.9105,381.5,0.0588,0.9412,0
1643,1645,11.1018,1496.0,0.0,1.0,1
525,739,1054.7273,1415.0,0.1026,0.8974,1
59,2231,2.6195,688.0,0.0,1.0,0
66,5139,0.2843,7.5774,0.25,0.75,0
2558,3547,2.3684,1236.0,0.0,1.0,1
8,1776,0.0,0.4835,0.0,0.0,0
689,4842,6.4119,1088.0,0.1882,0.8118,1
1314,2421,4.2243,1082.0,0.0,1.0,1
19,3978,12.2117,261.25,0.0075,0.9925,0
29,5473,7.2076,71.1429,0.0093,0.9907,0
32,974,2.625,29.0,0.0,1.0,0
10,6396,8.623,3.6617,0.0397,0.9603,0
19,2711,12.934,106.8889,0.2708,0.7292,0
105,5897,10.2818,4.7253,0.0783,0.9217,0
34,5319,6.0429,286.3333,0.0341,0.9659,0
2,2783,5.9059,846.0,0.0667,0.9333,0
857,4743,5.5446,1.129,0.0,1.0,1
24,5639,6.0886,38.8571,0.0213,0.9787,0
30,2262,7.1048,5.7299,0.2045,0.7955,0
6,4520,33.0503,774.0,0.2029,0.7971,0
14,3681,2.6791,0.4512,0.1111,0.8889,0
19,5731,8.094,751.0,0.0315,0.9685,0
0,2788,9.4326,0.6547,0.125,0.875,0
83,4915,2.7496,39.0,0.1351,0.8649,0
1208,4527,1.1296,38.0556,0.0,1.0,1
22,5392,3.387,673.0,0.22,0.78,0
1,5980,5.3138,0.6204,0.0345,0.9655,0
4,2013,16.8744,5.2283,0.0968,0.9032,0
10,2979,3.6782,0.614,0.0333,0.9667,0
76,5956,6.8684,33.1579,0.0,1.0,0
6,2696,14.9026,125.2,0.0091,0.9909,0
1,1245,7.6277,121.8,0.2308,0.7692,0
136,3822,10.8944,606.0,0.1053,0.8947,0
29,1769,6.6071,50.4167,0.3438,0.6562,0
7,3442,15.1745,12.3469,0.0,1.0,0
69,4901,2.1612,12.9783,0.3448,0.6552,0
11,4155,5.2744,4.4211,0.0167,0.9833,0
14,4291,5.7882,0.743,0.1324,0.8676,0
65,5957,24.5258,0.559,0.0725,0.9275,0
46,1397,13.0727,571.0,0.02,0.98,0
10,2127,5.1516,0.5182,0.0333,0.9667,0
35,1749,5.2208,0.6167,0.04,0.96,0
1355,4789,0.3051,47.1667,0.0,1.0,1
10,3218,2.3835,28.05,0.2857,0.7143,0
17,1871,2.9282,45.9167,0.0,1.0,0
12,4905,10.1272,136.5,0.0074,0.9926,0
895,5198,5.7619,545.0,0.1098,0.8902,1
4,5210,4.627,16.9355,0.2121,0.7879,0
24,950,10.3808,0.6359,0.1481,0.8519,0
11,4591,13.127,19.1481,0.0,1.0,0
17,5628,2.9853,0.9188,0.8696,0.1304,0
12,5120,9.8446,25.0,0.0072,0.9928,0
147,3941,5.4681,0.4097,0.0678,0.9322,0
30,1593,13.7571,1.0374,0.3,0.7,0
12,4658,3.9207,17.1379,0.02,0.98,0
68,3847,2.9433,485.0,0.0645,0.9355,0
65,642,11.3785,238.5,0.8,0.2,0
0,2352,11.9576,5.1183,0.0779,0.9221,0
1757,3560,0.3078,475.0,0.0,1.0,1
11,1487,10.562,0.452,0.0465,0.9535,0
62,2302,20.1506,467.0,0.0079,0.9921,0
98,4168,7.3611,3.3478,0.1786,0.8214,0
71,475,13.8411,0.6519,0.4444,0.5556,0
7,6022,15.6484,30.2667,0.093,0.907,0
85,2816,6.7447,41.0,0.0577,0.9423,0
42,6402,3.8796,110.75,0.0441,0.9559,0
2,2450,14.4609,0.6662,0.1443,0.8557,0
352,2377,3.8415,0.6733,0.04,0.96,1
3,4382,9.4188,28.4,0.0442,0.9558,0
29,2255,3.0775,0.7023,0.0,1.0,0
18,3467,6.321,45.4444,0.0667,0.9333,0
10,3666,3.1882,0.4405,0.0312,0.9688,0
0,6380,5.7822,5.0506,0.1584,0.8416,0
52,4995,3.7293,4.3111,0.0,1.0,0
9,6459,7.9169,20.3684,0.0071,0.9929,0
51,3413,5.993,0.8362,0.1786,0.8214,0
77,3347,12.4405,127.3333,0.0351,0.9649,0
3,5003,5.4025,0.9669,0.1081,0.8919,0
67,2992,29.5423,4.3103,0.0413,0.9587,0
13,3066,55.7524,1.8107,0.0064,0.9936,0
5,6646,3.957,11.0303,0.0417,0.9583,0
452,4932,1.9255,2.5245,0.0,1.0,1
20,5320,5.6984,2.8203,0.0,1.0,0
17,6031,5.0872,3.0252,0.0,1.0,0
144,3254,12.9083,350.0,0.1565,0.8435,0
350,5607,3.3874,349.0,0.2885,0.7115,1
28,2423,17.6369,11.6552,0.1453,0.8547,0
65,3763,0.9706,5.678,0.1,0.9,0
91,2125,28.3606,1.3162,0.0424,0.9576,0
211,5648,1.8107,30.2727,0.0714,0.9286,1
60,2814,4.6727,3.6374,0.0,1.0,0
9,4408,1.7401,0.6846,0.3333,0.6667,0
4,1693,11.2185,1.316,0.1731,0.8269,0
9,5004,8.613,12.5769,0.1102,0.8898,0
11,5935,16.924,12.5385,0.0291,0.9709,0
10,1219,2.9963,0.5824,0.9,0.1,0
9,6646,10.1122,1.4771,0.0054,0.9946,0
10,4259,4.0307,1.3305,0.1277,0.8723,0
30,1764,6.0047,4.5652,0.1034,0.8966,0
610,1820,2.6089,12.44,0.0,1.0,1
2,5020,25.6839,1.2531,0.1048,0.8952,0
108,5949,0.614,61.2,0.0,1.0,0
37,1852,10.8471,0.9242,0.0545,0.9455,0
26,6199,5.8921,148.0,0.0,1.0,0
3,3714,8.0642,4.0278,0.0488,0.9512,0
48,2724,13.9449,22.3077,0.0288,0.9712,0
12,1153,3.1678,0.7748,0.7,0.3,0
202,2054,6.2238,2.1729,0.0,1.0,1
81,780,5.151,0.7404,0.1818,0.8182,0
69,3051,1.4366,0.136,0.0,1.0,0
88,2208,7.444,14.35,0.4444,0.5556,0
23,4769,7.3525,0.5686,0.0,1.0,0
305,5392,4.5385,142.5,0.0149,0.9851,1
7,6676,9.3009,12.9091,0.0176,0.9824,0
23,5526,0.9914,40.5714,0.1333,0.8667,0
2,1142,13.7528,0.9156,0.2326,0.7674,0
146,4597,3.3371,56.2,0.0238,0.9762,0
5,4996,3.2899,279.0,0.1111,0.8889,0
24,2565,9.683,18.5333,0.0147,0.9853,0
17,6331,2.3654,27.7,0.122,0.878,0
26,6002,18.4998,11.0,0.0526,0.9474,0
25,5045,6.3711,2.3333,0.0568,0.9432,0
5,6532,2.9077,38.8571,0.0192,0.9808,0
59,1457,4.011,30.2222,0.25,0.75,0
90,6337,7.0318,136.0,0.0,1.0,0
18,5815,15.8914,1.0675,0.0198,0.9802,0
175,3797,3.3668,16.75,0.0,1.0,0
0,194,1.8827,0.9082,1.0,0.0,0
78,2504,31.7989,0.5019,0.0275,0.9725,0
46,4724,8.1184,132.5,0.0286,0.9714,0
145,2029,3.6003,1.5,0.05,0.95,0
59,1619,15.1153,0.8976,0.0597,0.9403,0
1,5708,10.6862,18.7143,0.0479,0.9521,0
57,3271,3.0149,64.5,0.037,0.963,0
1,4654,2.9823,17.1333,0.1579,0.8421,0
103,4404,31.2669,0.3617,0.0451,0.9549,0
27,4089,2.5904,7.2571,0.3103,0.6897,0
5,5749,4.765,0.4352,0.1333,0.8667,0
275,1778,2.4651,1.1461,0.0833,0.9167,1
4,4964,12.5086,0.3109,0.0118,0.9882,0
162,4109,10.5779,250.0,0.2773,0.7227,0
56,1930,7.5699,0.8646,0.125,0.875,0
2,1981,1.475,0.4422,0.0,1.0,0
152,5725,6.6351,0.738,0.1058,0.8942,0
82,2742,4.529,9.037,0.0,1.0,0
17,1960,9.504,0.8873,0.0392,0.9608,0
55,5415,3.8447,0.2905,0.0351,0.9649,0
33,5703,5.5079,3.1169,0.0349,0.9651,0
4,4988,0.7323,1.4182,0.1,0.9,0
55,2839,10.6783,8.069,0.0843,0.9157,0
5,4175,5.774,5.825,0.3182,0.6818,0
17,5993,5.668,115.5,0.086,0.914,0
29,4113,8.7916,7.9655,0.0303,0.9697,0
4,1748,10.0297,2.9231,0.25,0.75,0
7,1764,7.04,6.1081,0.2647,0.7353,0
39,5781,6.3181,1.6917,0.03,0.97,0
4,2930,9.4741,4.3922,0.1053,0.8947,0
12,5564,4.1356,20.1818,0.0,1.0,0
0,6006,3.5272,24.3333,0.0,1.0,0
148,4696,2.2556,16.6923,0.4483,0.5517,0
82,2443,4.6348,0.2294,0.0645,0.9355,0
27,1432,12.7531,0.7855,0.16,0.84,0
14,5915,4.0755,13.375,0.0606,0.9394,0
9,3468,1.5798,53.5,0.1333,0.8667,0
13,4783,4.1237,5.8889,0.0741,0.9259,0
5,6496,4.6668,211.0,0.1205,0.8795,0
55,1911,16.4372,12.2941,0.0698,0.9302,0
423,3399,0.1075,209.0,1.0,0.0,1
1,3668,17.0277,0.3706,0.0585,0.9415,0
486,3281,0.0,1.1183,0.0,0.0,1
5,2155,20.6777,2.4471,0.082,0.918,0
0,2167,27.6424,3.9423,0.0976,0.9024,0
10,753,1.9402,0.8987,0.75,0.25,0
36,6326,0.6351,4.8571,0.0909,0.9091,0
5,2826,1.6802,203.0,0.6923,0.3077,0
25,2852,10.7577,8.375,0.2143,0.7857,0
202,5402,2.096,3.2951,0.0,1.0,1
14,2107,16.295,4.2553,0.0638,0.9362,0
1,5569,11.0841,9.9,0.0296,0.9704,0
3227,3795,0.1925,198.0,0.0,1.0,1
3,5946,2.0885,4.925,1.0,0.0,0
15,3751,11.8796,0.9206,0.1475,0.8525,0
1,5157,0.7083,17.8182,0.4,0.6,0
787,4254,0.8586,9.3333,0.0,1.0,1
9,4934,4.5897,13.0,0.0161,0.9839,0
1,4140,15.6158,0.4176,0.0621,0.9379,0
6,1662,10.5487,194.0,0.1667,0.8333,0
0,6261,4.842,8.7727,0.0241,0.9759,0
407,2135,2.224,0.6455,0.0,1.0,1
16,665,11.5342,0.3752,0.1905,0.8095,0
157,6424,11.2008,1.3768,0.0,1.0,0
62,3605,2.9382,4.6098,0.1379,0.8621,0
15,3485,9.5374,0.7402,0.044,0.956,0
14,2251,42.9992,0.9894,0.0075,0.9925,0
92,2273,1.1248,0.3358,1.0,0.0,0
20,2969,1.4763,16.5455,0.0833,0.9167,0
9,3823,1.0509,30.1667,0.3636,0.6364,0
222,1441,10.8992,30.1667,0.0698,0.9302,1
42,4496,8.0426,181.0,0.2222,0.7778,0
1,1832,9.1711,1.0647,1.0,0.0,0
153,1785,3.0693,60.0,0.5333,0.4667,0
27,6390,6.459,59.0,0.0088,0.9912,0
132,5734,1.4651,0.2859,0.2174,0.7826,0
17,2179,6.0344,1.0114,0.1389,0.8611,0
355,4413,6.373,176.0,0.3896,0.6104,1
13,2229,3.4411,12.5,0.0,1.0,0
44,2778,5.2592,1.5625,0.025,0.975,0
223,5246,4.2471,3.3654,0.0164,0.9836,1
3,4800,3.6525,4.7027,0.0625,0.9375,0
12,1869,5.8628,0.7457,0.0,1.0,0
42,5390,3.1849,86.5,0.1702,0.8298,0
6,5659,2.3236,28.6667,0.0,1.0,0
1658,1669,7.2218,171.0,0.0,1.0,1
3,4644,1.0224,10.0,0.0,1.0,0
320,566,2.5813,1.0559,0.25,0.75,1
27,6115,7.1676,28.1667,0.0417,0.9583,0
155,4105,0.7118,42.25,0.125,0.875,0
92,5194,3.4458,7.3478,0.0816,0.9184,0
22,4975,2.7898,28.0,0.0,1.0,0
25,2586,18.7851,0.4541,0.0376,0.9624,0
7,1890,14.494,0.7557,0.0,1.0,0
9,3840,4.09,167.0,0.093,0.907,0
7,4023,5.0843,4.5135,0.0357,0.9643,0
5,1567,17.0155,0.6627,0.0137,0.9863,0
3,1199,21.9333,2.9464,0.2639,0.7361,0
13,721,10.1318,2.619,0.55,0.45,0
5,6229,5.8051,164.0,0.0909,0.9091,0
0,2183,2.0078,1.0933,0.0833,0.9167,0
6,5580,1.9637,9.6471,0.0333,0.9667,0
63,2432,5.5568,2.2639,0.027,0.973,0
3,3182,3.5584,1.2214,0.2581,0.7419,0
106,2034,5.028,0.8791,0.0357,0.9643,0
214,4845,0.9046,32.0,0.0,1.0,1
172,1369,28.2809,0.186,0.1038,0.8962,0
23,1721,5.9425,0.6867,0.1429,0.8571,0
69,3231,2.487,159.0,0.0455,0.9545,0
16,1895,25.4422,0.7067,0.053,0.947,0
3,4176,0.1749,52.6667,0.5,0.5,0
7,6117,11.5839,6.5833,0.0206,0.9794,0
4,1822,9.8229,1.2742,0.0816,0.9184,0
6,1843,4.5582,0.0893,0.0,1.0,0
831,3159,1.1562,158.0,0.0,1.0,1
348,1833,9.9632,1.0064,0.0,1.0,1
3,3579,1.939,22.2857,0.2105,0.7895,0
76,445,15.5949,0.6118,0.0526,0.9474,0
2,4452,7.2197,1.3805,0.0795,0.9205,0
1398,3162,3.0033,51.6667,0.0,1.0,1
175,1789,5.7166,1.0132,0.0,1.0,0
6,5582,1.2432,6.12,0.2632,0.7368,0
200,3463,4.5353,12.5,0.0698,0.9302,1
37,1905,8.628,16.6667,0.0222,0.9778,0
10,4877,13.93,10.0,0.0054,0.9946,0
22,4149,9.5076,4.2571,0.1204,0.8796,0
8,2253,15.0769,1.0347,0.2151,0.7849,0
38,2977,2.8219,0.8315,0.0,1.0,0
31,4069,9.2457,0.6266,0.0291,0.9709,0
143,4878,0.8985,1.9467,0.3333,0.6667,0
38,4821,5.9095,0.5594,0.0256,0.9744,0
3,3337,2.2985,0.4492,0.0952,0.9048,0
7,6170,8.4653,3.1522,0.035,0.965,0
24,4773,7.0402,145.0,0.087,0.913,0
24,6026,5.0308,1.7901,0.012,0.988,0
43,6135,0.893,18.0,0.0667,0.9333,0
62,2050,3.0289,0.7619,0.0,1.0,0
142,3484,1.9919,6.7619,0.0526,0.9474,0
80,1644,20.662,9.4667,0.0,1.0,0
556,1850,20.1381,0.8875,0.0,1.0,1
76,3119,10.071,35.5,0.2093,0.7907,0
84,1944,2.4425,1.2261,0.2308,0.7692,0
26,3172,9.6724,46.6667,0.0119,0.9881,0
3,2204,3.3144,0.5185,0.35,0.65,0
19,2446,4.9277,1.0072,0.1818,0.8182,0
14,5959,3.4937,27.8,0.193,0.807,0
7,4406,2.0725,69.5,0.04,0.96,0
31,5140,1.9186,6.5714,0.037,0.963,0
43,4570,4.8753,4.5667,0.1639,0.8361,0
671,2087,23.6266,0.1343,0.0,1.0,1
23,5211,2.8738,3.7027,0.0732,0.9268,0
26,5504,0.3318,12.4545,0.2,0.8,0
23,6198,10.4896,136.0,0.0112,0.9888,0
6,5660,1.2906,4.5,0.0,1.0,0
95,3918,7.5511,0.7105,0.0741,0.9259,0
28,5560,5.2554,3.0,0.125,0.875,0
6,5815,4.2084,0.4804,0.1493,0.8507,0
11,4607,3.7262,4.3548,0.0638,0.9362,0
198,2300,15.8804,135.0,0.73,0.27,1
5,5962,0.7352,0.3025,0.1667,0.8333,0
76,3714,1.3768,26.8,0.1429,0.8571,0
289,821,7.563,0.6768,0.0,1.0,1
254,1747,7.3175,4.2903,0.0286,0.9714,1
10,1351,30.0094,0.1696,0.2072,0.7928,0
135,436,0.8377,1.2667,0.0,1.0,0
44,5544,3.887,7.8235,0.0,1.0,0
21,5357,4.3636,1.4667,0.0,1.0,0
53,4396,6.2315,4.8889,0.0533,0.9467,0
14,2221,2.4668,1.913,1.0,0.0,0
64,653,10.0681,1.2243,0.2222,0.7778,0
30,5826,5.8305,1.5663,0.043,0.957,0
13,1877,8.1729,2.3636,0.0952,0.9048,0
1596,1596,5.0348,129.0,0.5909,0.4091,1
3,4837,2.4919,3.5833,0.1212,0.8788,0
18,2649,3.7228,8.6,0.037,0.963,0
42,4677,1.64,1.0672,0.0476,0.9524,0
31,6082,1.9818,63.5,0.0,1.0,0
98,6317,2.3706,25.4,0.0732,0.9268,0
17,5323,3.7053,4.3448,0.0185,0.9815,0
18,1170,6.5558,1.05,0.0952,0.9048,0
16,4511,1.4574,1.0504,0.0556,0.9444,0
127,4872,3.3736,3.6765,0.1333,0.8667,0
10,3867,5.006,2.2321,0.0377,0.9623,0
7,2680,9.8127,0.6944,0.0972,0.9028,0
22,2540,12.0791,0.6596,0.131,0.869,0
69,5495,7.9763,0.7848,0.0417,0.9583,0
370,1372,1.8635,0.1258,0.0,1.0,1
94,1176,43.4821,123.0,0.2214,0.7786,0
3,4711,9.0712,0.1395,0.0,1.0,0
24,3670,3.2843,20.5,0.3939,0.6061,0
293,5502,0.4647,15.375,0.0,1.0,1
36,6638,2.5311,8.2,0.0652,0.9348,0
1,1069,5.1251,0.4786,0.2667,0.7333,0
208,2264,1.452,0.8905,0.0,1.0,1
31,5765,8.4264,2.8372,0.0301,0.9699,0
194,2646,0.138,9.3846,0.0,1.0,1
26,3471,4.1039,9.3846,0.0769,0.9231,0
40,5400,2.8408,6.05,0.0,1.0,0
105,6172,4.3792,3.025,0.027,0.973,0
43,5354,13.7122,0.3428,0.0299,0.9701,0
30,3420,4.5923,1.4815,0.2558,0.7442,0
128,1083,8.0942,119.0,0.2083,0.7917,0
16,4654,3.6886,119.0,0.0851,0.9149,0
22,6109,0.2989,7.375,0.2,0.8,0
22,5794,6.9974,3.8065,0.027,0.973,0
101,5275,31.7819,3.9,0.0283,0.9717,0
8,4018,14.7264,117.0,0.0432,0.9568,0
40,5113,13.0013,4.68,0.022,0.978,0
38,4876,2.3221,117.0,0.0323,0.9677,0
2,5820,3.3889,13.0,0.0,1.0,0
429,3331,0.5483,58.0,0.0,1.0,1
40,4887,4.0359,116.0,0.037,0.963,0
97,1335,3.5567,2.6364,0.0769,0.9231,0
87,4071,2.871,0.4603,0.0,1.0,0
72,5222,9.5824,0.2007,0.0219,0.9781,0
4,4500,3.409,0.5859,0.2857,0.7143,0
14,2339,11.5556,14.5,0.0135,0.9865,0
61,4904,13.7043,5.2273,0.0543,0.9457,0
3,5130,4.1295,0.2396,0.0862,0.9138,0
10,3452,2.0104,0.7325,0.1579,0.8421,0
7,6671,4.1064,2.1111,0.0667,0.9333,0
35,4864,5.5568,3.5625,0.0405,0.9595,0
87,4853,3.6879,19.0,0.0,1.0,0
3,5691,5.7762,4.1852,0.0222,0.9778,0
10,6176,4.7904,3.5312,0.0,1.0,0
1707,2077,3.8688,0.9262,0.0,1.0,1
27,5717,1.725,1.9483,0.0,1.0,0
96,4816,4.1713,0.2393,0.0,1.0,0
13,1637,29.8983,4.44,0.0075,0.9925,0
77,4246,0.6882,15.8571,0.125,0.875,0
4,1393,12.5858,5.8421,0.1875,0.8125,0
82,3715,17.8938,37.0,0.0549,0.9451,0
11,1458,0.7515,1.0777,0.0,1.0,0
59,5292,0.6902,11.1,0.1,0.9,0
5,2722,5.7699,1.7344,0.0465,0.9535,0
81,1546,0.4725,0.8284,0.5,0.5,0
20,1508,22.0409,1.4103,0.022,0.978,0
45,3724,1.3731,0.5046,0.9286,0.0714,0
25,1828,6.9933,4.36,0.4571,0.5429,0
15,3432,4.0441,10.9,0.4211,0.5789,0
94,2957,4.3232,2.0769,0.1143,0.8857,0
8,2490,15.4021,0.5654,0.2571,0.7429,0
6,3589,2.7478,0.7941,0.1111,0.8889,0
25,5704,4.8666,2.0377,0.0,1.0,0
426,4886,136.8006,0.1115,0.0022,0.9978,1
188,2811,5.7172,1.8947,0.0,1.0,1
237,4404,10.7817,54.0,0.0077,0.9923,1
12,4094,8.0294,3.4839,0.0222,0.9778,0
467,3322,3.5184,0.6772,0.0,1.0,1
1,3804,6.0491,1.597,0.0635,0.9365,0
2,5078,3.956,107.0,0.0364,0.9636,0
1278,1983,2.7629,107.0,0.0,1.0,1
75,4660,0.9406,17.6667,0.0,1.0,0
37,4424,9.9073,0.1949,0.225,0.775,0
203,3089,9.6959,1.1667,0.061,0.939,1
20,4461,7.942,2.6923,0.0928,0.9072,0
29,2735,3.3387,1.1053,0.16,0.84,0
329,4499,6.4136,2.625,0.0127,0.9873,1
98,2319,59.0637,0.5622,0.0053,0.9947,0
52,2902,9.6913,5.4737,0.039,0.961,0
38,2979,3.3104,1.0196,0.1481,0.8519,0
101,4112,2.3095,1.253,0.0769,0.9231,0
9,266,4.1194,1.0196,0.6667,0.3333,0
43,5759,2.9809,20.8,0.0,1.0,0
698,850,6.0159,103.0,0.4286,0.5714,1
38,2810,7.9289,3.3226,0.0656,0.9344,0
57,1862,10.2003,0.945,0.0577,0.9423,0
12,4333,6.0692,103.0,0.0139,0.9861,0
3,4976,3.0095,25.75,0.0732,0.9268,0
5,6027,2.7877,1.1705,0.1087,0.8913,0
7,5423,2.6941,4.2917,0.025,0.975,0
300,1665,1.9743,3.9615,0.0,1.0,1
101,5093,0.0717,10.2,1.0,0.0,0
29,2099,5.2203,102.0,0.3333,0.6667,0
4,4134,1.5903,20.4,0.0556,0.9444,0
76,449,2.4404,1.9245,0.0,1.0,0
52,3783,1.6414,0.7727,0.0588,0.9412,0
5,4959,15.0991,6.3125,0.0732,0.9268,0
146,4449,2.545,33.6667,0.0,1.0,0
67,2891,3.5375,2.8857,0.0,1.0,0
133,5268,4.6454,0.8938,0.0448,0.9552,0
3,4413,15.4774,0.558,0.016,0.984,0
14,5884,2.483,25.25,0.0,1.0,0
314,2786,1.7043,7.2143,0.2308,0.7692,1
243,793,1.8424,1.1744,0.0,1.0,1
14,5395,5.6192,2.2222,0.0,1.0,0
4,1539,6.6452,0.7634,0.25,0.75,0
52,3144,4.9955,0.1221,0.0,1.0,0
23,4819,22.6623,0.5593,0.1839,0.8161,0
45,4724,16.546,0.3194,0.0187,0.9813,0
52,664,37.4051,0.9074,0.4118,0.5882,0
401,2073,6.6954,0.1738,0.0,1.0,1
15,2103,8.5103,1.5556,0.0204,0.9796,0
7,1890,2.1258,0.6667,0.6364,0.3636,0
790,1721,8.4893,97.0,0.2,0.8,1
6,4580,3.6684,4.2174,0.087,0.913,0
63,1239,6.7803,0.651,0.087,0.913,0
41,3705,1.5773,12.125,0.0,1.0,0
7,4813,2.049,13.8571,0.037,0.963,0
9,3602,1.8252,5.6471,0.0556,0.9444,0
19,4982,5.4252,3.5556,0.0676,0.9324,0
13,5747,5.6564,0.0995,0.0337,0.9663,0
12,5969,8.6891,1.2973,0.0986,0.9014,0
4,2224,12.9743,2.1333,0.1013,0.8987,0
34,4962,8.097,0.4528,0.0,1.0,0
133,3626,11.1811,0.5486,0.0631,0.9369,0
334,2538,52.0963,95.0,0.0,1.0,1
256,862,2.5423,0.8261,0.0,1.0,1
2,2887,12.1455,1.4394,0.0833,0.9167,0
113,5957,7.6643,2.7143,0.016,0.984,0
80,1615,7.6895,1.338,0.0,1.0,0
44,4311,18.9784,0.6169,0.0491,0.9509,0
10,4068,3.3221,1.5079,0.0,1.0,0
2,1735,11.1575,0.5697,0.0943,0.9057,0
28,1420,5.1444,0.4974,0.15,0.85,0
96,5011,3.7174,0.8785,0.0,1.0,0
803,5416,4.8556,0.6309,0.0,1.0,1
224,1865,16.0592,2.0,0.0,1.0,1
2,1978,3.8778,1.0333,0.0476,0.9524,0
16,5067,2.3067,1.7222,0.0938,0.9062,0
231,1875,0.5844,93.0,0.0,1.0,1
129,3415,6.5242,1.2105,0.0,1.0,0
75,4724,8.1184,1.3143,0.0381,0.9619,0
105,5520,2.7129,0.902,0.0244,0.9756,0
21,5355,0.9549,23.0,0.0714,0.9286,0
6,4071,40.374,1.011,0.0578,0.9422,0
14,4875,7.2675,13.1429,0.0515,0.9485,0
38,2121,11.1934,1.3143,0.0462,0.9538,0
7,1847,0.1978,18.4,1.0,0.0,0
0,2014,6.1661,0.7077,0.2353,0.7647,0
5,6032,3.1487,0.9381,0.0,1.0,0
239,2111,5.7097,1.1375,0.2727,0.7273,1
377,2685,2.8567,1.5424,0.0,1.0,1
15,3032,6.8665,1.1375,0.1404,0.8596,0
3,1374,6.1141,4.3333,0.0435,0.9565,0
7,1528,8.1273,0.302,0.0,1.0,0
20,3167,13.8396,0.7563,0.1167,0.8833,0
83,3225,5.4363,30.0,0.0208,0.9792,0
50,2663,7.5437,0.2695,0.1273,0.8727,0
56,1552,0.0,0.6923,0.0,0.0,0
4,5228,0.5589,90.0,0.0,1.0,0
6,1557,19.9398,0.7563,0.0,1.0,0
28,1812,5.0393,3.2143,0.28,0.72,0
3,3436,2.0197,90.0,0.1579,0.8421,0
5,3801,4.2281,10.0,0.0227,0.9773,0
79,3321,2.9695,44.5,0.0,1.0,0
1,5176,8.9619,1.8163,0.0945,0.9055,0
24,6641,3.3,0.6642,0.1667,0.8333,0
17,5096,1.3618,2.119,0.2105,0.7895,0
1051,4179,0.1748,89.0,0.0,1.0,1
18,3121,8.7772,1.2535,0.0267,0.9733,0
90,1685,15.8239,0.6096,0.0137,0.9863,0
276,2200,11.6216,17.8,0.0,1.0,1
13,2366,3.3962,3.4231,0.0455,0.9545,0
18,2447,5.672,5.5625,0.0,1.0,0
6,3893,10.5081,1.459,0.0179,0.9821,0
9,2779,4.0744,2.0698,0.0,1.0,0
148,5145,1.2069,2.0952,0.0,1.0,0
5,2892,6.5674,0.5752,0.0192,0.9808,0
86,1963,0.9303,88.0,0.0,1.0,0
14,4766,3.372,88.0,0.0682,0.9318,0
920,1627,0.6735,0.6929,0.0,1.0,1
4,2751,3.3192,0.8224,0.0,1.0,0
18,2652,10.1917,0.4656,0.1622,0.8378,0
32,5459,4.2152,44.0,0.0159,0.9841,0
58,4299,0.6797,28316.75,0.0,1.0,0
7,5036,5.4396,367.2022,0.04,0.96,0
47,6670,9.0902,3608.4,0.241,0.759,0
54,4508,13.0446,346.0833,0.1366,0.8634,0
77,3951,26.809,4639.6667,0.0069,0.9931,0
341,2209,1.1574,4417.3333,0.0,1.0,1
46,4365,27.6971,110.8586,0.0211,0.9789,0
12,2117,27.7776,413.0417,0.0062,0.9938,0
2289,4299,0.4248,9568.0,0.0,1.0,1
16,1158,16.4016,0.5871,0.1538,0.8462,0
35,5636,8.7489,4543.5,0.1704,0.8296,0
47,2291,13.0731,187.4565,0.0122,0.9878,0
664,1693,0.863,0.771,0.0,1.0,1
44,2242,26.5548,403.9,0.0,1.0,0
25,3595,29.8702,363.4091,0.0238,0.9762,0
28,4868,2.7761,29.9538,0.0811,0.9189,0
5,4424,32.1988,1159.8333,0.1231,0.8769,0
20,6436,13.904,16.1225,0.1143,0.8857,0
1306,1814,2.8189,6422.0,0.3571,0.6429,1
7,5540,4.8129,60.2642,0.0822,0.9178,0
144,2386,6.1232,0.1133,0.025,0.975,0
144,3013,8.607,343.1765,0.1831,0.8169,0
124,4005,23.5292,242.125,0.0504,0.9496,0
440,3790,0.2891,5735.0,0.3333,0.6667,1
3,5745,6.8663,8.3963,0.9074,0.0926,0
18,4480,19.0778,14.1499,0.0769,0.9231,0
48,6291,13.2955,87.5,0.0786,0.9214,0
16,1453,7.0385,0.3882,0.25,0.75,0
626,3309,3.5322,4876.0,0.0625,0.9375,1
5,2830,25.6837,0.2758,0.0452,0.9548,0
30,5904,5.4441,25.5922,0.5909,0.4091,0
5,4491,15.9405,62.0685,0.0561,0.9439,0
19,3692,3.9572,191.7826,0.1,0.9,0
51,3770,1.2595,70.9839,0.0769,0.9231,0
122,1216,11.4141,171.4,0.0789,0.9211,0
5,5425,28.8834,81.3269,0.014,0.986,0
20,4762,0.9204,1392.6667,0.0833,0.9167,0
4,4711,6.5902,2045.0,0.0118,0.9882,0
6,6277,1.222,93.8837,0.2857,0.7143,0
40,1770,2.4763,0.1503,0.1667,0.8333,0
31,4332,0.8431,3547.0,1.0,0.0,0
42,5688,12.907,12.1789,0.005,0.995,0
13,5573,4.7844,164.0952,0.0,1.0,0
95,4799,15.2219,3420.0,0.205,0.795,0
9,5238,3.2076,42.1899,0.0217,0.9783,0
255,4115,1.1539,1107.3333,0.6923,0.3077,1
16,4338,156.6079,49.1343,0.0624,0.9376,0
6,2666,16.3034,22.5137,0.0,1.0,0
1058,3237,1.0155,3268.0,0.8889,0.1111,1
82,2570,11.3696,12.2607,0.0125,0.9875,0
3,2687,3.1264,80.0278,0.0435,0.9565,0
1,1354,42.3517,1.1524,0.1911,0.8089,0
9,1433,5.6075,1.1005,0.3636,0.6364,0
12,3065,32.652,156.5556,0.0182,0.9818,0
5,4210,5.1187,4.2057,0.0847,0.9153,0
49,3929,4.1833,21.0079,0.0667,0.9333,0
2,3561,9.9492,6.4069,0.0619,0.9381,0
33,2861,19.5328,31.3494,0.0523,0.9477,0
1876,2193,24.8163,2573.0,0.1745,0.8255,1
30,4730,19.9999,183.2143,0.0193,0.9807,0
97,4925,5.6363,10.9372,0.0,1.0,0
27,5990,9.8782,8.3617,0.0556,0.9444,0
14,6325,8.5466,2347.0,0.0405,0.9595,0
27,2909,1.6323,2311.0,0.0,1.0,0
127,2442,0.7479,0.1478,0.0,1.0,0
57,4851,5.8729,174.5385,0.1026,0.8974,0
76,3711,1.2795,88.08,0.0,1.0,0
24,3378,5.9469,16.3359,0.1455,0.8545,0
24,5812,6.2844,396.4,0.13,0.87,0
474,818,5.3582,1956.0,0.5,0.5,1
2,3316,4.5161,637.3333,0.0976,0.9024,0
118,2952,9.6509,30.2623,0.0,1.0,0
4,3634,54.9785,39.3261,0.0329,0.9671,0
13,3491,21.3437,1784.0,0.2794,0.7206,0
606,1769,1.8583,1761.0,0.0,1.0,1
272,1420,12.6037,1737.0,0.2449,0.7551,1
18,2324,4.2434,845.5,0.0,1.0,0
3,3019,2.0567,15.3486,0.5882,0.4118,0
3,6276,7.1583,5.7483,0.0,1.0,0
67,5690,2.8244,4.824,0.0455,0.9545,0
5,6222,2.5829,327.0,0.0,1.0,0
29,5347,3.1422,19.2976,0.0435,0.9565,0
1438,1718,38.0557,1618.0,0.1006,0.8994,1
75,4272,9.0629,1.5454,0.0189,0.9811,0
15,3388,25.0112,10.911,0.0345,0.9655,0
13,2782,16.0174,0.686,0.1148,0.8852,0
53,4608,3.0913,13.3277,0.0513,0.9487,0
787,2979,46.2233,1557.0,0.0,1.0,1
44,4382,40.1758,70.5,0.0104,0.9896,0
3,2790,41.6306,0.4305,0.0912,0.9088,0
1033,3013,3.5155,7.8351,0.0,1.0,1
21,4821,6.8944,100.5333,0.0549,0.9451,0
19,5192,8.6529,64.9565,0.065,0.935,0
7,4345,4.035,5.4906,0.0625,0.9375,0
37,4691,3.3481,18.3125,0.0233,0.9767,0
1,5478,9.868,36.525,0.0405,0.9595,0
16,2911,4.6425,27.4808,0.0,1.0,0
2,2598,26.5713,0.1722,0.037,0.963,0
10,5297,8.2055,36.4872,0.0924,0.9076,0
1,286,35.7587,0.1549,0.4286,0.5714,0
59,2461,4.6009,699.5,0.0323,0.9677,0
28,3785,7.2375,25.2727,0.0533,0.9467,0
4,4822,4.6205,13.1442,0.0164,0.9836,0
1046,2676,5.3232,1354.0,0.641,0.359,1
2,5904,6.4958,1349.0,0.0381,0.9619,0
33,1589,1.1493,0.4065,0.0,1.0,0
455,4497,12.8329,4.3967,0.0,1.0,1
100,742,0.9845,15.9643,0.0,1.0,0
8,2589,8.0414,17.8533,0.0175,0.9825,0
7,3317,4.7349,1338.0,0.0233,0.9767,0
6,2610,1.5394,21.4194,0.1818,0.8182,0
6,1770,9.4924,0.4335,0.0435,0.9565,0
20,4452,6.4813,217.6667,0.0759,0.9241,0
17,4484,7.494,5.3724,0.0761,0.9239,0
13,3991,11.7144,1258.0,0.0391,0.9609,0
51,4294,7.8256,1251.0,0.2717,0.7283,0
48,4671,3.4406,8.6181,0.0682,0.9318,0
45,5450,45.3714,0.229,0.0015,0.9985,0
38,5718,7.0904,12.19,0.0541,0.9459,0
54,1906,3.0661,0.3419,0.5,0.5,0
40,2853,9.8578,8.4126,0.013,0.987,0
61,5622,2.3388,598.0,0.5,0.5,0
1473,1524,11.5039,1194.0,0.125,0.875,1
27,3815,4.787,169.8571,0.0,1.0,0
5,1942,37.2397,0.6712,0.0505,0.9495,0
19,4746,5.4641,9.6311,0.0563,0.9437,0
22,5812,3.0794,61.7895,0.0,1.0,0
3,3365,6.2955,2.6166,0.1552,0.8448,0
1655,6052,4.6471,27.4524,0.013,0.987,1
14,4702,2.3304,0.3344,0.4333,0.5667,0
1426,1931,12.2948,1137.0,0.0462,0.9538,1
31,1102,12.2634,1134.0,0.6486,0.3514,0
18,3663,3.9885,558.0,0.3,0.7,0
67,3374,5.954,14.3896,0.0,1.0,0
13,4289,2.3845,16.8923,0.0714,0.9286,0
3,5238,1.6735,5.8967,0.5833,0.4167,0
12,5768,21.7833,1.5211,0.1395,0.8605,0
5,3699,23.6983,0.9107,0.025,0.975,0
181,6048,2.4761,347.0,0.3171,0.6829,1
29,4444,7.4792,0.1504,0.0,1.0,0
159,4954,2.8017,49.2381,0.0526,0.9474,0
127,6564,5.3975,145.5714,0.0309,0.9691,0
8,3647,10.0151,145.2857,0.02,0.98,0
302,3021,9.9141,6.0838,0.0122,0.9878,1
170,5652,7.367,32.7097,0.0,1.0,0
11,2047,7.3157,1.4889,0.0488,0.9512,0
16,1702,7.511,142.4286,0.2571,0.7429,0
3,5967,6.9169,198.2,0.4071,0.5929,0
773,2482,3.0904,43.0435,0.0,1.0,1
177,1783,5.1213,28.2,0.12,0.88,0
20,1963,12.2804,0.3618,0.0152,0.9848,0
62,5879,4.2868,48.9,0.0,1.0,0
5,2457,7.5815,0.5891,0.0196,0.9804,0
3,5801,4.7852,18.5769,0.0,1.0,0
19,4640,15.2712,79.75,0.1804,0.8196,0
27,4450,6.4021,59.125,0.0513,0.9487,0
46,5411,3.5101,1.888,0.0577,0.9423,0
6,1770,12.5877,0.5615,0.1148,0.8852,0
1294,1833,2671.725,939.0,0.0001,0.9999,1
358,1441,4.309,0.2391,0.0,1.0,1
6,2216,4.2854,923.0,0.0385,0.9615,0
95,6109,15.4853,1.4299,0.0695,0.9305,0
941,3308,3.3124,9.766,0.0,1.0,1
100,4881,14.1431,114.625,0.0265,0.9735,0
25,2608,11.204,0.4428,0.0375,0.9625,0
21,5405,2.9734,2.1947,0.1136,0.8864,0
41,4333,4.9734,2.2746,0.0339,0.9661,0
208,2097,9.2314,64.2857,0.0189,0.9811,1
6,2390,11.309,1.4368,0.1757,0.8243,0
13,3050,4.1914,15.7368,0.0,1.0,0
12,4566,8.1593,63.7143,0.049,0.951,0
259,4275,5.3826,42.1905,0.0,1.0,1
56,4328,3.4601,0.4136,0.0,1.0,0
55,2359,19.8186,5.25,0.0156,0.9844,0
40,5862,7.6016,0.9887,0.0984,0.9016,0
98,6100,3.5327,5.6993,0.0339,0.9661,0
25,3965,2.3951,13.6825,0.2308,0.7692,0
2222,3791,2.6977,858.0,0.0,1.0,1
78,3944,0.463,93.7778,0.0,1.0,0
12,3975,2.2053,139.3333,0.0417,0.9583,0
7,6185,11.8108,17.7872,0.025,0.975,0
4,2779,2.6286,208.5,0.1,0.9,0
4,5031,8.712,206.75,0.0,1.0,0
55,4937,84.7096,0.3957,0.0271,0.9729,0
70,6309,13.026,4.6364,0.0044,0.9956,0
33,1074,14.6236,7.6571,0.2093,0.7907,0
24,5045,2.8959,66.9167,0.0,1.0,0
4,4888,0.5978,0.1042,0.0,1.0,0
60,4027,2.3582,22.9412,0.0,1.0,0
52,5375,22.4247,15.2941,0.0182,0.9818,0
18,4748,18.4625,0.9911,0.025,0.975,0
59,3918,1.0255,59.8462,0.2727,0.7273,0
1,6075,0.4209,22.8529,0.5714,0.4286,0
32,2520,9.856,1.3414,0.0147,0.9853,0
6,5994,9.3841,773.0,0.1039,0.8961,0
5,6669,3.5052,3.4356,0.5312,0.4688,0
3,3192,15.9053,70.1818,0.0432,0.9568,0
912,4641,2.9119,769.0,0.0,1.0,1
134,1595,15.5718,152.8,0.0441,0.9559,0
6,3805,6.7194,29.2692,0.0429,0.9571,0
6,4244,6.0244,14.3396,0.1857,0.8143,0
30,3295,9.2005,0.6894,0.0241,0.9759,0
4,1928,237.1852,754.0,0.0391,0.9609,0
264,4587,2.3888,376.0,0.0333,0.9667,1
124,5891,7.5022,3.472,0.0331,0.9669,0
10,3584,18.1402,2.964,0.073,0.927,0
2,5233,1.1168,147.8,0.0625,0.9375,0
7,3625,6.1463,10.6232,0.0164,0.9836,0
95,3525,7.3568,48.7333,0.0563,0.9437,0
29,2704,7.024,0.4818,0.1154,0.8846,0
159,4493,12.9256,25.8929,0.0,1.0,0
4,2655,17.4715,15.3191,0.0551,0.9449,0
101,1135,3.2181,715.0,0.4,0.6,0
32,4010,7.3779,24.5172,0.1358,0.8642,0
72,4837,5.6634,236.6667,0.0,1.0,0
3,4539,5.9547,10.1429,0.0,1.0,0
65,4125,5.7555,0.6639,0.0615,0.9385,0
14,4429,2.9688,11.3871,0.0556,0.9444,0
308,3127,12.3814,1.0368,0.0,1.0,1
14,3024,6.2808,8.381,0.0769,0.9231,0
391,6587,5.2678,1.1861,0.0,1.0,1
26,4832,17.8392,10.6061,0.1059,0.8941,0
8,2616,3.0717,0.8016,0.0909,0.9091,0
32,3386,0.5394,99.7143,0.0,1.0,0
9,2414,6.96,0.4387,0.0652,0.9348,0
3,4369,23.1573,1.1834,0.0036,0.9964,0
26,4624,5.0554,43.375,0.0312,0.9688,0
5,5410,0.2025,4.1257,0.0,1.0,0
28,4038,44.8648,683.0,0.2036,0.7964,0
1,2395,17.0806,56.8333,0.1964,0.8036,0
103,1142,21.4289,0.4403,0.0,1.0,0
7,1138,8.6659,3.5957,0.037,0.963,0
35,2191,12.1694,0.5892,0.0822,0.9178,0
23,5239,10.2485,6.72,0.0544,0.9456,0
13,5487,8.4539,4.5578,0.1181,0.8819,0
9,4066,18.5949,13.34,0.0193,0.9807,0
4,1874,11.6942,0.9737,0.4333,0.5667,0
684,3271,1.5633,666.0,0.2143,0.7857,1
35,1374,30.0388,1.1705,0.3097,0.6903,0
201,2659,3.5715,1.0375,0.0,1.0,1
42,2833,6.9621,1.0392,0.0,1.0,0
13,1289,12.7512,0.952,0.0444,0.9556,0
18,641,135.0456,0.9437,0.1688,0.8312,0
5,2587,5.6475,163.25,0.0,1.0,0
101,2480,93.3744,10.0308,0.1577,0.8423,0
21,6251,2.4541,28.3478,0.119,0.881,0
9,4998,6.8694,18.0556,0.0106,0.9894,0
35,5198,0.4216,0.2109,0.5,0.5,0
5,6678,2.0784,19.0882,0.0526,0.9474,0
5,5164,1.6268,161.75,0.2174,0.7826,0
1,5204,4.2814,2.4286,0.1148,0.8852,0
685,2104,4.3399,644.0,0.4,0.6,1
11,1564,6.7725,1.0489,0.2759,0.7241,0
14,2806,3.7749,27.9565,0.0,1.0,0
24,1967,5.942,642.0,0.5312,0.4688,0
6,1942,21.0649,0.6561,0.0357,0.9643,0
15,2851,17.1671,0.8721,0.0224,0.9776,0
4,4904,35.0801,2.0744,0.0913,0.9087,0
4,5503,7.9647,2.3933,0.025,0.975,0
12,4538,3.8634,4.8385,0.0,1.0,0
19,4274,5.9821,23.2963,0.1143,0.8857,0
52,4279,2.7315,5.531,0.0312,0.9688,0
60,2641,9.9576,89.1429,0.3472,0.6528,0
13,3955,2.7705,207.6667,0.0,1.0,0
25,2109,70.4868,4.3194,0.0319,0.9681,0
42,2005,4.9186,1.0401,0.5926,0.4074,0
26,2718,1.747,2.6538,0.0,1.0,0
1779,2553,6.2949,621.0,0.0,1.0,1
93,4899,15.0603,4.106,0.0099,0.9901,0
248,3636,13.059,617.0,0.1462,0.8538,1
32,4156,0.7031,6.1089,1.0,0.0,0
46,5740,4.0725,0.2584,0.1719,0.8281,0
12,5479,0.3333,0.6574,0.0,1.0,0
81,2772,10.0141,3.1865,0.0,1.0,0
0,5986,5.1865,4.0395,0.0471,0.9529,0
13,3106,11.4067,40.6667,0.1443,0.8557,0
25,6682,1.8585,0.1116,0.5882,0.4118,0
1142,1930,36.3358,608.0,0.2188,0.7812,1
16,2841,8.6138,1.8824,0.0448,0.9552,0
26,5353,1.6376,151.75,0.0,1.0,0
55,5186,4.7892,18.3333,0.0,1.0,0
25,6040,2.6608,1.2878,0.1364,0.8636,0
49,4422,0.4956,0.2122,0.1667,0.8333,0
26,2747,1.8615,603.0,0.2143,0.7857,0
4,2681,8.4467,5.3186,0.5161,0.4839,0
15,5669,3.9302,0.6152,0.082,0.918,0
26,5425,8.8872,33.2222,0.0455,0.9545,0
4,4690,6.4639,66.1111,0.0241,0.9759,0
17,1432,15.0487,0.4322,0.1186,0.8814,0
74,2628,5.1424,9.2344,0.027,0.973,0
17,3266,0.7828,12.0,0.1429,0.8571,0
23,6248,13.6209,6.0619,0.0987,0.9013,0
522,2558,15.5638,587.0,0.0,1.0,1
24,1298,1.6884,1.0034,0.5,0.5,0
78,4847,3.4664,7.5584,0.0217,0.9783,0
11,3938,13.727,1.2129,0.0405,0.9595,0
17,5844,3.4375,36.3125,0.0182,0.9818,0
244,4842,1.8858,193.3333,0.04,0.96,1
43,4249,2.321,193.3333,0.037,0.963,0
6,5765,5.7021,7.3974,0.1444,0.8556,0
20,3878,3.4849,574.0,0.1351,0.8649,0
5,1531,2.1471,573.0,0.8889,0.1111,0
3,2775,6.7127,2.8317,0.2745,0.7255,0
18,6565,2.8931,7.8356,0.0577,0.9423,0
37,4470,4.1673,6.1398,0.2353,0.7647,0
21,4036,8.7783,63.3333,0.0,1.0,0
170,5287,11.9516,1.5746,0.0116,0.9884,0
77,4352,3.2732,4.7417,0.0256,0.9744,0
2,1180,8.3574,1.0289,0.037,0.963,0
2,4140,1.4998,47.3333,0.1765,0.8235,0
19,3837,0.6663,1.7806,0.7143,0.2857,0
4,1828,8.5918,3.0486,0.4884,0.5116,0
343,5506,16.8495,562.0,0.122,0.878,1
4,3275,7.5838,51.0,0.1618,0.8382,0
1287,3400,0.2149,556.0,0.0,1.0,1
43,5184,11.9777,1.2198,0.0294,0.9706,0
185,4845,6.4833,553.0,0.0233,0.9767,1
3,6255,8.8174,1.3844,0.0199,0.9801,0
4,2381,2.4544,15.25,0.9375,0.0625,0
62,5816,0.5652,0.515,0.1111,0.8889,0
36,3267,1.3416,91.1667,0.0,1.0,0
10,1304,2.2408,1.1129,0.75,0.25,0
27,5302,19.4267,7.9118,0.0426,0.9574,0
14,1690,7.1321,0.9027,0.1818,0.8182,0
1511,5136,3.2002,535.0,0.0444,0.9556,1
83,3463,12.4457,14.8333,0.0,1.0,0
11,4792,8.6129,2.1673,0.0177,0.9823,0
18,2652,7.2995,0.5343,0.0755,0.9245,0
24,5768,4.8759,2.2321,0.0649,0.9351,0
6,1532,11.9207,4.7232,0.36,0.64,0
9,4111,4.7977,0.4521,0.7963,0.2037,0
62,5708,0.7679,528.0,0.0833,0.9167,0
81,4131,1.6799,8.3651,0.0,1.0,0
28,1830,3.393,0.7028,0.1176,0.8824,0
13,5500,0.3985,19.3333,0.1667,0.8333,0
9,1828,2.5975,5.8539,0.5385,0.4615,0
21,5550,2.435,3.46,0.027,0.973,0
196,4129,4.5999,0.8196,0.0,1.0,1
20,560,17.6103,516.0,0.6667,0.3333,0
30,6560,9.2426,0.7413,0.0482,0.9518,0
26,4011,4.6442,23.2273,0.0588,0.9412,0
18,2442,8.2264,21.2917,0.0364,0.9636,0
4,3982,7.2463,5.7955,0.0759,0.9241,0
2,3285,4.1139,22.1739,0.0541,0.9459,0
130,3432,2.0221,509.0,0.2632,0.7368,0
7,4333,11.4641,3.1358,0.0294,0.9706,0
4,5213,13.4525,1.924,0.0677,0.9323,0
4,5289,4.9722,10.1,0.0278,0.9722,0
40,6366,3.4999,0.6222,0.0328,0.9672,0
242,2178,8.385,7.9683,0.0,1.0,1
148,5213,10.0193,501.0,0.021,0.979,0
6,5103,7.2291,2.9762,0.0,1.0,0
17,2926,0.0,499.0,0.0,0.0,0
57,1873,7.8003,0.5764,0.075,0.925,0
888,3464,2.636,497.0,0.0,1.0,1
20,2281,2.562,2.2143,0.0,1.0,0
1,4089,12.5055,0.3603,0.0357,0.9643,0
4,3436,16.6892,2.1336,0.0127,0.9873,0
24,2595,1.2668,0.689,0.4444,0.5556,0
543,3648,24.7305,491.0,0.332,0.668,1
16,5528,2.3125,1.4613,0.0571,0.9429,0
12,3455,0.6343,98.2,0.3333,0.6667,0
20,3720,7.1675,1.369,0.0548,0.9452,0
997,3103,0.5885,486.0,0.0,1.0,1
6,3156,3.2405,0.6383,0.0,1.0,0
5,4391,12.7268,9.0,0.1046,0.8954,0
39,3755,3.9881,5.3297,0.0,1.0,0
20,5324,6.1058,15.6129,0.0337,0.9663,0
30,2272,18.3268,7.6667,0.0965,0.9035,0
130,4264,5.1395,0.7188,0.0167,0.9833,0
135,5318,25.4123,2.5104,0.0946,0.9054,0
2,4850,8.0581,40.1667,0.2336,0.7664,0
54,2704,7.5643,7.6349,0.375,0.625,0
111,4398,8.3049,31.9333,0.0,1.0,0
514,3421,0.7474,476.0,0.0,1.0,1
50,4638,3.1501,238.0,0.0,1.0,0
86,5712,3.9645,476.0,0.0,1.0,0
187,5113,1.0715,19.7917,0.0,1.0,1
1358,5149,0.0,59.25,0.0,0.0,1
18,3019,10.4046,0.0745,0.0698,0.9302,0
21,2355,8.3752,3.5414,0.1111,0.8889,0
13,1872,143.4075,1.4144,0.2163,0.7837,0
27,6402,10.9541,6.7286,0.0781,0.9219,0
107,3316,11.896,6.7,0.0093,0.9907,0
3,908,12.8722,0.6223,0.2188,0.7812,0
40,2169,8.083,0.7366,0.25,0.75,0
42,6276,1.6295,2.3069,0.0357,0.9643,0
3,6446,10.936,5.1667,0.1295,0.8705,0
38,6516,8.9126,7.4839,0.1698,0.8302,0
21,6475,14.328,14.9032,0.0118,0.9882,0
12,2049,0.3565,11.55,0.0,1.0,0
16,5376,11.2102,12.8333,0.0788,0.9212,0
27,6340,7.9502,25.6111,0.0072,0.9928,0
1,3653,9.9986,1.8852,0.02,0.98,0
71,993,6.253,1.0222,0.1176,0.8824,0
62,3342,1.0929,57.25,0.1,0.9,0
2,4267,23.4541,2.106,0.0584,0.9416,0
1029,6297,12.9348,456.0,0.009,0.991,1
3,6132,48.5451,1.7395,0.0515,0.9485,0
4,4332,1.602,4.3654,0.6842,0.3158,0
125,5218,0.77,2.1942,0.3636,0.6364,0
4,5501,1.0624,0.6565,0.125,0.875,0
348,3877,0.8479,451.0,0.1111,0.8889,1
7,6618,4.2497,4.3269,0.039,0.961,0
66,5351,3.8225,1.9522,0.0357,0.9643,0
6,2118,15.3481,0.6535,0.0449,0.9551,0
37,6054,1.991,4.7053,0.0606,0.9394,0
15,4848,5.1231,447.0,0.0441,0.9559,0
5,3160,0.6935,0.6368,1.0,0.0,0
196,2581,2.2642,1.0183,0.0,1.0,1
592,3346,12.1168,0.2958,0.0,1.0,1
12,2097,1.7418,0.7508,0.0,1.0,0
51,2041,12.5269,5.8553,0.0286,0.9714,0
85,5664,3.9981,20.2273,0.0323,0.9677,0
22,3528,7.247,3.4496,0.0143,0.9857,0
402,5498,9.7657,34.1538,0.068,0.932,1
25,5425,0.202,444.0,1.0,0.0,0
25,5526,7.3367,1.3899,0.036,0.964,0
13,2559,8.7066,6.4058,0.1639,0.8361,0
17,5654,1.8734,88.0,0.0345,0.9655,0
11,5445,9.6595,4.9326,0.0,1.0,0
19,4726,1.4684,438.0,0.0,1.0,0
333,3472,3.7872,3.0629,0.0,1.0,1
12,2075,7.569,8.549,0.0233,0.9767,0
1599,2350,0.3109,436.0,0.0,1.0,1
1,6478,0.6766,0.8286,1.0,0.0,0
25,1713,6.1835,1.0535,0.1034,0.8966,0
46,4115,3.2841,8.66,0.1081,0.8919,0
13,4411,14.6564,1.2308,0.0056,0.9944,0
20,2956,11.4913,4.6452,0.043,0.957,0
1,4807,0.9118,10.2619,0.0833,0.9167,0
1118,2311,5.8478,143.6667,0.0,1.0,1
26,5935,4.3695,7.431,0.0141,0.9859,0
38,6230,2.521,214.0,0.0,1.0,0
5,4061,13.8509,7.1,0.0584,0.9416,0
6,4844,3.4685,3.4,0.1739,0.8261,0
5,4735,1.0028,2.5449,0.0,1.0,0
31,2956,3.5833,11.8056,0.1034,0.8966,0
5,1544,18.9249,3.2868,0.0625,0.9375,0
44,5372,9.7228,18.3913,0.028,0.972,0
2,3941,18.2579,11.6944,0.0,1.0,0
53,4227,2.6787,421.0,0.0,1.0,0
26,3605,16.92,0.7656,0.0659,0.9341,0
18,4547,1.1246,17.4167,0.0714,0.9286,0
79,2890,3.7915,1.0504,0.4333,0.5667,0
0,770,9.9614,0.678,0.8095,0.1905,0
22,5889,5.7061,2.2063,0.0543,0.9457,0
10,2925,30.9682,0.3193,0.004,0.996,0
26,2306,4.2766,0.3111,0.037,0.963,0
60,2917,19.5334,4.3333,0.5897,0.4103,0
2,5239,4.1133,2.1173,0.0678,0.9322,0
346,4218,10.7376,0.1331,0.0,1.0,1
29,3379,11.8904,3.7054,0.1182,0.8818,0
22,3210,7.0547,2.065,0.1613,0.8387,0
1,3931,8.3624,0.9856,0.1222,0.8778,0
6,4399,8.8012,137.3333,0.0189,0.9811,0
970,3123,6.6664,411.0,0.0,1.0,1
15,1082,10.4646,5.3377,0.1613,0.8387,0
11,5039,1.0148,19.5714,0.2143,0.7857,0
12,4022,29.4234,24.1765,0.0432,0.9568,0
22,5612,4.7511,8.0196,0.0822,0.9178,0
39,5459,2.0741,12.7812,0.4516,0.5484,0
1,5852,11.1098,8.6809,0.1124,0.8876,0
5,5641,6.0217,45.3333,0.0538,0.9462,0
407,4631,3.076,34.0,0.0,1.0,1
8,1768,5.3713,4.9036,0.1154,0.8846,0
31,1602,0.228,407.0,1.0,0.0,0
1,4241,4.1339,40.6,0.0,1.0,0
225,3919,31.0355,3.9417,0.012,0.988,1
28,4807,8.89,2.6026,0.0769,0.9231,0
155,5062,3.8242,2.3143,0.0189,0.9811,0
315,5298,24.0604,1.2385,0.0,1.0,1
11,3481,1.1542,67.3333,0.8182,0.1818,0
6,3291,5.2163,5.3158,0.0638,0.9362,0
50,6282,3.4885,5.3026,0.2167,0.7833,0
6,2790,12.175,1.0281,0.1828,0.8172,0
81,1924,21.6416,0.3893,0.0351,0.9649,0
335,679,23330.2765,401.0,0.0828,0.9172,1
21,2491,9.2376,2.381,0.0159,0.9841,0
42,4702,15.769,0.8808,0.3448,0.6552,0
31,1229,1.7832,0.7014,0.5,0.5,0
3,3661,3.9907,0.8302,0.075,0.925,0
96,2844,14.8977,0.3114,0.0172,0.9828,0
528,1763,2.6933,56.4286,0.0769,0.9231,1
33,4347,0.8402,395.0,0.3,0.7,0
4,1728,14.1619,0.7467,0.1194,0.8806,0
83,4604,4.046,0.6752,0.0,1.0,0
74,5805,21.3298,0.2049,0.0678,0.9322,0
1,2617,3.6288,2.9773,0.0385,0.9615,0
27,3730,3.6231,6.1406,0.027,0.973,0
1617,6243,21.0035,392.0,0.0279,0.9721,1
15,5888,7.6301,5.6812,0.1138,0.8862,0
511,1591,5.2802,391.0,0.4783,0.5217,1
142,3350,17.4448,0.7697,0.0813,0.9187,0
7,1883,7.9529,0.6062,0.1463,0.8537,0
10,3347,2.4008,11.7879,0.1364,0.8636,0
2,4203,20.7696,388.0,0.1674,0.8326,0
93,6268,5.2445,3.88,0.0,1.0,0
12,5221,6.2262,2.2899,0.0225,0.9775,0
8,1819,9.0359,11.0571,0.0444,0.9556,0
