account_age_days,repos_per_year,followers_following_ratio,active_repo_ratio,inactive_repo_ratio,avg_stars_per_repo,avg_forks_per_repo,repository_maintenance_ratio,churn
6519,22.4114,0.2587,0.08,0.92,6.47,0.6175,0.0425,0
1118,13.7214,1.0261,0.1667,0.8333,1.2381,0.0476,0.2619,0
6412,8.7154,5.2099,0.0654,0.9346,7.5163,1.6078,0.0588,0
3026,3.1383,1.0322,0.1154,0.8846,0.1923,0.0769,0.0769,0
5689,3.788,3.2783,0.1864,0.8136,6.8644,2.6441,0.0169,0
2592,9.0185,0.7232,0.0469,0.9531,0.4375,0.0312,0.0469,0
5691,14.6973,37.1429,0.0393,0.9607,9.1179,0.9301,0.0306,0
1767,6.8213,0.6619,0.2424,0.7576,1.3939,0.0606,0.1515,0
4829,10.1353,1.9905,0.0672,0.9328,2.5448,0.5597,0.0597,0
5757,14.4653,7.0357,0.0044,0.9956,2.4518,0.4561,0.0088,0
3445,8.6939,0.6169,0.0,1.0,1.6463,0.1098,0.0,0
2114,0.0,162.0,0.0,0.0,0.0,0.0,0.0,0
5696,6.0918,14.0,0.0,1.0,0.8211,0.5895,0.0,0
5356,2.3868,4.3235,0.0286,0.9714,4.2857,1.8857,0.0571,0
4173,6.3019,1.1453,0.0417,0.9583,1.1667,0.2778,0.0417,0
2819,3.1096,0.2784,0.0417,0.9583,2.2917,0.2083,0.0833,0
2289,8.7762,0.7011,0.0545,0.9455,0.4545,0.1091,0.0545,0
2817,7.9092,1.0161,0.2623,0.7377,0.2295,0.0164,0.2131,0
3620,9.6862,0.4449,0.0312,0.9688,0.5938,0.0833,0.0,0
5208,24.4762,0.8227,0.0086,0.9914,0.0372,0.2378,0.0143,0
5998,8.2818,12.2222,0.0,1.0,1.1029,0.1324,0.0,0
5976,2.9949,2.6667,0.0,1.0,5.2449,2.551,0.0204,0
247,50.2773,0.7338,1.0,0.0,0.7647,0.1176,0.5,0
3142,3.6037,0.6197,0.0,1.0,0.0,0.0,0.0,0
4277,5.4655,2.2564,0.2344,0.7656,0.3906,0.1562,0.25,0
5051,7.7374,2.4444,0.0374,0.9626,1.2617,0.2243,0.0187,0
4505,4.8646,0.5241,0.0833,0.9167,1.0333,0.05,0.0167,0
4686,0.7015,1.5088,0.0,1.0,0.0,0.0,0.0,0
5369,6.3267,2.125,0.043,0.957,0.5054,0.2903,0.0323,0
2978,7.359,0.5915,0.0833,0.9167,0.1667,0.1,0.0667,0
2870,16.799,0.4462,0.0152,0.9848,0.4697,0.0833,0.0,0
1384,5.0143,1.04,0.2105,0.7895,0.2105,0.0,0.1053,0
5586,2.877,1.2581,0.0,1.0,1.2727,0.5,0.0,0
5567,5.5768,0.4667,0.2588,0.7412,0.4353,0.1059,0.2235,0
4496,3.0871,4.0526,0.0526,0.9474,1.5526,0.4211,0.0789,0
6409,2.8495,0.4934,0.0,1.0,0.76,0.0,0.0,0
5754,4.0626,2.4194,0.0156,0.9844,0.875,0.2812,0.0156,0
4192,1.8297,14.8,0.2381,0.7619,0.0,0.5238,0.1905,0
5851,0.8115,1.0,0.0769,0.9231,2.7692,0.8462,0.0,0
4238,1.8961,73.0,0.1364,0.8636,6.7273,2.7727,0.1364,1
5088,4.7379,0.2996,0.0,1.0,0.0455,0.1515,0.0,0
1869,10.9438,1.7949,0.0,1.0,1.4821,0.0893,0.0,0
5536,0.6598,4.7143,0.0,1.0,1.0,0.4,0.0,0
5029,3.2683,1.6667,0.1778,0.8222,0.2889,0.2444,0.1111,0
3779,5.9925,1.0847,0.0161,0.9839,0.1129,0.5806,0.0,1
5535,4.5533,4.5714,0.0435,0.9565,0.3478,0.2754,0.0435,0
4842,2.3384,1.0,0.0,1.0,0.2581,0.0645,0.0,0
4506,2.9181,0.6176,0.1667,0.8333,0.0833,0.8611,0.0833,0
5276,5.2614,2.7391,0.0395,0.9605,0.4868,0.6053,0.0263,0
4989,9.9567,1.0164,0.0,1.0,0.4191,0.1765,0.0147,0
4631,42.5113,0.4766,0.0686,0.9314,0.0278,0.0167,0.0315,0
6327,1.5009,0.8472,0.0769,0.9231,1.0769,0.2692,0.0769,0
5942,10.5727,0.6237,0.0116,0.9884,0.1047,0.4826,0.0058,0
4141,2.0287,0.5631,0.3478,0.6522,0.8696,0.0,0.1739,0
3315,0.2204,14.25,0.0,1.0,0.0,0.0,0.0,1
4222,2.4223,1.7812,0.0357,0.9643,2.2857,0.0714,0.0,0
661,11.0514,1.1957,0.15,0.85,0.05,0.0,0.35,0
3553,4.626,0.3293,0.0889,0.9111,0.0222,0.0,0.0667,0
6532,2.2367,2.25,0.05,0.95,0.15,0.075,0.05,0
3123,7.719,0.8182,0.0,1.0,0.1212,0.0152,0.0,0
2789,6.4171,0.5248,0.0612,0.9388,0.7959,0.1837,0.0408,0
1508,9.9305,1.2093,0.0,1.0,0.7561,0.0488,0.0,0
4477,9.79,0.3923,0.3,0.7,0.1167,0.0083,0.175,0
3996,6.1241,0.5426,0.1791,0.8209,1.1343,0.1642,0.1343,0
3478,8.2964,0.4717,0.1139,0.8861,0.6076,0.0633,0.0633,0
3724,3.9232,0.9057,0.1,0.9,2.25,0.025,0.025,0
1527,21.7667,0.6761,0.033,0.967,0.1978,0.0,0.022,0
4742,3.004,1.0667,0.0256,0.9744,0.9487,0.4615,0.0769,0
4330,2.868,0.4848,0.1176,0.8824,2.2941,0.5588,0.1765,0
5101,6.0863,1.5484,0.0,1.0,0.2,0.0353,0.0235,0
4501,5.2747,1.1463,0.1385,0.8615,0.3846,0.0,0.0923,0
5210,0.9114,2.9375,0.0,1.0,2.0769,0.4615,0.0,0
3223,3.6264,1.2368,0.0312,0.9688,0.0312,0.0312,0.0312,0
3105,4.1171,0.3594,0.0571,0.9429,0.1429,0.0,0.0286,0
4166,16.0443,1.0,0.0,1.0,0.071,0.0164,0.0,0
4118,0.7096,44.0,0.375,0.625,3.25,2.0,0.375,1
1639,8.2454,1.1026,0.027,0.973,0.5405,0.027,0.027,0
4942,0.4434,3.9091,0.3333,0.6667,0.6667,0.1667,0.0,0
5014,0.5828,3.0714,0.0,1.0,0.25,0.0,0.0,1
3115,5.6283,0.0853,0.0208,0.9792,0.0208,0.25,0.0208,1
3468,1.3692,3.5,0.0,1.0,0.7692,0.0,0.0,1
4315,1.9469,0.6885,0.0435,0.9565,0.4783,0.0,0.0,0
4912,2.5282,8.4,0.0882,0.9118,0.2059,0.2647,0.0882,0
4626,1.0264,0.9762,0.6154,0.3846,0.6923,0.0,0.4615,0
3046,6.715,8.2,0.125,0.875,0.0714,0.0,0.1071,0
5532,0.9243,1.0,0.0,1.0,0.2143,0.2143,0.0714,0
4490,16.1068,2.6667,0.1566,0.8434,0.0758,0.1263,0.0909,0
2649,1.2409,0.8511,0.5556,0.4444,0.4444,0.0,0.4444,0
6464,4.6899,1.7391,0.0,1.0,0.1807,0.0482,0.0,0
4456,6.7214,0.7407,0.0488,0.9512,0.0122,0.0,0.0122,0
5567,0.6561,1.7391,0.0,1.0,0.3,0.1,0.0,0
4255,1.7168,0.9524,0.0,1.0,0.05,0.1,0.0,0
1459,9.0123,1.6,0.0,1.0,3.3056,0.0833,0.0,0
2257,4.8549,0.6897,0.0333,0.9667,0.0333,0.0,0.0,0
2344,10.9076,0.2229,0.0,1.0,0.1714,0.0,0.0,0
3978,2.7545,1.56,0.0333,0.9667,1.2,0.4667,0.0,0
1396,8.8958,0.975,0.0,1.0,0.1765,0.0882,0.0,0
4757,2.1499,1.1143,0.1071,0.8929,0.9286,0.0,0.1071,0
4473,2.858,0.4756,0.0,1.0,0.8857,0.0571,0.0,0
5613,0.3254,5.5714,0.0,1.0,0.2,0.2,0.0,0
3749,2.2408,0.6094,0.0435,0.9565,0.3913,0.0435,0.0,0
6061,0.4218,1.8095,0.0,1.0,5.8571,2.1429,0.0,0
3611,4.754,1.3571,0.1277,0.8723,0.0,0.0,0.0851,0
3663,0.698,0.4578,0.0,1.0,0.0,0.0,0.0,0
6282,1.9187,2.4667,0.0303,0.9697,0.4545,0.0,0.0303,0
2526,5.4947,0.7708,0.0,1.0,0.0526,0.0,0.0,0
2758,3.1784,3.3636,0.0833,0.9167,0.0,0.0,0.0417,0
2901,1.8886,0.4868,0.0,1.0,1.0667,0.2667,0.0,0
2893,2.6513,0.7551,0.0,1.0,0.381,0.0,0.0,0
5892,1.1158,0.5606,0.0,1.0,0.1667,0.0,0.0556,0
2643,2.4875,1.4231,0.0556,0.9444,0.0,0.0556,0.0,0
1554,3.0555,1.0286,0.0,1.0,0.5385,0.2308,0.0,0
4337,3.9582,1.0588,0.0213,0.9787,0.3404,0.2128,0.0426,0
4707,0.388,0.7059,0.0,1.0,1.0,0.6,0.0,0
4718,2.0902,0.4286,0.0,1.0,0.2963,0.6296,0.0,0
3478,7.5612,7.2,0.0278,0.9722,0.4861,0.0694,0.1667,0
3056,6.3345,0.3977,0.0189,0.9811,0.1132,0.0566,0.0,0
5099,5.3007,0.2465,0.0405,0.9595,0.3649,0.0,0.027,0
783,0.0,34.0,0.0,0.0,0.0,0.0,0.0,0
4989,0.5857,1.0303,0.125,0.875,1.375,0.125,0.0,0
3265,12.0818,0.5484,0.1481,0.8519,0.0278,0.1204,0.0185,0
4802,2.51,0.5484,0.0303,0.9697,0.9091,0.0303,0.0606,0
4302,1.1037,0.2112,0.0769,0.9231,0.0,0.0,0.0,1
2831,0.3871,0.4304,0.3333,0.6667,0.3333,0.0,0.3333,0
2662,6.586,0.33,0.0833,0.9167,0.1458,0.0625,0.0833,0
1727,5.7103,0.55,0.0,1.0,1.8889,0.037,0.0,0
5047,8.9015,3.6667,0.0163,0.9837,0.1707,0.0732,0.0,0
632,10.9806,1.32,0.5263,0.4737,0.0526,0.0526,0.1579,0
5031,1.6698,0.8205,0.0,1.0,0.3913,0.2609,0.0,0
4488,2.9298,10.6667,0.0,1.0,0.3333,0.1667,0.0,0
5702,0.8968,0.64,0.2857,0.7143,1.5714,0.2857,0.0714,0
5133,0.0712,1.1429,1.0,0.0,2.0,0.0,1.0,0
3705,3.1547,1.0667,0.0,1.0,0.25,0.0625,0.0,0
2651,3.72,0.9697,0.0,1.0,0.5556,0.1111,0.0,1
4506,0.5674,6.4,0.1429,0.8571,3.2857,0.4286,0.0,0
5009,1.2396,1.55,0.0,1.0,0.4118,0.2941,0.0,0
3782,1.1589,6.2,0.0833,0.9167,0.8333,0.5833,0.0,0
2401,0.1521,1.4762,0.0,1.0,0.0,0.0,0.0,1
4517,0.2426,0.6458,0.0,1.0,1.0,0.0,0.0,0
2702,3.1091,0.4189,0.087,0.913,0.8261,0.1739,0.087,0
4910,0.0,1.069,0.0,0.0,0.0,0.0,0.0,0
1685,0.2168,0.625,0.0,1.0,0.0,0.0,0.0,0
1284,4.8359,30.0,0.2353,0.7647,3.8235,2.6471,0.1176,0
3681,5.8543,0.5,0.0,1.0,0.678,0.4068,0.0339,1
4509,2.3491,1.875,0.069,0.931,0.2759,0.3448,0.1034,0
4495,4.3066,1.5,0.0189,0.9811,0.0943,0.0377,0.0189,0
4024,3.1769,0.6522,0.0,1.0,0.0857,0.0286,0.0286,0
2378,8.2942,3.0,0.037,0.963,2.4815,0.2222,0.0185,0
5462,0.3344,0.6818,0.2,0.8,1.0,0.0,0.2,0
3516,1.2466,1.5789,0.0833,0.9167,3.0833,0.5,0.0,0
1605,2.9584,1.1154,0.0,1.0,0.0769,0.0,0.0,1
1792,1.4268,2.9,0.0,1.0,0.4286,0.0,0.0,0
5086,5.4579,1.16,0.0,1.0,0.0395,0.0,0.0,0
5037,0.3626,0.2613,0.0,1.0,0.0,0.0,0.0,1
3477,0.6303,0.9355,0.8333,0.1667,0.0,0.0,0.8333,0
5304,0.482,1.2083,1.0,0.0,0.0,0.0,0.0,0
3735,0.489,0.6905,0.0,1.0,0.6,0.2,0.0,1
2232,6.0548,14.5,0.1351,0.8649,0.8378,0.3514,0.1622,0
3326,2.0865,0.5714,0.7895,0.2105,0.0,0.0,0.5789,0
3380,8.4288,0.2276,0.0769,0.9231,0.0256,0.0256,0.0256,0
4209,0.6074,2.1538,0.1429,0.8571,1.4286,0.4286,0.1429,0
4112,2.3095,0.5,0.0769,0.9231,1.4615,0.4231,0.1154,0
1345,12.4918,1.0,0.0,1.0,0.0435,0.0,0.0,1
5500,1.793,4.6667,0.037,0.963,0.2593,0.2222,0.0741,0
2212,5.2839,0.56,0.2188,0.7812,0.25,0.125,0.25,0
4508,0.2431,0.4375,0.3333,0.6667,0.6667,0.0,0.0,0
1288,8.791,1.5556,0.0323,0.9677,0.0968,0.0323,0.0323,0
1547,12.5134,1.0,0.0755,0.9245,0.0189,0.0,0.0189,0
4832,1.0583,0.359,0.0,1.0,0.5,0.0,0.0,0
3146,1.3932,0.4828,0.4167,0.5833,0.3333,0.0,0.4167,0
3452,8.7821,0.5625,0.0482,0.9518,0.494,0.0602,0.012,0
5209,0.1402,1.08,0.0,1.0,0.0,0.5,0.0,0
1365,3.4786,1.125,0.0,1.0,0.8462,0.0,0.0769,0
418,20.0975,1.0,0.2174,0.7826,0.0435,0.0435,0.0435,0
4447,3.9424,0.7105,0.0208,0.9792,0.5833,0.0625,0.0208,0
4672,6.6452,0.2755,0.1647,0.8353,0.1059,0.0588,0.0353,0
2500,4.6752,0.8438,0.0312,0.9688,0.1562,0.0312,0.0312,0
799,16.914,27.0,0.2162,0.7838,0.8919,0.027,0.1351,0
4535,4.7519,0.75,0.1017,0.8983,0.339,0.2034,0.0339,0
1430,12.5156,1.7333,0.0204,0.9796,0.1224,0.0,0.0,0
4652,1.8058,1.1304,0.0,1.0,0.0,0.0,0.0,1
5536,0.9897,8.6667,0.0,1.0,0.2667,0.0,0.0,1
5690,2.6319,2.8889,0.0244,0.9756,0.1951,0.0488,0.0488,0
420,26.0893,0.6047,0.3667,0.6333,0.8,0.1333,0.1,0
4581,0.7176,1.8571,0.0,1.0,2.0,1.3333,0.0,0
4073,2.78,0.7647,0.0645,0.9355,0.0968,0.0323,0.0,0
789,1.3888,26.0,0.0,1.0,3.3333,0.3333,0.0,1
5487,2.5961,4.3333,0.1026,0.8974,0.6154,1.4615,0.0256,0
6152,2.078,1.1304,0.0,1.0,0.1143,0.0,0.0,0
3822,2.0069,2.0833,0.2381,0.7619,1.0476,0.0476,0.1905,0
3907,2.9916,0.2174,0.0,1.0,0.0625,0.0312,0.0,0
1497,10.4915,0.4808,0.0698,0.9302,0.093,0.0233,0.0698,0
560,18.9147,1.3158,0.4138,0.5862,0.0,0.0,0.1034,0
4645,0.3145,0.5952,0.0,1.0,1.0,0.0,0.0,0
4741,4.4684,0.2,0.069,0.931,0.0172,0.0345,0.0517,0
3857,11.5532,1.5625,0.0246,0.9754,0.0492,0.041,0.0,0
4808,0.3798,1.0,0.0,1.0,0.0,0.2,0.0,1
4827,25.6515,0.5556,0.0059,0.9941,0.0826,0.0265,0.0029,0
4341,2.6083,0.7576,0.2258,0.7742,0.0968,0.0645,0.0323,0
4432,0.2472,2.7778,0.0,1.0,0.3333,0.0,0.0,0
3626,0.9066,1.087,0.6667,0.3333,0.0,0.0,0.4444,0
5472,1.0012,1.1364,0.0,1.0,0.1333,0.0667,0.0,1
2045,5.3582,0.8065,0.0,1.0,0.4333,0.0,0.0,0
2110,5.3662,0.4211,0.0968,0.9032,0.2258,0.0645,0.129,0
2418,4.5316,2.1818,0.1333,0.8667,0.7667,0.3,0.0333,0
4483,3.259,1.1429,0.0,1.0,0.05,0.025,0.0,1
3470,4.3156,2.6667,0.122,0.878,0.0732,0.0244,0.0,0
1912,2.8655,0.2963,0.2667,0.7333,0.2,0.0,0.0667,0
3006,2.0656,0.3871,0.0588,0.9412,0.6471,0.2353,0.0,0
1442,1.7731,24.0,0.0,1.0,0.2857,4.4286,0.0,1
4583,0.7173,1.2,0.2222,0.7778,0.0,0.1111,0.1111,0
5466,1.2028,0.6486,0.0,1.0,0.1667,0.1111,0.0,0
2403,4.4079,0.7059,0.0,1.0,0.0,0.0,0.0,0
1746,1.2552,24.0,0.1667,0.8333,0.0,0.1667,0.1667,1
1709,1.7098,0.5581,0.5,0.5,1.0,0.0,0.5,0
4848,2.0342,2.3,0.1111,0.8889,0.1481,0.0741,0.1111,0
4093,4.4619,1.2105,0.0,1.0,0.1,0.02,0.0,0
4474,1.5511,11.5,0.0,1.0,3.5789,3.0,0.0526,0
2753,4.9089,1.2105,0.3243,0.6757,0.0,0.0,0.2703,0
5540,2.4394,1.0,0.0811,0.9189,0.1892,0.1351,0.0811,0
4422,2.3954,0.6053,0.0,1.0,0.1724,0.4138,0.0,1
3940,4.8206,0.7667,0.0385,0.9615,0.0385,0.0192,0.0192,0
5393,1.6254,0.92,0.0417,0.9583,0.0833,0.0833,0.0,0
2711,7.6795,1.0455,0.0526,0.9474,0.1053,0.0,0.0,0
1805,1.8212,0.7667,0.0,1.0,0.2222,0.0,0.0,0
3646,2.2039,0.575,0.3182,0.6818,27.9545,0.5909,0.3636,0
4865,0.7508,1.0,0.0,1.0,0.0,0.0,0.0,1
755,13.0619,0.697,0.0741,0.9259,0.0,0.0,0.037,0
5366,0.8849,0.7333,0.0769,0.9231,1.1538,0.0,0.0,0
1865,0.0,1.2222,0.0,0.0,0.0,0.0,0.0,0
4588,0.7961,1.8333,0.1,0.9,0.0,0.0,0.0,0
2144,5.1108,0.9167,0.0667,0.9333,0.4333,0.1,0.0,0
1650,1.7709,1.375,0.0,1.0,16.375,10.75,1.0,1
622,14.6805,0.6286,0.04,0.96,0.04,0.0,0.0,0
5094,1.8643,1.2941,0.0385,0.9615,0.0,0.0,0.0385,0
3518,0.3115,0.5946,0.3333,0.6667,0.6667,0.0,0.0,1
2644,2.901,0.88,0.0,1.0,0.2381,0.0952,0.0,0
5683,1.414,1.5714,0.2727,0.7273,1.3182,0.2273,0.2727,0
1123,1.301,1.0476,0.0,1.0,0.0,0.0,0.0,0
4992,0.439,1.5714,0.0,1.0,0.1667,0.0,0.0,0
2299,1.1121,0.3385,0.0,1.0,0.2857,0.1429,0.0,0
4711,1.0854,0.88,0.0,1.0,1.1429,0.4286,0.0,0
5773,0.949,1.5714,0.2,0.8,0.0667,0.0,0.7333,0
4481,1.7932,1.2222,0.0,1.0,0.0909,0.0455,0.0,0
4535,4.2686,0.6471,0.0189,0.9811,0.1509,0.0377,0.0189,0
4405,1.1608,1.375,0.0714,0.9286,0.3571,0.2143,0.0,0
4416,0.4963,0.88,0.0,1.0,0.0,0.3333,0.0,0
4873,4.5722,1.5714,0.0,1.0,0.3279,0.0,0.0,0
3445,1.5903,0.4314,0.4,0.6,0.1333,0.0,0.4,0
3099,3.3001,1.2941,0.0,1.0,0.1429,0.0,0.0,0
4714,3.1768,1.375,0.0488,0.9512,0.122,0.122,0.0488,0
3302,8.2961,1.1579,0.04,0.96,0.1467,0.2133,0.0133,0
5544,0.4612,2.2,0.0,1.0,0.4286,0.1429,0.0,1
2345,4.2054,1.2222,0.1111,0.8889,0.0,0.0,0.0741,0
1943,5.0755,1.0476,0.0,1.0,0.1852,0.1111,0.0,0
336,20.654,1.2941,0.9474,0.0526,0.0526,0.0,0.4737,0
5571,0.7212,2.75,0.1818,0.8182,0.0,0.0,0.1818,0
2462,1.4835,1.9091,0.1,0.9,0.0,0.0,0.7,1
2686,1.4958,5.25,0.0,1.0,0.2727,0.1818,0.0,1
3639,0.0,1.4,0.0,0.0,0.0,0.0,0.0,1
1630,9.4113,0.9545,0.0,1.0,0.0476,0.0,0.0,0
633,8.0782,1.1667,0.0,1.0,0.0,0.0,0.0,1
5802,4.5955,2.3333,0.0274,0.9726,2.4521,0.5068,0.0,0
2177,5.0333,0.6,0.0667,0.9333,0.0333,0.0333,0.0667,0
4444,0.9863,0.525,0.0,1.0,0.0833,0.0833,0.0,1
3566,0.4097,21.0,0.0,1.0,16.75,7.75,0.25,1
1945,8.8261,0.84,0.1702,0.8298,0.0851,0.1489,0.0426,0
3887,0.0,0.84,0.0,0.0,0.0,0.0,0.0,1
4098,2.4065,1.6154,0.0,1.0,0.1852,0.1111,0.0,0
4964,2.8696,1.05,0.0,1.0,2.2051,2.1795,0.0256,0
2604,6.1717,0.875,0.0227,0.9773,0.1136,0.0,0.0,0
3683,0.9917,0.75,0.0,1.0,0.5,0.2,0.1,0
4595,1.8282,1.75,0.1304,0.8696,0.087,0.087,0.1304,0
1934,6.61,5.25,0.4571,0.5429,1.7429,0.3429,0.2857,0
4946,2.5108,1.8182,0.0294,0.9706,0.1176,0.0588,0.0294,0
3583,1.8349,0.5714,0.0,1.0,0.0556,0.0,0.0,0
2234,4.5779,0.625,0.3214,0.6786,0.1429,0.0,0.25,0
3638,2.008,0.7143,0.05,0.95,0.1,0.05,0.1,0
2873,2.1612,1.8182,0.2353,0.7647,0.0588,0.0,0.0,0
1721,11.6727,1.0526,0.0545,0.9455,0.0545,0.0,0.0182,0
5096,0.6451,1.5385,0.4444,0.5556,0.2222,0.0,0.2222,0
2480,0.0,20.0,0.0,0.0,0.0,0.0,0.0,0
1666,0.0,0.2941,0.0,0.0,0.0,0.0,0.0,0
2136,5.9849,0.3774,0.1143,0.8857,0.2286,0.4,0.0571,0
5437,1.2764,1.3333,0.1053,0.8947,0.6316,0.1579,0.3684,0
3952,0.5545,0.4255,0.0,1.0,1.6667,0.5,0.0,1
868,0.4208,20.0,0.0,1.0,2.0,0.0,0.0,1
4387,0.5828,1.1765,0.0,1.0,0.5714,0.2857,0.0,0
2949,1.1147,20.0,0.0,1.0,1.3333,0.3333,0.1111,0
588,11.1811,1.0526,0.3333,0.6667,0.1111,0.0,0.0,0
4446,1.3966,1.2667,0.1765,0.8235,0.1176,0.8235,0.1176,0
3897,8.0604,0.3065,0.0349,0.9651,0.0233,0.0,0.0233,0
4333,5.6478,0.2754,0.0597,0.9403,0.2388,0.1642,0.0597,0
4459,2.9489,2.1111,0.0278,0.9722,0.0278,0.0,0.0,0
1242,0.2941,19.0,1.0,0.0,1.0,0.0,1.0,0
3084,0.9475,2.375,0.125,0.875,0.375,0.25,0.125,1
1368,12.0148,0.5,0.0,1.0,0.0,0.0444,0.0,0
4589,1.2735,19.0,0.0625,0.9375,0.25,1.5,0.0,0
4372,0.6683,0.3878,0.125,0.875,0.0,0.0,0.125,0
2425,9.6396,1.0556,0.0938,0.9062,0.3281,0.0,0.0469,0
5754,0.3174,1.4615,0.0,1.0,0.0,0.0,0.0,0
1419,0.5148,19.0,0.0,1.0,0.0,0.0,0.0,1
5397,1.9626,0.7308,0.0345,0.9655,0.069,0.069,0.0345,0
1585,7.6046,4.75,0.0303,0.9697,0.0303,0.0,0.0606,0
3546,0.721,0.475,0.0,1.0,0.2857,0.0,0.0,0
3767,2.7149,0.6129,0.2143,0.7857,0.4643,0.0,0.1429,0
1914,4.5799,0.5135,0.0833,0.9167,0.0417,0.0,0.0417,0
3184,0.9177,0.8636,0.0,1.0,0.25,0.5,0.0,0
1331,10.9767,0.7917,0.05,0.95,0.6,0.025,0.075,0
2064,4.601,0.6552,0.2308,0.7692,0.1923,0.0,0.0769,0
3667,2.1913,0.2969,0.1818,0.8182,0.2727,0.2273,0.0909,0
2661,1.6471,0.5294,0.1667,0.8333,0.1667,0.4167,0.0833,0
4960,7.4376,0.5,0.0,1.0,0.0297,0.0594,0.0,1
4095,2.8542,0.8571,0.0,1.0,0.0,0.0625,0.0,1
2517,0.0,0.6207,0.0,0.0,0.0,0.0,0.0,0
3604,1.8242,0.5143,0.0,1.0,0.7778,0.3889,0.0,0
2774,3.1601,1.3846,0.125,0.875,0.2083,0.0417,0.125,0
3709,2.3634,1.3846,0.0833,0.9167,0.125,0.0833,0.0833,0
5149,0.8512,0.45,0.0,1.0,0.1667,0.0,0.0,0
2457,0.7433,1.0,0.0,1.0,0.0,0.0,0.0,1
2193,12.1583,1.0,0.0,1.0,0.0137,0.0959,0.0,1
3152,22.8281,0.1395,0.0,1.0,0.0355,0.1472,0.0051,0
2639,16.747,0.1208,0.0661,0.9339,0.0165,0.0,0.1074,0
2273,6.2669,1.2,0.0256,0.9744,0.2308,0.0513,0.0256,0
4480,1.386,1.2857,0.0588,0.9412,0.0,0.0,0.0588,0
2908,2.0096,1.0588,0.25,0.75,0.625,0.625,0.5625,0
4282,0.853,1.8889,0.0,1.0,0.4,0.3,0.0,1
4862,1.8781,1.4167,0.0,1.0,0.12,0.0,0.0,1
3733,2.5439,0.2464,0.2308,0.7692,0.0385,0.0385,0.1538,0
3304,2.3215,0.2429,0.1429,0.8571,0.1429,0.0476,0.1429,0
5077,0.0719,0.5,0.0,1.0,0.0,0.0,0.0,1
3269,2.3464,1.3077,0.0,1.0,0.0476,0.0476,0.0,1
3887,2.5371,3.4,0.037,0.963,0.0741,0.0,0.0,0
2554,6.1495,5.6667,0.1628,0.8372,0.4419,0.3256,0.1395,0
3571,2.0456,0.68,0.0,1.0,0.0,0.05,0.0,1
4865,1.4265,0.85,0.0526,0.9474,0.0,0.0,0.1053,1
2713,2.9619,1.0,0.0,1.0,0.2273,0.0455,0.0,0
3981,0.6422,3.4,0.0,1.0,0.1429,0.0,0.0,1
3109,2.4671,0.6296,0.5238,0.4762,0.0476,0.0,0.4762,0
2928,2.1206,0.7083,0.3529,0.6471,0.7059,0.0588,0.0588,0
3566,1.6388,1.8889,0.25,0.75,0.4375,0.0,0.25,0
3821,1.625,0.5484,0.0,1.0,0.1176,0.1765,0.0,0
2935,2.3645,0.7727,0.4211,0.5789,2.6842,0.0526,0.3684,0
3441,9.3409,1.3077,0.0455,0.9545,0.0455,0.0227,0.0341,0
4107,3.5573,1.2143,0.05,0.95,0.2,0.05,0.125,0
2201,1.9914,1.1333,1.0,0.0,0.0,0.0,0.5,0
3370,3.9018,0.6538,0.0,1.0,0.0,0.0,0.0,0
4181,1.5725,0.9444,0.1111,0.8889,0.0,0.0,0.1111,0
2499,1.7539,0.4474,0.0,1.0,0.5,0.0,0.0833,0
2279,6.571,0.9444,0.0,1.0,0.0488,0.0488,0.0,0
3729,1.2733,0.2909,0.3846,0.6154,0.1538,0.0,0.3077,0
324,6.7639,0.5517,1.0,0.0,0.0,0.0,0.1667,0
1734,1.6851,0.5333,0.375,0.625,0.0,0.0,0.375,0
2785,1.8361,2.0,0.0714,0.9286,0.1429,0.0714,0.0714,0
6332,0.1154,4.0,0.0,1.0,0.0,0.0,0.0,0
3492,1.4643,0.8889,0.0,1.0,0.0,0.0,0.0,0
5202,0.7723,0.5161,0.0,1.0,0.2727,0.0,0.0,0
5053,2.9636,1.6,0.122,0.878,0.0244,0.0,0.0976,0
6467,0.9037,2.0,0.0,1.0,0.0,0.0,0.0,0
3800,1.3457,0.2162,0.0,1.0,2.0,0.0714,0.0,0
5523,2.8437,1.3333,0.0,1.0,0.093,0.0,0.0,0
2960,0.2468,0.9412,0.5,0.5,0.0,0.0,0.0,0
5326,0.4801,0.9412,0.2857,0.7143,0.2857,0.0,0.4286,0
146,20.0137,0.7619,1.0,0.0,0.375,0.0,0.375,0
6294,0.6383,5.3333,0.0,1.0,0.0,0.0909,0.0,1
5482,0.2665,1.3333,0.0,1.0,0.0,0.0,0.0,1
2939,1.7399,1.0,0.0,1.0,0.2143,0.0,0.0,1
1925,0.9487,3.2,0.0,1.0,0.0,0.0,0.0,1
3487,23.0442,1.1429,0.1136,0.8864,0.1545,0.0364,0.0273,0
5709,1.2796,2.2857,0.05,0.95,0.15,0.0,0.05,0
4459,0.0,3.75,0.0,0.0,0.0,0.0,0.0,1
3110,3.171,0.8333,0.0,1.0,0.037,0.0,0.0,1
3813,4.6937,1.5,0.0204,0.9796,0.102,0.0,0.0204,0
3756,8.0713,3.75,0.0241,0.9759,0.0361,0.012,0.012,0
1220,3.892,1.0714,0.9231,0.0769,1.3846,0.1538,0.4615,0
2104,5.7287,0.75,0.0303,0.9697,0.0909,0.0,0.0606,0
4374,0.9186,0.75,0.2727,0.7273,0.0,0.0,0.0,0
2864,0.0,7.5,0.0,0.0,0.0,0.0,0.0,1
4448,2.7098,0.5556,0.1212,0.8788,0.1212,0.0,0.0606,0
3374,2.1651,1.25,0.0,1.0,0.05,0.0,0.0,0
991,1.4743,15.0,0.25,0.75,4.25,0.5,0.75,1
4266,1.2843,3.0,0.0667,0.9333,0.0667,0.0,0.0,0
1814,1.8122,3.75,0.4444,0.5556,3.0,0.4444,0.3333,0
5142,0.3552,1.3636,0.0,1.0,0.0,0.0,0.0,1
4918,2.5994,1.0,0.0286,0.9714,0.0,0.0,0.0286,0
2121,0.0,15.0,0.0,0.0,0.0,0.0,0.0,0
4454,0.82,1.875,0.0,1.0,0.3,0.0,0.0,0
1332,10.6943,1.875,0.0256,0.9744,0.0256,0.0513,0.0,0
4256,3.1753,0.8824,0.0,1.0,0.2703,0.027,0.0,0
2826,1.6802,0.8333,0.0,1.0,0.2308,0.2308,0.0,0
4469,1.7163,1.3636,0.0,1.0,0.0,0.0,0.0,1
5401,0.8791,0.875,0.0,1.0,0.0769,0.0,0.0,1
5226,2.3763,1.0769,0.0588,0.9412,0.3235,0.0882,0.0588,0
3287,0.2222,1.0,0.0,1.0,3.0,0.0,0.0,1
2824,3.3628,0.6667,0.0,1.0,0.0385,0.0,0.0,0
420,13.0446,0.5185,0.4,0.6,0.0,0.1333,0.0,0
4809,0.2279,3.5,0.0,1.0,0.3333,0.0,0.0,1
4011,0.1821,1.5556,0.0,1.0,0.0,0.0,0.0,0
4933,0.0,3.5,0.0,0.0,0.0,0.0,0.0,1
4171,0.9633,4.6667,0.0909,0.9091,0.0909,0.1818,0.0909,0
4188,7.2387,0.6087,0.0723,0.9277,0.5181,0.0,0.3855,0
2866,0.6372,2.0,0.2,0.8,1.6,1.2,0.0,0
4663,0.3916,2.8,0.0,1.0,0.2,0.0,0.0,1
3812,1.2456,2.0,0.0,1.0,0.1538,0.0,0.0,0
3823,0.0955,1.75,0.0,1.0,44.0,14.0,0.0,1
3717,1.3757,0.6667,0.0,1.0,0.0,0.0,0.0,0
6042,1.2695,1.75,0.5714,0.4286,0.0,0.0,0.5238,0
3839,0.2854,1.2727,0.0,1.0,1.6667,0.0,0.0,1
2245,8.4601,1.2727,0.0,1.0,0.2115,0.0385,0.0,0
4238,4.1369,1.0769,0.0417,0.9583,0.5833,0.1458,0.0208,0
199,11.0126,0.7,1.0,0.0,0.0,0.0,1.0,0
3961,0.1844,4.6667,0.0,1.0,0.0,0.5,0.0,1
1855,4.1349,0.359,0.0476,0.9524,0.1429,0.0476,0.0,0
1222,7.4724,0.875,0.12,0.88,0.56,0.04,0.0,0
3740,0.586,0.6364,0.0,1.0,0.0,0.0,0.0,0
1611,1.5871,1.5556,0.5714,0.4286,2.1429,0.0,0.0,0
4030,0.0,0.875,0.0,0.0,0.0,0.0,0.0,0
2209,1.9842,0.4375,0.0,1.0,0.0833,0.0833,0.0,0
1427,3.8393,0.6667,0.0667,0.9333,0.0,0.0,0.0667,0
2324,0.1572,2.0,0.0,1.0,0.0,0.0,0.0,1
4911,1.1156,2.3333,0.0,1.0,0.2667,0.0,0.0,1
3846,0.095,0.4667,0.0,1.0,0.0,0.0,0.0,0
1916,0.1906,0.4516,0.0,1.0,0.0,0.0,0.0,0
5747,0.8262,0.8235,0.0,1.0,0.0,0.0,0.0,0
4132,4.3314,0.3333,0.0408,0.9592,0.0408,0.0,0.0,0
993,12.506,1.0769,0.0,1.0,0.1176,0.1765,0.0,0
744,15.2188,1.0,0.129,0.871,0.1613,0.0968,0.0,0
1470,20.126,1.75,0.5062,0.4938,0.1728,0.0988,0.4074,0
2388,0.0,4.3333,0.0,0.0,0.0,0.0,0.0,1
1727,10.3632,1.0,0.0204,0.9796,0.102,0.0,0.0,0
2061,1.2405,0.7647,0.1429,0.8571,0.0,0.0,0.1429,0
5227,2.2361,0.9286,0.0312,0.9688,0.0,0.0625,0.0,0
2585,1.2717,0.8125,0.0,1.0,0.0,0.3333,0.0,0
5913,1.8531,13.0,0.0667,0.9333,0.3667,0.0333,0.0667,0
4030,3.9878,1.1818,0.1818,0.8182,0.2955,0.0682,0.1136,0
1634,0.2235,0.3611,0.0,1.0,0.0,0.0,0.0,1
4497,0.3249,2.1667,0.25,0.75,0.0,0.0,0.25,0
660,2.2136,13.0,1.0,0.0,3.0,0.5,0.75,1
1183,2.7787,0.5652,1.0,0.0,0.0,0.0,0.3333,0
2534,0.0,0.8667,0.0,0.0,0.0,0.0,0.0,1
3008,0.7286,3.25,0.0,1.0,0.5,0.1667,0.0,1
3985,2.2914,0.619,0.04,0.96,0.12,0.0,0.04,0
2704,21.7475,0.2955,0.0186,0.9814,0.087,0.0,0.0124,0
3090,12.175,0.9286,0.2913,0.7087,0.0583,0.0388,0.3301,0
3781,0.0966,0.325,0.0,1.0,1.0,0.0,0.0,1
5090,0.6458,0.8125,0.0,1.0,0.1111,0.3333,0.0,0
2404,3.1906,1.1818,0.1429,0.8571,0.0,0.0476,0.0952,0
2631,0.0,1.3,0.0,0.0,0.0,0.0,0.0,1
3022,5.6806,1.0,0.0,1.0,0.0,0.1064,0.0,0
4535,0.4832,4.3333,0.1667,0.8333,0.1667,0.3333,0.0,0
3964,0.5529,6.5,0.0,1.0,1.0,0.5,0.0,0
4342,2.103,4.3333,0.04,0.96,0.0,0.12,0.0,0
4280,2.7308,2.1667,0.0625,0.9375,0.0,0.0,0.0,0
5642,1.5537,2.1667,0.0,1.0,0.0,0.2083,0.0,0
1345,7.0606,1.1818,0.0,1.0,0.0385,0.0,0.0,1
2536,4.8969,0.4062,0.0,1.0,0.3529,0.0,0.0,0
2588,6.6332,1.0,0.0213,0.9787,0.7872,0.0851,0.0638,0
2289,11.6484,0.9286,0.0,1.0,0.0,0.0,0.0,1
4338,0.1684,2.1667,0.0,1.0,0.0,0.0,0.0,0
2911,16.8133,0.325,0.0597,0.9403,0.0075,0.097,0.0224,0
3011,0.2426,0.7647,0.5,0.5,0.0,0.0,0.5,0
2404,0.3039,0.9286,0.0,1.0,0.0,0.0,0.0,0
2558,3.7125,1.0,0.0385,0.9615,0.1923,0.1154,0.0385,0
4090,1.7861,1.0833,0.0,1.0,0.0,0.05,0.0,0
3127,0.4672,0.2549,0.0,1.0,0.5,0.0,0.0,0
2868,0.7641,1.3,0.0,1.0,0.1667,0.0,0.0,1
4703,1.1649,1.4444,0.1333,0.8667,0.0667,0.0,0.1333,0
5508,0.4642,0.7222,0.0,1.0,1.0,0.4286,0.0,0
5058,12.1317,0.1781,0.2143,0.7857,0.0774,0.0952,0.1548,0
1547,0.0,12.0,0.0,0.0,0.0,0.0,0.0,1
770,11.3844,1.0909,0.0,1.0,0.0,0.0,0.0,0
2459,1.0398,1.5,0.1429,0.8571,0.2857,0.0,0.1429,0
1643,0.2223,2.0,0.0,1.0,0.0,0.0,0.0,0
2028,3.9623,1.0,0.0455,0.9545,0.0455,0.0,0.0455,0
1369,9.0712,0.24,0.0294,0.9706,0.1765,0.0294,0.0,0
1850,3.7512,0.4138,0.0,1.0,0.3684,0.0,0.0526,1
1153,0.3168,12.0,1.0,0.0,0.0,0.0,0.0,0
3805,0.192,1.2,0.5,0.5,0.0,0.0,0.5,0
1861,1.9627,12.0,0.2,0.8,2.3,0.3,0.0,1
5106,0.9299,0.7059,0.0,1.0,0.0,0.0,0.0,0
2758,1.3243,1.2,0.0,1.0,0.5,0.2,0.0,0
3260,1.4565,3.0,0.1538,0.8462,0.5385,0.1538,0.1538,0
3593,0.8132,2.0,0.375,0.625,0.0,0.0,0.125,0
4153,1.9349,12.0,0.0,1.0,2.0909,1.0909,0.0455,1
4129,2.123,12.0,0.0,1.0,0.625,0.125,0.0,0
2574,2.2704,0.5,0.0,1.0,0.0625,0.0,0.0,0
1663,5.4908,0.7059,0.08,0.92,1.88,0.0,0.0,0
1142,5.4372,6.0,0.8235,0.1765,1.1765,0.0,0.5294,0
3704,1.3805,1.0909,0.0,1.0,0.0,0.1429,0.0,0
5523,0.2645,1.0909,0.0,1.0,0.0,0.0,0.0,1
2289,1.4361,0.8,0.0,1.0,0.3333,0.2222,0.0,1
4593,1.3519,4.0,0.0,1.0,0.0588,0.0,0.0,1
3879,2.7307,6.0,0.0345,0.9655,0.0345,0.0345,0.0345,0
4346,2.8575,0.8,0.0,1.0,0.0882,0.0294,0.0,0
2115,3.972,0.6,0.0435,0.9565,0.1304,0.0,0.0435,0
3583,0.0,0.2927,0.0,0.0,0.0,0.0,0.0,0
3562,0.9229,6.0,0.0,1.0,1.4444,0.8889,0.1111,0
422,13.8483,1.3333,0.75,0.25,0.0,0.0,0.0,0
3688,2.8721,0.4138,0.1379,0.8621,0.0,0.0,0.069,0
4156,0.3515,1.5,0.0,1.0,0.0,0.0,0.0,1
4525,23.8926,416.0833,0.0338,0.9662,16.0878,4.348,0.0608,0
5441,19.5346,104.9783,0.0,1.0,179.3368,15.4399,0.0859,0
4823,6.3614,3870.0,0.0238,0.9762,33.1071,19.8333,0.0476,0
2774,33.1806,49.4808,0.1825,0.8175,35.5357,3.4325,0.2698,0
2469,1.4793,2516.0,0.0,1.0,4.0,0.0,0.0,1
2369,14.0303,0.4916,0.2637,0.7363,5.8681,0.2418,0.1758,0
764,0.9562,0.592,0.5,0.5,21.5,1.5,0.5,0
3250,1.9105,381.5,0.0588,0.9412,43.4706,7.4118,0.2941,0
1645,11.1018,1496.0,0.0,1.0,5.18,5.8,0.0,1
739,1054.7273,1415.0,0.1026,0.8974,0.3941,0.2413,0.0684,1
2231,2.6195,688.0,0.0,1.0,12.6875,7.6875,0.0625,0
5139,0.2843,7.5774,0.25,0.75,3618.5,617.25,0.25,0
3547,2.3684,1236.0,0.0,1.0,14.2174,12.3913,0.0,1
1776,0.0,0.4835,0.0,0.0,0.0,0.0,0.0,0
4842,6.4119,1088.0,0.1882,0.8118,466.9647,103.3647,0.2118,1
2421,4.2243,1082.0,0.0,1.0,75.8929,2260.0,0.25,1
3978,12.2117,261.25,0.0075,0.9925,1.9624,48.0301,0.0226,0
5473,7.2076,71.1429,0.0093,0.9907,72.6296,17.5648,0.0648,0
974,2.625,29.0,0.0,1.0,9.4286,10.1429,0.4286,0
6396,8.623,3.6617,0.0397,0.9603,10.7351,1.7351,0.0728,0
2711,12.934,106.8889,0.2708,0.7292,16.6771,8.2708,0.2396,0
5897,10.2818,4.7253,0.0783,0.9217,44.2048,3.7349,0.0964,0
5319,6.0429,286.3333,0.0341,0.9659,0.875,1.3864,0.0,0
2783,5.9059,846.0,0.0667,0.9333,5.2444,0.7556,0.1333,0
4743,5.5446,1.129,0.0,1.0,2.4722,2.3611,0.0,1
5639,6.0886,38.8571,0.0213,0.9787,5.8617,1.117,0.0106,0
2262,7.1048,5.7299,0.2045,0.7955,2.4545,0.7045,0.1364,0
4520,33.0503,774.0,0.2029,0.7971,14.5452,2.912,0.1687,0
3681,2.6791,0.4512,0.1111,0.8889,2.5926,0.037,0.2222,0
5731,8.094,751.0,0.0315,0.9685,3.9528,0.8031,0.0236,0
2788,9.4326,0.6547,0.125,0.875,1.0833,0.0417,0.1111,0
4915,2.7496,39.0,0.1351,0.8649,7.8108,2.1351,0.1351,0
4527,1.1296,38.0556,0.0,1.0,67.8571,11.0714,0.1429,1
5392,3.387,673.0,0.22,0.78,331.58,36.52,0.3,0
5980,5.3138,0.6204,0.0345,0.9655,0.1494,0.0,0.046,0
2013,16.8744,5.2283,0.0968,0.9032,1.9785,0.2796,0.0968,0
2979,3.6782,0.614,0.0333,0.9667,0.8,0.1,0.0333,0
5956,6.8684,33.1579,0.0,1.0,1.6964,0.3482,0.0,0
2696,14.9026,125.2,0.0091,0.9909,1.4727,0.4273,0.0455,0
1245,7.6277,121.8,0.2308,0.7692,1.1538,0.2308,0.1538,0
3822,10.8944,606.0,0.1053,0.8947,6.2456,4.4035,0.1404,0
1769,6.6071,50.4167,0.3438,0.6562,5.125,1.0312,0.3438,0
3442,15.1745,12.3469,0.0,1.0,2.6224,1.5385,0.021,0
4901,2.1612,12.9783,0.3448,0.6552,12.0345,2.6207,0.8621,0
4155,5.2744,4.4211,0.0167,0.9833,9.6667,3.0833,0.05,0
4291,5.7882,0.743,0.1324,0.8676,7.1029,1.9853,0.1471,0
5957,24.5258,0.559,0.0725,0.9275,15.7475,1.8675,0.055,0
1397,13.0727,571.0,0.02,0.98,6.12,2.5,0.06,0
2127,5.1516,0.5182,0.0333,0.9667,0.7667,0.0,0.1667,0
1749,5.2208,0.6167,0.04,0.96,0.84,0.16,0.24,0
4789,0.3051,47.1667,0.0,1.0,602.25,170.75,0.75,1
3218,2.3835,28.05,0.2857,0.7143,50.9048,12.6667,0.4286,0
1871,2.9282,45.9167,0.0,1.0,0.2,0.0667,0.0,0
4905,10.1272,136.5,0.0074,0.9926,3.3971,1.1691,0.0221,0
5198,5.7619,545.0,0.1098,0.8902,6.0122,26.8902,0.1463,1
5210,4.627,16.9355,0.2121,0.7879,31.9091,2.8333,0.197,0
950,10.3808,0.6359,0.1481,0.8519,5.2963,0.037,0.1852,0
4591,13.127,19.1481,0.0,1.0,1.3394,0.7273,0.0242,0
5628,2.9853,0.9188,0.8696,0.1304,20.1957,2.7391,0.4565,0
5120,9.8446,25.0,0.0072,0.9928,0.3913,0.8841,0.0145,0
3941,5.4681,0.4097,0.0678,0.9322,0.322,0.1017,0.0339,0
1593,13.7571,1.0374,0.3,0.7,2.65,0.3833,0.1833,0
4658,3.9207,17.1379,0.02,0.98,2.82,0.52,0.04,0
3847,2.9433,485.0,0.0645,0.9355,5.2258,0.6774,0.2258,0
642,11.3785,238.5,0.8,0.2,26.45,0.25,0.3,0
2352,11.9576,5.1183,0.0779,0.9221,12.5065,1.2338,0.0519,0
3560,0.3078,475.0,0.0,1.0,26.6667,201.6667,0.0,1
1487,10.562,0.452,0.0465,0.9535,3.9302,0.6744,0.0465,0
2302,20.1506,467.0,0.0079,0.9921,3.6378,2.0866,0.0157,0
4168,7.3611,3.3478,0.1786,0.8214,38.881,2.2738,0.2262,0
475,13.8411,0.6519,0.4444,0.5556,2.8889,0.0,0.3333,0
6022,15.6484,30.2667,0.093,0.907,1.6899,0.4574,0.062,0
2816,6.7447,41.0,0.0577,0.9423,1.4615,0.7885,0.0577,0
6402,3.8796,110.75,0.0441,0.9559,76.9559,20.5588,0.1324,0
2450,14.4609,0.6662,0.1443,0.8557,3.3402,0.1443,0.1237,0
2377,3.8415,0.6733,0.04,0.96,2.68,0.04,0.08,1
4382,9.4188,28.4,0.0442,0.9558,40.7611,11.1062,0.0531,0
2255,3.0775,0.7023,0.0,1.0,2.5263,0.3684,0.0,0
3467,6.321,45.4444,0.0667,0.9333,19.6,3.3667,0.15,0
3666,3.1882,0.4405,0.0312,0.9688,0.375,0.0,0.0625,0
6380,5.7822,5.0506,0.1584,0.8416,0.505,0.2079,0.099,0
4995,3.7293,4.3111,0.0,1.0,4.4706,1.3529,0.0196,0
6459,7.9169,20.3684,0.0071,0.9929,1.8357,0.3786,0.0357,0
3413,5.993,0.8362,0.1786,0.8214,10.2143,2.8571,0.125,0
3347,12.4405,127.3333,0.0351,0.9649,3.1842,1.3246,0.0351,0
5003,5.4025,0.9669,0.1081,0.8919,8.1892,1.9054,0.1081,0
2992,29.5423,4.3103,0.0413,0.9587,17.7727,1.595,0.0992,0
3066,55.7524,1.8107,0.0064,0.9936,0.3098,0.1453,0.0064,0
6646,3.957,11.0303,0.0417,0.9583,110.1389,12.1528,0.0556,0
4932,1.9255,2.5245,0.0,1.0,77.9231,12.8462,0.3846,1
5320,5.6984,2.8203,0.0,1.0,1.2048,0.4217,0.0,0
6031,5.0872,3.0252,0.0,1.0,8.8214,2.5,0.0238,0
3254,12.9083,350.0,0.1565,0.8435,10.9652,1.3652,0.2087,0
5607,3.3874,349.0,0.2885,0.7115,5.75,3.0385,0.3462,1
2423,17.6369,11.6552,0.1453,0.8547,15.9402,1.1282,0.2222,0
3763,0.9706,5.678,0.1,0.9,17.4,2.8,0.0,0
2125,28.3606,1.3162,0.0424,0.9576,1.4727,0.303,0.0242,0
5648,1.8107,30.2727,0.0714,0.9286,19.9286,4.9286,0.2143,1
2814,4.6727,3.6374,0.0,1.0,1.0556,0.4444,0.0556,0
4408,1.7401,0.6846,0.3333,0.6667,0.7143,0.1429,0.2381,0
1693,11.2185,1.316,0.1731,0.8269,1.8269,0.1154,0.1731,0
5004,8.613,12.5769,0.1102,0.8898,0.7542,0.3136,0.0424,0
5935,16.924,12.5385,0.0291,0.9709,13.0582,0.9491,0.0436,0
1219,2.9963,0.5824,0.9,0.1,2.0,0.0,1.0,0
6646,10.1122,1.4771,0.0054,0.9946,4.6522,0.6522,0.038,0
4259,4.0307,1.3305,0.1277,0.8723,1.4043,0.3404,0.1489,0
1764,6.0047,4.5652,0.1034,0.8966,7.8276,0.3793,0.3793,0
1820,2.6089,12.44,0.0,1.0,22.3077,5.2308,0.2308,1
5020,25.6839,1.2531,0.1048,0.8952,4.8669,1.6289,0.0878,0
5949,0.614,61.2,0.0,1.0,7.0,2.3,0.0,0
1852,10.8471,0.9242,0.0545,0.9455,0.0182,0.0545,0.0364,0
6199,5.8921,148.0,0.0,1.0,0.75,0.62,0.01,0
3714,8.0642,4.0278,0.0488,0.9512,8.3415,1.2561,0.0732,0
2724,13.9449,22.3077,0.0288,0.9712,1.8365,0.2788,0.1154,0
1153,3.1678,0.7748,0.7,0.3,0.0,0.0,0.8,0
2054,6.2238,2.1729,0.0,1.0,0.3143,0.1429,0.0,1
780,5.151,0.7404,0.1818,0.8182,0.9091,0.1818,0.0909,0
3051,1.4366,0.136,0.0,1.0,0.9167,0.5833,0.0,0
2208,7.444,14.35,0.4444,0.5556,90.8,5.9556,0.4667,0
4769,7.3525,0.5686,0.0,1.0,6.8438,1.1562,0.0833,0
5392,4.5385,142.5,0.0149,0.9851,22.2239,15.7164,0.0896,1
6676,9.3009,12.9091,0.0176,0.9824,5.6588,0.7706,0.0,0
5526,0.9914,40.5714,0.1333,0.8667,2.6,3.0667,0.0667,0
1142,13.7528,0.9156,0.2326,0.7674,6.9767,1.4884,0.2326,0
4597,3.3371,56.2,0.0238,0.9762,9.0714,8.7619,0.0238,0
4996,3.2899,279.0,0.1111,0.8889,0.4444,0.3333,0.0667,0
2565,9.683,18.5333,0.0147,0.9853,1.4706,0.3824,0.0294,0
6331,2.3654,27.7,0.122,0.878,43.7317,7.4146,0.0976,0
6002,18.4998,11.0,0.0526,0.9474,8.3322,1.9276,0.0526,0
5045,6.3711,2.3333,0.0568,0.9432,0.9091,0.5568,0.0455,0
6532,2.9077,38.8571,0.0192,0.9808,16.7308,3.5962,0.0577,0
1457,4.011,30.2222,0.25,0.75,36.0,27.875,0.5,0
6337,7.0318,136.0,0.0,1.0,1.459,1.2951,0.0082,0
5815,15.8914,1.0675,0.0198,0.9802,2.0553,0.6324,0.0198,0
3797,3.3668,16.75,0.0,1.0,3.6571,1.2571,0.0,0
194,1.8827,0.9082,1.0,0.0,0.0,0.0,1.0,0
2504,31.7989,0.5019,0.0275,0.9725,0.1789,0.8578,0.0092,0
4724,8.1184,132.5,0.0286,0.9714,0.6381,0.3619,0.0,0
2029,3.6003,1.5,0.05,0.95,0.75,0.1,0.05,0
1619,15.1153,0.8976,0.0597,0.9403,0.0,0.0299,0.0149,0
5708,10.6862,18.7143,0.0479,0.9521,2.0359,0.5449,0.0479,0
3271,3.0149,64.5,0.037,0.963,4.5556,0.5556,0.0741,0
4654,2.9823,17.1333,0.1579,0.8421,2.1053,1.7895,0.1579,0
4404,31.2669,0.3617,0.0451,0.9549,0.1167,0.0106,0.0398,0
4089,2.5904,7.2571,0.3103,0.6897,0.1379,0.3793,0.1034,0
5749,4.765,0.4352,0.1333,0.8667,3.6667,0.6,0.08,0
1778,2.4651,1.1461,0.0833,0.9167,1.9167,0.1667,0.1667,1
4964,12.5086,0.3109,0.0118,0.9882,0.4059,0.0353,0.0059,0
4109,10.5779,250.0,0.2773,0.7227,16.3361,5.6555,0.3445,0
1930,7.5699,0.8646,0.125,0.875,1.425,0.575,0.1,0
1981,1.475,0.4422,0.0,1.0,0.5,0.0,0.0,0
5725,6.6351,0.738,0.1058,0.8942,12.5192,1.3269,0.1538,0
2742,4.529,9.037,0.0,1.0,1.7941,0.7059,0.0,0
1960,9.504,0.8873,0.0392,0.9608,0.0784,0.0196,0.0392,0
5415,3.8447,0.2905,0.0351,0.9649,1.4211,0.1228,0.0351,0
5703,5.5079,3.1169,0.0349,0.9651,0.186,0.1977,0.0465,0
4988,0.7323,1.4182,0.1,0.9,17.8,7.9,0.1,0
2839,10.6783,8.069,0.0843,0.9157,0.0241,0.012,0.0723,0
4175,5.774,5.825,0.3182,0.6818,18.9545,2.197,0.3636,0
5993,5.668,115.5,0.086,0.914,4.2151,1.3226,0.086,0
4113,8.7916,7.9655,0.0303,0.9697,1.4848,0.3535,0.0404,0
1748,10.0297,2.9231,0.25,0.75,3.375,0.9583,0.1667,0
1764,7.04,6.1081,0.2647,0.7353,7.3529,0.1765,0.3824,0
5781,6.3181,1.6917,0.03,0.97,1.06,0.28,0.01,0
2930,9.4741,4.3922,0.1053,0.8947,0.6974,0.0789,0.0526,0
5564,4.1356,20.1818,0.0,1.0,0.6349,0.873,0.0,0
6006,3.5272,24.3333,0.0,1.0,1.2586,0.431,0.0,0
4696,2.2556,16.6923,0.4483,0.5517,33.0,4.8966,0.4138,0
2443,4.6348,0.2294,0.0645,0.9355,0.129,0.0968,0.129,0
1432,12.7531,0.7855,0.16,0.84,0.64,0.14,0.16,0
5915,4.0755,13.375,0.0606,0.9394,1.197,0.6667,0.0606,0
3468,1.5798,53.5,0.1333,0.8667,53.5333,5.8,0.2,0
4783,4.1237,5.8889,0.0741,0.9259,11.3333,4.4074,0.0741,0
6496,4.6668,211.0,0.1205,0.8795,3.3976,0.4337,0.0482,0
1911,16.4372,12.2941,0.0698,0.9302,1.1279,0.4651,0.0581,0
3399,0.1075,209.0,1.0,0.0,420.0,224.0,1.0,1
3668,17.0277,0.3706,0.0585,0.9415,0.3567,0.0292,0.0526,0
3281,0.0,1.1183,0.0,0.0,0.0,0.0,0.0,1
2155,20.6777,2.4471,0.082,0.918,0.4344,0.1639,0.0656,0
2167,27.6424,3.9423,0.0976,0.9024,0.622,0.0915,0.0854,0
753,1.9402,0.8987,0.75,0.25,0.0,0.0,0.5,0
6326,0.6351,4.8571,0.0909,0.9091,0.5455,0.1818,0.0909,0
2826,1.6802,203.0,0.6923,0.3077,39.7692,17.4615,0.9231,0
2852,10.7577,8.375,0.2143,0.7857,9.869,0.7024,0.2738,0
5402,2.096,3.2951,0.0,1.0,22.2581,5.9677,0.0645,1
2107,16.295,4.2553,0.0638,0.9362,0.3936,0.0319,0.0319,0
5569,11.0841,9.9,0.0296,0.9704,1.2485,0.4556,0.0296,0
3795,0.1925,198.0,0.0,1.0,10.5,25.0,0.0,1
5946,2.0885,4.925,1.0,0.0,8.7353,0.8824,0.7647,0
3751,11.8796,0.9206,0.1475,0.8525,2.3852,0.1803,0.1557,0
5157,0.7083,17.8182,0.4,0.6,0.7,0.1,0.5,0
4254,0.8586,9.3333,0.0,1.0,0.6,0.1,0.0,1
4934,4.5897,13.0,0.0161,0.9839,0.1613,0.1774,0.0161,0
4140,15.6158,0.4176,0.0621,0.9379,1.1412,0.2712,0.0621,0
1662,10.5487,194.0,0.1667,0.8333,1.2917,0.3333,0.125,0
6261,4.842,8.7727,0.0241,0.9759,1.2048,0.3012,0.0,0
2135,2.224,0.6455,0.0,1.0,0.3077,0.1538,0.0,1
665,11.5342,0.3752,0.1905,0.8095,0.4286,0.0,0.1905,0
6424,11.2008,1.3768,0.0,1.0,2.3503,0.3604,0.0305,0
3605,2.9382,4.6098,0.1379,0.8621,3.2069,0.5862,0.2759,0
3485,9.5374,0.7402,0.044,0.956,1.0769,0.011,0.044,0
2251,42.9992,0.9894,0.0075,0.9925,0.3321,0.1811,0.0075,0
2273,1.1248,0.3358,1.0,0.0,1.0,0.0,0.7143,0
2969,1.4763,16.5455,0.0833,0.9167,27.0,1.25,0.0833,0
3823,1.0509,30.1667,0.3636,0.6364,76.3636,1.7273,0.5455,0
1441,10.8992,30.1667,0.0698,0.9302,0.6279,0.1395,0.0233,1
4496,8.0426,181.0,0.2222,0.7778,0.6364,0.1414,0.0606,0
1832,9.1711,1.0647,1.0,0.0,0.6957,0.5652,0.087,0
1785,3.0693,60.0,0.5333,0.4667,43.4667,1.9333,0.5333,0
6390,6.459,59.0,0.0088,0.9912,0.5133,0.2832,0.0177,0
5734,1.4651,0.2859,0.2174,0.7826,21.8696,1.7391,0.2609,0
2179,6.0344,1.0114,0.1389,0.8611,0.5278,0.1944,0.0278,0
4413,6.373,176.0,0.3896,0.6104,13.8701,27.1818,0.3896,1
2229,3.4411,12.5,0.0,1.0,1.619,6.8095,0.0,0
2778,5.2592,1.5625,0.025,0.975,1.325,0.45,0.025,0
5246,4.2471,3.3654,0.0164,0.9836,1.0,0.4098,0.0164,1
4800,3.6525,4.7027,0.0625,0.9375,2.5417,0.7292,0.0625,0
1869,5.8628,0.7457,0.0,1.0,0.1667,0.0667,0.0,0
5390,3.1849,86.5,0.1702,0.8298,2.383,0.5106,0.1277,0
5659,2.3236,28.6667,0.0,1.0,4.1111,2.4167,0.0,0
1669,7.2218,171.0,0.0,1.0,9.1818,7.8182,0.5152,1
4644,1.0224,10.0,0.0,1.0,3.3077,3.0,0.0,0
566,2.5813,1.0559,0.25,0.75,0.0,0.0,0.0,1
6115,7.1676,28.1667,0.0417,0.9583,7.2167,2.425,0.0333,0
4105,0.7118,42.25,0.125,0.875,1.0,0.375,0.125,0
5194,3.4458,7.3478,0.0816,0.9184,15.6327,1.6327,0.1837,0
4975,2.7898,28.0,0.0,1.0,0.5,0.2105,0.0,0
2586,18.7851,0.4541,0.0376,0.9624,0.2932,0.0677,0.0226,0
1890,14.494,0.7557,0.0,1.0,0.2,0.0,0.0267,0
3840,4.09,167.0,0.093,0.907,11.8605,5.8372,0.1395,0
4023,5.0843,4.5135,0.0357,0.9643,1.0893,0.4107,0.0357,0
1567,17.0155,0.6627,0.0137,0.9863,6.9041,0.0548,0.0274,0
1199,21.9333,2.9464,0.2639,0.7361,1.1667,0.1389,0.2222,0
721,10.1318,2.619,0.55,0.45,0.85,0.05,0.45,0
6229,5.8051,164.0,0.0909,0.9091,1.6768,0.4444,0.0909,0
2183,2.0078,1.0933,0.0833,0.9167,0.9167,0.3333,0.1667,0
5580,1.9637,9.6471,0.0333,0.9667,3.9333,0.4,0.0,0
2432,5.5568,2.2639,0.027,0.973,2.4054,34.8919,0.0,0
3182,3.5584,1.2214,0.2581,0.7419,1.5806,0.1935,0.1935,0
2034,5.028,0.8791,0.0357,0.9643,1.3214,0.25,0.0,0
4845,0.9046,32.0,0.0,1.0,7.5833,16.25,0.1667,1
1369,28.2809,0.186,0.1038,0.8962,0.217,0.0283,0.0566,0
1721,5.9425,0.6867,0.1429,0.8571,0.4286,0.0,0.0714,0
3231,2.487,159.0,0.0455,0.9545,300.9545,36.7273,0.1818,0
1895,25.4422,0.7067,0.053,0.947,0.2121,0.0152,0.053,0
4176,0.1749,52.6667,0.5,0.5,0.0,0.0,0.0,0
6117,11.5839,6.5833,0.0206,0.9794,0.4794,0.268,0.0155,0
1822,9.8229,1.2742,0.0816,0.9184,1.0612,0.1837,0.0816,0
1843,4.5582,0.0893,0.0,1.0,0.3043,0.0,0.0,0
3159,1.1562,158.0,0.0,1.0,5.5,7.1,0.1,1
1833,9.9632,1.0064,0.0,1.0,0.2,0.0,0.12,1
3579,1.939,22.2857,0.2105,0.7895,10.0,0.8947,0.2105,0
445,15.5949,0.6118,0.0526,0.9474,3.0,0.0,0.0,0
4452,7.2197,1.3805,0.0795,0.9205,0.6591,0.3523,0.0682,0
3162,3.0033,51.6667,0.0,1.0,14.3846,5.7692,0.0385,1
1789,5.7166,1.0132,0.0,1.0,1.3929,0.0,0.0,0
5582,1.2432,6.12,0.2632,0.7368,199.4211,16.6316,0.3158,0
3463,4.5353,12.5,0.0698,0.9302,0.4186,0.1163,0.0465,1
1905,8.628,16.6667,0.0222,0.9778,12.6889,2.8889,0.0667,0
4877,13.93,10.0,0.0054,0.9946,0.0753,0.129,0.0,0
4149,9.5076,4.2571,0.1204,0.8796,0.8889,0.2407,0.0833,0
2253,15.0769,1.0347,0.2151,0.7849,0.8925,0.2796,0.0968,0
2977,2.8219,0.8315,0.0,1.0,0.1304,0.0,0.0,0
4069,9.2457,0.6266,0.0291,0.9709,0.1942,0.2913,0.0291,0
4878,0.8985,1.9467,0.3333,0.6667,269.6667,27.3333,0.1667,0
4821,5.9095,0.5594,0.0256,0.9744,0.1795,0.0769,0.0256,0
3337,2.2985,0.4492,0.0952,0.9048,0.2381,0.0,0.0,0
6170,8.4653,3.1522,0.035,0.965,3.1259,0.5944,0.014,0
4773,7.0402,145.0,0.087,0.913,0.9457,5.7065,0.1196,0
6026,5.0308,1.7901,0.012,0.988,0.747,0.0843,0.0,0
6135,0.893,18.0,0.0667,0.9333,8.8,0.9333,0.0667,0
2050,3.0289,0.7619,0.0,1.0,0.3529,0.0,0.1176,0
3484,1.9919,6.7619,0.0526,0.9474,11.5263,2.6842,0.0526,0
1644,20.662,9.4667,0.0,1.0,0.3763,0.0645,0.0108,0
1850,20.1381,0.8875,0.0,1.0,0.0,0.0,0.0,1
3119,10.071,35.5,0.2093,0.7907,0.186,0.2558,0.1163,0
1944,2.4425,1.2261,0.2308,0.7692,0.3077,0.0,0.1538,0
3172,9.6724,46.6667,0.0119,0.9881,2.8929,0.6667,0.0119,0
2204,3.3144,0.5185,0.35,0.65,9.95,2.9,0.35,0
2446,4.9277,1.0072,0.1818,0.8182,10.2727,0.9091,0.2121,0
5959,3.4937,27.8,0.193,0.807,0.5439,0.3684,0.0877,0
4406,2.0725,69.5,0.04,0.96,9.0,2.64,0.08,0
5140,1.9186,6.5714,0.037,0.963,2.8889,0.5926,0.037,0
4570,4.8753,4.5667,0.1639,0.8361,8.4754,0.7541,0.0656,0
2087,23.6266,0.1343,0.0,1.0,0.2296,0.0296,0.0,1
5211,2.8738,3.7027,0.0732,0.9268,4.6341,1.0,0.1463,0
5504,0.3318,12.4545,0.2,0.8,0.8,0.6,0.2,0
6198,10.4896,136.0,0.0112,0.9888,1.2135,0.573,0.0169,0
5660,1.2906,4.5,0.0,1.0,75.6,19.1,0.3,0
3918,7.5511,0.7105,0.0741,0.9259,0.2099,0.0123,0.0864,0
5560,5.2554,3.0,0.125,0.875,8.5375,2.5,0.15,0
5815,4.2084,0.4804,0.1493,0.8507,6.6567,1.7612,0.0896,0
4607,3.7262,4.3548,0.0638,0.9362,31.2766,3.0213,0.2128,0
2300,15.8804,135.0,0.73,0.27,92.51,10.83,0.6,1
5962,0.7352,0.3025,0.1667,0.8333,0.5,0.1667,0.1667,0
3714,1.3768,26.8,0.1429,0.8571,0.5,0.0,0.0714,0
821,7.563,0.6768,0.0,1.0,0.0588,0.0,0.0,1
1747,7.3175,4.2903,0.0286,0.9714,0.7714,0.0286,0.0286,1
1351,30.0094,0.1696,0.2072,0.7928,5.5135,0.2252,0.1441,0
436,0.8377,1.2667,0.0,1.0,2.0,0.0,0.0,0
5544,3.887,7.8235,0.0,1.0,24.1017,2.0508,0.0169,0
5357,4.3636,1.4667,0.0,1.0,0.7344,0.0781,0.0,0
4396,6.2315,4.8889,0.0533,0.9467,1.0133,0.7733,0.0267,0
2221,2.4668,1.913,1.0,0.0,0.1333,0.0,0.1333,0
653,10.0681,1.2243,0.2222,0.7778,0.0556,0.0,0.1111,0
5826,5.8305,1.5663,0.043,0.957,4.4624,0.6344,0.0645,0
1877,8.1729,2.3636,0.0952,0.9048,0.381,0.4524,0.0476,0
1596,5.0348,129.0,0.5909,0.4091,14.0909,32.5909,0.6818,1
4837,2.4919,3.5833,0.1212,0.8788,183.7273,5.303,0.1818,0
2649,3.7228,8.6,0.037,0.963,0.0741,0.1111,0.0741,0
4677,1.64,1.0672,0.0476,0.9524,44.381,3.4286,0.1429,0
6082,1.9818,63.5,0.0,1.0,18.2727,5.2424,0.1818,0
6317,2.3706,25.4,0.0732,0.9268,4.0732,0.7073,0.0732,0
5323,3.7053,4.3448,0.0185,0.9815,1.2963,0.4815,0.0185,0
1170,6.5558,1.05,0.0952,0.9048,1.1905,0.0,0.0476,0
4511,1.4574,1.0504,0.0556,0.9444,106.7222,23.5556,0.1111,0
4872,3.3736,3.6765,0.1333,0.8667,1.7111,0.3556,0.0889,0
3867,5.006,2.2321,0.0377,0.9623,13.6792,0.6038,0.0566,0
2680,9.8127,0.6944,0.0972,0.9028,0.8194,0.2083,0.0139,0
2540,12.0791,0.6596,0.131,0.869,1.0595,0.3452,0.0119,0
5495,7.9763,0.7848,0.0417,0.9583,0.8667,0.125,0.0,0
1372,1.8635,0.1258,0.0,1.0,0.0,0.1429,0.0,1
1176,43.4821,123.0,0.2214,0.7786,0.9714,0.1857,0.0571,0
4711,9.0712,0.1395,0.0,1.0,0.4444,1.4615,0.0,0
3670,3.2843,20.5,0.3939,0.6061,1.3939,0.697,0.2424,0
5502,0.4647,15.375,0.0,1.0,267.5714,77.8571,0.2857,1
6638,2.5311,8.2,0.0652,0.9348,1.5652,8.413,0.0435,0
1069,5.1251,0.4786,0.2667,0.7333,0.1333,0.2667,0.1333,0
2264,1.452,0.8905,0.0,1.0,0.1111,0.2222,0.0,1
5765,8.4264,2.8372,0.0301,0.9699,41.7218,4.3008,0.0301,0
2646,0.138,9.3846,0.0,1.0,0.0,0.0,0.0,1
3471,4.1039,9.3846,0.0769,0.9231,23.359,5.3333,0.1282,0
5400,2.8408,6.05,0.0,1.0,2.5714,0.5952,0.0238,0
6172,4.3792,3.025,0.027,0.973,20.1622,3.3243,0.0946,0
5354,13.7122,0.3428,0.0299,0.9701,0.8159,1.3483,0.0249,0
3420,4.5923,1.4815,0.2558,0.7442,4.4884,0.4186,0.1628,0
1083,8.0942,119.0,0.2083,0.7917,1.125,0.75,0.2083,0
4654,3.6886,119.0,0.0851,0.9149,11.3191,9.4468,0.1277,0
6109,0.2989,7.375,0.2,0.8,0.2,0.0,0.0,0
5794,6.9974,3.8065,0.027,0.973,1.0811,0.4595,0.009,0
5275,31.7819,3.9,0.0283,0.9717,0.0806,0.1002,0.0044,0
4018,14.7264,117.0,0.0432,0.9568,0.4198,1.3395,0.0432,0
5113,13.0013,4.68,0.022,0.978,2.0385,0.533,0.011,0
4876,2.3221,117.0,0.0323,0.9677,37.1613,23.3871,0.0645,0
5820,3.3889,13.0,0.0,1.0,5.0,0.9444,0.0,0
3331,0.5483,58.0,0.0,1.0,0.2,0.0,0.0,1
4887,4.0359,116.0,0.037,0.963,9.4815,0.8704,0.2407,0
1335,3.5567,2.6364,0.0769,0.9231,1.9231,1.0,0.0,0
4071,2.871,0.4603,0.0,1.0,0.125,0.0,0.0312,0
5222,9.5824,0.2007,0.0219,0.9781,0.0073,0.0073,0.0219,0
4500,3.409,0.5859,0.2857,0.7143,0.3333,0.0476,0.0952,0
2339,11.5556,14.5,0.0135,0.9865,0.527,0.5676,0.0135,0
4904,13.7043,5.2273,0.0543,0.9457,0.2283,0.212,0.0326,0
5130,4.1295,0.2396,0.0862,0.9138,0.6897,0.431,0.0517,0
3452,2.0104,0.7325,0.1579,0.8421,0.6842,0.2105,0.1053,0
6671,4.1064,2.1111,0.0667,0.9333,5.56,1.8533,0.0133,0
4864,5.5568,3.5625,0.0405,0.9595,16.2568,2.0135,0.0676,0
4853,3.6879,19.0,0.0,1.0,0.7143,0.3061,0.0,0
5691,5.7762,4.1852,0.0222,0.9778,5.0556,2.9,0.0,0
6176,4.7904,3.5312,0.0,1.0,1.2099,0.2593,0.0,0
2077,3.8688,0.9262,0.0,1.0,0.1818,0.0909,0.0,1
5717,1.725,1.9483,0.0,1.0,43.5926,12.9259,0.037,0
4816,4.1713,0.2393,0.0,1.0,0.2727,0.2,0.0,0
1637,29.8983,4.44,0.0075,0.9925,4.709,0.8582,0.0299,0
4246,0.6882,15.8571,0.125,0.875,708.0,29.5,0.25,0
1393,12.5858,5.8421,0.1875,0.8125,0.0417,0.0208,0.1875,0
3715,17.8938,37.0,0.0549,0.9451,0.044,0.044,0.033,0
1458,0.7515,1.0777,0.0,1.0,0.6667,0.6667,0.0,0
5292,0.6902,11.1,0.1,0.9,6.3,1.7,0.2,0
2722,5.7699,1.7344,0.0465,0.9535,0.3488,0.0,0.0233,0
1546,0.4725,0.8284,0.5,0.5,6.0,0.0,1.0,0
1508,22.0409,1.4103,0.022,0.978,0.0879,0.033,0.022,0
3724,1.3731,0.5046,0.9286,0.0714,0.7857,0.0,0.8571,0
1828,6.9933,4.36,0.4571,0.5429,1.2571,0.0857,0.4286,0
3432,4.0441,10.9,0.4211,0.5789,0.2895,0.1053,0.3158,0
2957,4.3232,2.0769,0.1143,0.8857,1.8857,0.2286,0.1714,0
2490,15.4021,0.5654,0.2571,0.7429,0.0952,0.019,0.2571,0
3589,2.7478,0.7941,0.1111,0.8889,0.0741,0.0,0.1852,0
5704,4.8666,2.0377,0.0,1.0,0.9211,0.5263,0.0,0
4886,136.8006,0.1115,0.0022,0.9978,0.9443,0.0022,0.0038,1
2811,5.7172,1.8947,0.0,1.0,0.8636,0.0,0.0,1
4404,10.7817,54.0,0.0077,0.9923,0.4538,0.3231,0.0077,1
4094,8.0294,3.4839,0.0222,0.9778,5.3,1.2,0.0444,0
3322,3.5184,0.6772,0.0,1.0,0.0,0.0,0.0,1
3804,6.0491,1.597,0.0635,0.9365,1.2381,0.3968,0.0476,0
5078,3.956,107.0,0.0364,0.9636,1.4545,0.5273,0.0364,0
1983,2.7629,107.0,0.0,1.0,2.6,1.2,0.0,1
4660,0.9406,17.6667,0.0,1.0,54.1667,20.3333,0.25,0
4424,9.9073,0.1949,0.225,0.775,0.0583,0.0167,0.1833,0
3089,9.6959,1.1667,0.061,0.939,0.0122,0.0854,0.0,1
4461,7.942,2.6923,0.0928,0.9072,0.134,0.0825,0.1134,0
2735,3.3387,1.1053,0.16,0.84,1.96,0.2,0.16,0
4499,6.4136,2.625,0.0127,0.9873,4.2532,1.2785,0.0253,1
2319,59.0637,0.5622,0.0053,0.9947,0.0667,0.0187,0.0053,0
2902,9.6913,5.4737,0.039,0.961,3.2597,0.4286,0.0519,0
2979,3.3104,1.0196,0.1481,0.8519,0.1111,0.0,0.1481,0
4112,2.3095,1.253,0.0769,0.9231,6.6154,3.8077,0.0769,0
266,4.1194,1.0196,0.6667,0.3333,29.6667,2.0,0.6667,0
5759,2.9809,20.8,0.0,1.0,14.0,2.6383,0.0638,0
850,6.0159,103.0,0.4286,0.5714,1.5714,0.7857,0.2857,1
2810,7.9289,3.3226,0.0656,0.9344,0.459,0.1967,0.0328,0
1862,10.2003,0.945,0.0577,0.9423,0.8846,0.0577,0.0192,0
4333,6.0692,103.0,0.0139,0.9861,0.6667,1.125,0.0,0
4976,3.0095,25.75,0.0732,0.9268,1.4634,2.1463,0.0976,0
6027,2.7877,1.1705,0.1087,0.8913,0.2391,0.0435,0.0435,0
5423,2.6941,4.2917,0.025,0.975,1.375,2.25,0.05,0
1665,1.9743,3.9615,0.0,1.0,0.1111,0.0,0.0,1
5093,0.0717,10.2,1.0,0.0,9094.0,335.0,1.0,0
2099,5.2203,102.0,0.3333,0.6667,3.7,4.9333,0.2667,0
4134,1.5903,20.4,0.0556,0.9444,1.2778,0.6667,0.1111,0
449,2.4404,1.9245,0.0,1.0,0.0,0.0,0.0,0
3783,1.6414,0.7727,0.0588,0.9412,0.6471,0.2941,0.0,0
4959,15.0991,6.3125,0.0732,0.9268,0.5024,0.6878,0.0683,0
4449,2.545,33.6667,0.0,1.0,1.8065,0.3226,0.0,0
2891,3.5375,2.8857,0.0,1.0,3.8214,0.0714,0.0714,0
5268,4.6454,0.8938,0.0448,0.9552,0.1493,0.0597,0.0299,0
4413,15.4774,0.558,0.016,0.984,0.8663,0.1123,0.0107,0
5884,2.483,25.25,0.0,1.0,1.85,0.925,0.025,0
2786,1.7043,7.2143,0.2308,0.7692,7.2308,1.4615,0.2308,1
793,1.8424,1.1744,0.0,1.0,0.25,0.0,0.0,1
5395,5.6192,2.2222,0.0,1.0,0.6988,0.1084,0.0,0
1539,6.6452,0.7634,0.25,0.75,0.0357,0.0714,0.25,0
3144,4.9955,0.1221,0.0,1.0,0.0,0.0465,0.0465,0
4819,22.6623,0.5593,0.1839,0.8161,0.2475,0.1405,0.1204,0
4724,16.546,0.3194,0.0187,0.9813,0.0421,0.0047,0.0047,0
664,37.4051,0.9074,0.4118,0.5882,0.2941,0.0147,0.2794,0
2073,6.6954,0.1738,0.0,1.0,0.0263,0.0,0.0,1
2103,8.5103,1.5556,0.0204,0.9796,1.8571,0.2653,0.0,0
1890,2.1258,0.6667,0.6364,0.3636,0.2727,0.0909,0.5455,0
1721,8.4893,97.0,0.2,0.8,0.075,0.925,0.05,1
4580,3.6684,4.2174,0.087,0.913,9.9565,0.6304,0.5,0
1239,6.7803,0.651,0.087,0.913,0.087,0.0435,0.0,0
3705,1.5773,12.125,0.0,1.0,5.375,0.75,0.125,0
4813,2.049,13.8571,0.037,0.963,3.4444,1.4815,0.0741,0
3602,1.8252,5.6471,0.0556,0.9444,1.9444,1.1111,0.0556,0
4982,5.4252,3.5556,0.0676,0.9324,0.4189,0.1216,0.0135,0
5747,5.6564,0.0995,0.0337,0.9663,0.1798,0.0449,0.0112,0
5969,8.6891,1.2973,0.0986,0.9014,0.6056,0.1972,0.0775,0
2224,12.9743,2.1333,0.1013,0.8987,1.8608,0.4684,0.0886,0
4962,8.097,0.4528,0.0,1.0,0.2273,0.0636,0.0091,0
3626,11.1811,0.5486,0.0631,0.9369,0.1712,0.036,0.036,0
2538,52.0963,95.0,0.0,1.0,0.7265,0.0249,0.0055,1
862,2.5423,0.8261,0.0,1.0,2.0,0.1667,0.0,1
2887,12.1455,1.4394,0.0833,0.9167,2.4688,0.3333,0.0417,0
5957,7.6643,2.7143,0.016,0.984,1.136,0.272,0.016,0
1615,7.6895,1.338,0.0,1.0,0.0294,0.0,0.0,0
4311,18.9784,0.6169,0.0491,0.9509,1.2679,0.058,0.0848,0
4068,3.3221,1.5079,0.0,1.0,6.3784,1.0811,0.0541,0
1735,11.1575,0.5697,0.0943,0.9057,0.1509,0.0189,0.0566,0
1420,5.1444,0.4974,0.15,0.85,0.0,0.0,0.1,0
5011,3.7174,0.8785,0.0,1.0,1.6078,0.5294,0.0196,0
5416,4.8556,0.6309,0.0,1.0,0.7222,0.0694,0.0,1
1865,16.0592,2.0,0.0,1.0,0.5244,0.061,0.0,1
1978,3.8778,1.0333,0.0476,0.9524,0.7619,0.0,0.0476,0
5067,2.3067,1.7222,0.0938,0.9062,7.2188,1.875,0.125,0
1875,0.5844,93.0,0.0,1.0,13.0,1.6667,0.3333,1
3415,6.5242,1.2105,0.0,1.0,1.6393,0.1475,0.0164,0
4724,8.1184,1.3143,0.0381,0.9619,0.1238,0.0762,0.0476,0
5520,2.7129,0.902,0.0244,0.9756,0.1951,0.1707,0.0244,0
5355,0.9549,23.0,0.0714,0.9286,61.0,20.5714,0.1429,0
4071,40.374,1.011,0.0578,0.9422,0.0511,0.7489,0.0289,0
4875,7.2675,13.1429,0.0515,0.9485,0.2784,0.1031,0.0206,0
2121,11.1934,1.3143,0.0462,0.9538,1.1231,0.0615,0.0462,0
1847,0.1978,18.4,1.0,0.0,0.0,0.0,0.0,0
2014,6.1661,0.7077,0.2353,0.7647,1.7059,0.3235,0.0882,0
6032,3.1487,0.9381,0.0,1.0,0.3269,0.0962,0.0,0
2111,5.7097,1.1375,0.2727,0.7273,0.2121,0.1818,0.1515,1
2685,2.8567,1.5424,0.0,1.0,0.6667,0.1429,0.0,1
3032,6.8665,1.1375,0.1404,0.8596,1.8947,0.1579,0.0,0
1374,6.1141,4.3333,0.0435,0.9565,5.3913,0.1304,0.3478,0
1528,8.1273,0.302,0.0,1.0,0.1176,0.0,0.0,0
3167,13.8396,0.7563,0.1167,0.8833,0.0917,0.1333,0.075,0
3225,5.4363,30.0,0.0208,0.9792,0.4375,0.3542,0.0208,0
2663,7.5437,0.2695,0.1273,0.8727,0.2727,0.0182,0.0545,0
1552,0.0,0.6923,0.0,0.0,0.0,0.0,0.0,0
5228,0.5589,90.0,0.0,1.0,3.0,0.375,0.0,0
1557,19.9398,0.7563,0.0,1.0,0.0118,0.0,0.0,0
1812,5.0393,3.2143,0.28,0.72,1.96,0.28,0.2,0
3436,2.0197,90.0,0.1579,0.8421,47.2105,23.4737,0.1053,0
3801,4.2281,10.0,0.0227,0.9773,1.6136,0.75,0.0227,0
3321,2.9695,44.5,0.0,1.0,4.2593,0.6667,0.0,0
5176,8.9619,1.8163,0.0945,0.9055,0.0709,0.1024,0.0709,0
6641,3.3,0.6642,0.1667,0.8333,0.2667,0.2167,0.1667,0
5096,1.3618,2.119,0.2105,0.7895,0.8421,0.4211,0.1053,0
4179,0.1748,89.0,0.0,1.0,0.0,0.0,0.0,1
3121,8.7772,1.2535,0.0267,0.9733,0.44,0.2,0.0533,0
1685,15.8239,0.6096,0.0137,0.9863,0.0274,0.0411,0.0,0
2200,11.6216,17.8,0.0,1.0,0.3,0.0714,0.0,1
2366,3.3962,3.4231,0.0455,0.9545,22.1818,2.0909,0.1364,0
2447,5.672,5.5625,0.0,1.0,1.1842,6.2105,0.0,0
3893,10.5081,1.459,0.0179,0.9821,0.4821,0.0179,0.0179,0
2779,4.0744,2.0698,0.0,1.0,0.0,0.4516,0.0,0
5145,1.2069,2.0952,0.0,1.0,14.7647,2.7647,0.0588,0
2892,6.5674,0.5752,0.0192,0.9808,0.0,0.0,0.0,0
1963,0.9303,88.0,0.0,1.0,4.8,1.6,0.0,0
4766,3.372,88.0,0.0682,0.9318,0.0909,0.2727,0.0455,0
1627,0.6735,0.6929,0.0,1.0,0.0,0.0,0.0,1
2751,3.3192,0.8224,0.0,1.0,0.12,2.52,0.0,0
2652,10.1917,0.4656,0.1622,0.8378,0.3108,0.0811,0.0541,0
5459,4.2152,44.0,0.0159,0.9841,0.127,0.6349,0.0159,0
4299,0.6797,28316.75,0.0,1.0,3684.0,833.25,1.0,0
5036,5.4396,367.2022,0.04,0.96,126.0133,23.5867,0.28,0
6670,9.0902,3608.4,0.241,0.759,41.4337,5.3012,1.0,0
4508,13.0446,346.0833,0.1366,0.8634,35.0497,24.7329,1.0,0
3951,26.809,4639.6667,0.0069,0.9931,13.669,8.2483,0.0966,0
2209,1.1574,4417.3333,0.0,1.0,172.5714,18.0,1.0,1
4365,27.6971,110.8586,0.0211,0.9789,58.1964,14.3051,0.136,0
2117,27.7776,413.0417,0.0062,0.9938,170.9255,17.5776,0.118,0
4299,0.4248,9568.0,0.0,1.0,1034.6,63.8,1.0,1
1158,16.4016,0.5871,0.1538,0.8462,5.5962,0.5769,0.0962,0
5636,8.7489,4543.5,0.1704,0.8296,41.9704,16.2296,0.3481,0
2291,13.0731,187.4565,0.0122,0.9878,41.6463,11.0732,0.4146,0
1693,0.863,0.771,0.0,1.0,49.75,3.5,0.5,1
2242,26.5548,403.9,0.0,1.0,56.0123,29.7853,0.1166,0
3595,29.8702,363.4091,0.0238,0.9762,4.7619,0.1224,0.0476,0
4868,2.7761,29.9538,0.0811,0.9189,545.7297,56.2973,0.7838,0
4424,32.1988,1159.8333,0.1231,0.8769,8.2744,4.2282,0.1487,0
6436,13.904,16.1225,0.1143,0.8857,726.3184,56.2776,0.0939,0
1814,2.8189,6422.0,0.3571,0.6429,1615.7143,135.5714,0.5714,1
5540,4.8129,60.2642,0.0822,0.9178,18.9041,42.4795,0.1918,0
2386,6.1232,0.1133,0.025,0.975,4.95,0.5,0.125,0
3013,8.607,343.1765,0.1831,0.8169,35.3521,93.1549,0.5634,0
4005,23.5292,242.125,0.0504,0.9496,28.2984,1.9031,0.1008,0
3790,0.2891,5735.0,0.3333,0.6667,7022.6667,324.3333,1.0,1
5745,6.8663,8.3963,0.9074,0.0926,4.2963,0.3241,0.8796,0
4480,19.0778,14.1499,0.0769,0.9231,24.7991,2.4658,0.0769,0
6291,13.2955,87.5,0.0786,0.9214,149.9389,9.6463,0.179,0
1453,7.0385,0.3882,0.25,0.75,8.9643,1.6429,0.2857,0
3309,3.5322,4876.0,0.0625,0.9375,242.5312,48.4688,0.5312,1
2830,25.6837,0.2758,0.0452,0.9548,5.2563,1.2714,0.0251,0
5904,5.4441,25.5922,0.5909,0.4091,148.5795,11.4318,0.5227,0
4491,15.9405,62.0685,0.0561,0.9439,21.6276,3.7092,0.0816,0
3692,3.9572,191.7826,0.1,0.9,44.875,16.75,0.375,0
3770,1.2595,70.9839,0.0769,0.9231,17.9231,6.3846,0.0,0
1216,11.4141,171.4,0.0789,0.9211,4.5263,1.1316,0.0,0
5425,28.8834,81.3269,0.014,0.986,4.711,1.7809,0.0373,0
4762,0.9204,1392.6667,0.0833,0.9167,435.9167,102.3333,0.5,0
4711,6.5902,2045.0,0.0118,0.9882,88.5412,24.3882,0.0471,0
6277,1.222,93.8837,0.2857,0.7143,6.4762,3.1905,0.1429,0
1770,2.4763,0.1503,0.1667,0.8333,5.5,0.75,0.0833,0
4332,0.8431,3547.0,1.0,0.0,571.2,58.1,0.9,0
5688,12.907,12.1789,0.005,0.995,11.4279,2.0299,0.0348,0
5573,4.7844,164.0952,0.0,1.0,15.0548,2.5205,0.0548,0
4799,15.2219,3420.0,0.205,0.795,26.03,2.965,0.17,0
5238,3.2076,42.1899,0.0217,0.9783,82.8478,33.087,0.087,0
4115,1.1539,1107.3333,0.6923,0.3077,1406.9231,123.1538,1.0,1
4338,156.6079,49.1343,0.0624,0.9376,3.5161,0.8903,0.0532,0
2666,16.3034,22.5137,0.0,1.0,13.4874,1.9832,0.042,0
3237,1.0155,3268.0,0.8889,0.1111,1375.4444,54.8889,0.7778,1
2570,11.3696,12.2607,0.0125,0.9875,2.4125,8.875,0.0125,0
2687,3.1264,80.0278,0.0435,0.9565,21.7391,2.7391,0.1739,0
1354,42.3517,1.1524,0.1911,0.8089,2.414,0.2166,0.2611,0
1433,5.6075,1.1005,0.3636,0.6364,11.4545,0.5909,1.0,0
3065,32.652,156.5556,0.0182,0.9818,49.7701,10.1241,0.0365,0
4210,5.1187,4.2057,0.0847,0.9153,27.8983,2.2712,0.1356,0
3929,4.1833,21.0079,0.0667,0.9333,69.0667,10.3111,0.1333,0
3561,9.9492,6.4069,0.0619,0.9381,210.5052,13.9175,0.0722,0
2861,19.5328,31.3494,0.0523,0.9477,4.2484,0.4967,0.0784,0
2193,24.8163,2573.0,0.1745,0.8255,32.255,41.2685,0.3356,1
4730,19.9999,183.2143,0.0193,0.9807,3.9421,1.3127,0.0193,0
4925,5.6363,10.9372,0.0,1.0,1.7895,2.1184,0.0,0
5990,9.8782,8.3617,0.0556,0.9444,28.0494,5.5617,0.0926,0
6325,8.5466,2347.0,0.0405,0.9595,259.5743,23.0068,0.0541,0
2909,1.6323,2311.0,0.0,1.0,53.8462,15.5385,0.2308,0
2442,0.7479,0.1478,0.0,1.0,4.6,0.2,0.0,0
4851,5.8729,174.5385,0.1026,0.8974,39.7436,13.8846,0.3846,0
3711,1.2795,88.08,0.0,1.0,6.6923,6.8462,0.0,0
3378,5.9469,16.3359,0.1455,0.8545,44.8545,6.3818,0.1273,0
5812,6.2844,396.4,0.13,0.87,12.43,3.73,0.11,0
818,5.3582,1956.0,0.5,0.5,1333.9167,356.1667,0.4167,1
3316,4.5161,637.3333,0.0976,0.9024,20.9512,11.5122,1.0,0
2952,9.6509,30.2623,0.0,1.0,8.641,1.2179,0.0128,0
3634,54.9785,39.3261,0.0329,0.9671,4.2285,2.3766,0.0384,0
3491,21.3437,1784.0,0.2794,0.7206,41.4608,3.8775,0.299,0
1769,1.8583,1761.0,0.0,1.0,121.6667,13.5556,0.6667,1
1420,12.6037,1737.0,0.2449,0.7551,17.4082,9.6327,0.2041,1
2324,4.2434,845.5,0.0,1.0,228.7778,59.4815,0.2963,0
3019,2.0567,15.3486,0.5882,0.4118,444.2941,15.0,0.9412,0
6276,7.1583,5.7483,0.0,1.0,3.065,0.7724,0.0,0
5690,2.8244,4.824,0.0455,0.9545,1244.3182,167.6591,0.1591,0
6222,2.5829,327.0,0.0,1.0,9.8409,4.9773,0.0,0
5347,3.1422,19.2976,0.0435,0.9565,129.6304,8.0652,0.1739,0
1718,38.0557,1618.0,0.1006,0.8994,27.6592,32.5307,0.3575,1
4272,9.0629,1.5454,0.0189,0.9811,13.1226,1.9151,0.0283,0
3388,25.0112,10.911,0.0345,0.9655,3.6595,0.5,0.0302,0
2782,16.0174,0.686,0.1148,0.8852,3.5,0.1803,0.0656,0
4608,3.0913,13.3277,0.0513,0.9487,42.1795,14.7436,0.1538,0
2979,46.2233,1557.0,0.0,1.0,3.3899,9.1777,0.0451,1
4382,40.1758,70.5,0.0104,0.9896,1.471,2.0166,0.0187,0
2790,41.6306,0.4305,0.0912,0.9088,1.3396,0.0189,0.0849,0
3013,3.5155,7.8351,0.0,1.0,117.9655,12.0345,0.1379,1
4821,6.8944,100.5333,0.0549,0.9451,7.8571,2.5604,0.0659,0
5192,8.6529,64.9565,0.065,0.935,223.1057,31.0244,0.0894,0
4345,4.035,5.4906,0.0625,0.9375,3.4167,1.9375,0.0625,0
4691,3.3481,18.3125,0.0233,0.9767,53.6977,14.0,0.0698,0
5478,9.868,36.525,0.0405,0.9595,3.1284,5.5068,0.0743,0
2911,4.6425,27.4808,0.0,1.0,5.1622,2.027,0.0,0
2598,26.5713,0.1722,0.037,0.963,0.5873,0.1005,0.0106,0
5297,8.2055,36.4872,0.0924,0.9076,10.2689,4.1933,0.1176,0
286,35.7587,0.1549,0.4286,0.5714,1.8571,0.1786,1.0,0
2461,4.6009,699.5,0.0323,0.9677,13.7097,27.6452,0.1613,0
3785,7.2375,25.2727,0.0533,0.9467,5.9467,1.8933,0.0267,0
4822,4.6205,13.1442,0.0164,0.9836,10.8525,3.459,0.0492,0
2676,5.3232,1354.0,0.641,0.359,176.4872,21.641,0.8462,1
5904,6.4958,1349.0,0.0381,0.9619,63.419,7.0952,0.0571,0
1589,1.1493,0.4065,0.0,1.0,4.6,0.2,0.8,0
4497,12.8329,4.3967,0.0,1.0,23.3101,2.8418,0.038,1
742,0.9845,15.9643,0.0,1.0,25.0,5.0,0.0,0
2589,8.0414,17.8533,0.0175,0.9825,11.1228,4.8596,0.1404,0
3317,4.7349,1338.0,0.0233,0.9767,22.5581,4.8372,0.0465,0
2610,1.5394,21.4194,0.1818,0.8182,11.6364,1.2727,0.5455,0
1770,9.4924,0.4335,0.0435,0.9565,2.8913,0.2174,0.0217,0
4452,6.4813,217.6667,0.0759,0.9241,10.4304,3.6962,0.1139,0
4484,7.494,5.3724,0.0761,0.9239,7.2283,1.163,0.0543,0
3991,11.7144,1258.0,0.0391,0.9609,6.2109,1.5469,0.1094,0
4294,7.8256,1251.0,0.2717,0.7283,3.7935,1.0435,0.3152,0
4671,3.4406,8.6181,0.0682,0.9318,316.6818,48.0227,0.2045,0
5450,45.3714,0.229,0.0015,0.9985,0.7267,0.2038,0.0089,0
5718,7.0904,12.19,0.0541,0.9459,76.8198,15.9279,0.1622,0
1906,3.0661,0.3419,0.5,0.5,5.9375,0.3125,0.25,0
2853,9.8578,8.4126,0.013,0.987,5.5065,0.6753,0.026,0
5622,2.3388,598.0,0.5,0.5,868.8889,101.7778,0.6111,0
1524,11.5039,1194.0,0.125,0.875,23.2708,15.3542,0.6042,1
3815,4.787,169.8571,0.0,1.0,1.82,0.48,0.0,0
1942,37.2397,0.6712,0.0505,0.9495,8.4343,1.101,0.0657,0
4746,5.4641,9.6311,0.0563,0.9437,55.1127,10.7465,0.0845,0
5812,3.0794,61.7895,0.0,1.0,1.5306,1.0,0.0,0
3365,6.2955,2.6166,0.1552,0.8448,2.8103,0.1207,0.1379,0
6052,4.6471,27.4524,0.013,0.987,91.3117,11.7013,0.0779,1
4702,2.3304,0.3344,0.4333,0.5667,10.5,1.6333,0.2667,0
1931,12.2948,1137.0,0.0462,0.9538,13.2,12.4769,0.3385,1
1102,12.2634,1134.0,0.6486,0.3514,299.8378,220.6486,0.7568,0
3663,3.9885,558.0,0.3,0.7,7.75,64.95,0.375,0
3374,5.954,14.3896,0.0,1.0,4.5818,1.1091,0.0,0
4289,2.3845,16.8923,0.0714,0.9286,13.2857,9.4286,0.0714,0
5238,1.6735,5.8967,0.5833,0.4167,34.0,8.9583,0.4167,0
5768,21.7833,1.5211,0.1395,0.8605,2.5669,2.1686,0.1366,0
3699,23.6983,0.9107,0.025,0.975,2.4542,0.9458,0.0125,0
6048,2.4761,347.0,0.3171,0.6829,8.1951,4.6829,0.2195,1
4444,7.4792,0.1504,0.0,1.0,3.7033,0.6484,0.011,0
4954,2.8017,49.2381,0.0526,0.9474,25.6842,1.6579,0.0789,0
6564,5.3975,145.5714,0.0309,0.9691,77.0103,7.9794,0.0206,0
3647,10.0151,145.2857,0.02,0.98,0.43,0.07,0.01,0
3021,9.9141,6.0838,0.0122,0.9878,15.6829,1.5244,0.0488,1
5652,7.367,32.7097,0.0,1.0,1.1579,0.307,0.0088,0
2047,7.3157,1.4889,0.0488,0.9512,1.5854,0.1707,0.0,0
1702,7.511,142.4286,0.2571,0.7429,5.6286,1.3429,0.3143,0
5967,6.9169,198.2,0.4071,0.5929,3.0885,0.2566,0.2832,0
2482,3.0904,43.0435,0.0,1.0,1.381,0.0476,0.0,1
1783,5.1213,28.2,0.12,0.88,149.4,21.64,0.6,0
1963,12.2804,0.3618,0.0152,0.9848,2.9394,0.1061,0.0303,0
5879,4.2868,48.9,0.0,1.0,3.0145,0.9275,0.0,0
2457,7.5815,0.5891,0.0196,0.9804,6.8235,0.9216,0.0392,0
5801,4.7852,18.5769,0.0,1.0,3.2632,0.8947,0.0,0
4640,15.2712,79.75,0.1804,0.8196,0.5722,1.7474,0.1443,0
4450,6.4021,59.125,0.0513,0.9487,30.6795,7.8718,0.1026,0
5411,3.5101,1.888,0.0577,0.9423,14.4423,5.75,0.1346,0
1770,12.5877,0.5615,0.1148,0.8852,2.9016,0.082,0.0656,0
1833,2671.725,939.0,0.0001,0.9999,0.0318,0.2041,0.0007,1
1441,4.309,0.2391,0.0,1.0,1.5882,0.1176,0.0,1
2216,4.2854,923.0,0.0385,0.9615,3.7692,1.8462,0.1154,0
6109,15.4853,1.4299,0.0695,0.9305,15.5985,2.7799,0.0811,0
3308,3.3124,9.766,0.0,1.0,10.4333,0.7667,0.0333,1
4881,14.1431,114.625,0.0265,0.9735,2.7249,1.9788,0.0159,0
2608,11.204,0.4428,0.0375,0.9625,0.375,0.0375,0.0375,0
5405,2.9734,2.1947,0.1136,0.8864,216.7727,48.8409,0.25,0
4333,4.9734,2.2746,0.0339,0.9661,7.5763,0.678,0.0678,0
2097,9.2314,64.2857,0.0189,0.9811,4.7736,0.2075,0.0377,1
2390,11.309,1.4368,0.1757,0.8243,4.8108,0.1622,0.2297,0
3050,4.1914,15.7368,0.0,1.0,6.8,0.6857,0.0,0
4566,8.1593,63.7143,0.049,0.951,1.9216,1.0294,0.0196,0
4275,5.3826,42.1905,0.0,1.0,2.3016,1.6984,0.0,1
4328,3.4601,0.4136,0.0,1.0,4.9756,0.7073,0.0,0
2359,19.8186,5.25,0.0156,0.9844,5.8672,1.1953,0.0312,0
5862,7.6016,0.9887,0.0984,0.9016,5.5,1.6803,0.0328,0
6100,3.5327,5.6993,0.0339,0.9661,3.1186,1.678,0.0847,0
3965,2.3951,13.6825,0.2308,0.7692,8.9615,3.2692,0.2692,0
3791,2.6977,858.0,0.0,1.0,195.7857,17.2143,0.1786,1
3944,0.463,93.7778,0.0,1.0,3.4,1.0,0.0,0
3975,2.2053,139.3333,0.0417,0.9583,4.2917,1.5833,0.0417,0
6185,11.8108,17.7872,0.025,0.975,1.01,0.565,0.005,0
2779,2.6286,208.5,0.1,0.9,75.2,125.55,0.15,0
5031,8.712,206.75,0.0,1.0,3.6,0.6583,0.0333,0
4937,84.7096,0.3957,0.0271,0.9729,0.5293,0.0314,0.2952,0
6309,13.026,4.6364,0.0044,0.9956,7.2889,1.2711,0.0356,0
1074,14.6236,7.6571,0.2093,0.7907,8.7674,0.5116,0.1628,0
5045,2.8959,66.9167,0.0,1.0,115.2,11.55,0.075,0
4888,0.5978,0.1042,0.0,1.0,2.0,0.125,0.0,0
4027,2.3582,22.9412,0.0,1.0,113.0769,5.5385,0.1538,0
5375,22.4247,15.2941,0.0182,0.9818,0.3848,0.1,0.0061,0
4748,18.4625,0.9911,0.025,0.975,1.2667,0.3833,0.025,0
3918,1.0255,59.8462,0.2727,0.7273,2478.6364,216.0,0.3636,0
6075,0.4209,22.8529,0.5714,0.4286,1.2857,1.2857,0.2857,0
2520,9.856,1.3414,0.0147,0.9853,4.1324,0.3971,0.0294,0
5994,9.3841,773.0,0.1039,0.8961,17.9675,3.0195,0.1104,0
6669,3.5052,3.4356,0.5312,0.4688,20.3438,1.2188,0.3438,0
3192,15.9053,70.1818,0.0432,0.9568,2.6475,1.4245,0.0647,0
4641,2.9119,769.0,0.0,1.0,9.1351,4.6757,0.027,1
1595,15.5718,152.8,0.0441,0.9559,0.5441,0.0441,0.0294,0
3805,6.7194,29.2692,0.0429,0.9571,2.2571,1.1714,0.1,0
4244,6.0244,14.3396,0.1857,0.8143,5.2571,0.6,0.1429,0
3295,9.2005,0.6894,0.0241,0.9759,4.0602,0.5904,0.0361,0
1928,237.1852,754.0,0.0391,0.9609,0.9601,1.4018,0.0423,0
4587,2.3888,376.0,0.0333,0.9667,27.9,12.9333,0.0333,1
5891,7.5022,3.472,0.0331,0.9669,1.5124,0.9421,0.0579,0
3584,18.1402,2.964,0.073,0.927,3.9607,0.5112,0.0674,0
5233,1.1168,147.8,0.0625,0.9375,18.0,7.3125,0.0625,0
3625,6.1463,10.6232,0.0164,0.9836,0.7541,0.2295,0.0,0
3525,7.3568,48.7333,0.0563,0.9437,5.8028,2.8592,0.0563,0
2704,7.024,0.4818,0.1154,0.8846,1.4808,0.8269,0.0577,0
4493,12.9256,25.8929,0.0,1.0,3.2013,1.5975,0.0189,0
2655,17.4715,15.3191,0.0551,0.9449,5.9764,1.189,0.0315,0
1135,3.2181,715.0,0.4,0.6,512.8,45.8,0.5,0
4010,7.3779,24.5172,0.1358,0.8642,4.6049,2.4198,0.1605,0
4837,5.6634,236.6667,0.0,1.0,14.08,3.6667,0.0267,0
4539,5.9547,10.1429,0.0,1.0,3.5135,1.0811,0.0541,0
4125,5.7555,0.6639,0.0615,0.9385,1.2,0.0308,0.0769,0
4429,2.9688,11.3871,0.0556,0.9444,4.9444,2.0556,0.0833,0
3127,12.3814,1.0368,0.0,1.0,0.8396,0.1132,0.0094,1
3024,6.2808,8.381,0.0769,0.9231,7.3462,0.6154,0.1923,0
6587,5.2678,1.1861,0.0,1.0,19.2842,0.8947,0.0632,1
4832,17.8392,10.6061,0.1059,0.8941,2.0381,0.7288,0.0593,0
2616,3.0717,0.8016,0.0909,0.9091,0.9545,0.0,0.0909,0
3386,0.5394,99.7143,0.0,1.0,26.8,13.8,0.2,0
2414,6.96,0.4387,0.0652,0.9348,1.2174,0.1304,0.087,0
4369,23.1573,1.1834,0.0036,0.9964,4.2708,1.2744,0.0072,0
4624,5.0554,43.375,0.0312,0.9688,1.0625,0.3125,0.0312,0
5410,0.2025,4.1257,0.0,1.0,3.0,1.0,0.0,0
4038,44.8648,683.0,0.2036,0.7964,3.998,6.6734,0.1714,0
2395,17.0806,56.8333,0.1964,0.8036,4.3482,3.6161,0.25,0
1142,21.4289,0.4403,0.0,1.0,0.194,0.0299,0.0,0
1138,8.6659,3.5957,0.037,0.963,4.2593,10.0,0.1111,0
2191,12.1694,0.5892,0.0822,0.9178,1.2192,0.0274,0.0548,0
5239,10.2485,6.72,0.0544,0.9456,1.3741,0.6122,0.0816,0
5487,8.4539,4.5578,0.1181,0.8819,6.3937,0.5827,0.0709,0
4066,18.5949,13.34,0.0193,0.9807,2.3043,1.5314,0.0242,0
1874,11.6942,0.9737,0.4333,0.5667,1.1167,0.0333,0.3,0
3271,1.5633,666.0,0.2143,0.7857,627.2143,174.4286,0.9286,1
1374,30.0388,1.1705,0.3097,0.6903,3.8496,0.1504,0.4248,0
2659,3.5715,1.0375,0.0,1.0,2.4615,0.1154,0.1923,1
2833,6.9621,1.0392,0.0,1.0,1.3704,0.1667,0.0,0
1289,12.7512,0.952,0.0444,0.9556,0.2,0.0,0.0222,0
641,135.0456,0.9437,0.1688,0.8312,0.4641,0.0,0.0886,0
2587,5.6475,163.25,0.0,1.0,3.7,0.55,0.0,0
2480,93.3744,10.0308,0.1577,0.8423,0.9274,1.9164,0.1104,0
6251,2.4541,28.3478,0.119,0.881,7.2857,1.5952,0.1667,0
4998,6.8694,18.0556,0.0106,0.9894,89.9681,11.3511,0.1596,0
5198,0.4216,0.2109,0.5,0.5,1.1667,0.6667,0.5,0
6678,2.0784,19.0882,0.0526,0.9474,21.0789,2.3421,0.1053,0
5164,1.6268,161.75,0.2174,0.7826,35.1304,3.3913,0.2609,0
5204,4.2814,2.4286,0.1148,0.8852,6.623,0.9016,0.0984,0
2104,4.3399,644.0,0.4,0.6,26.52,6.68,0.52,1
1564,6.7725,1.0489,0.2759,0.7241,2.3103,0.0345,0.2069,0
2806,3.7749,27.9565,0.0,1.0,2.4828,0.3103,0.4828,0
1967,5.942,642.0,0.5312,0.4688,198.2188,61.8125,0.5625,0
1942,21.0649,0.6561,0.0357,0.9643,0.4196,0.0089,0.0089,0
2851,17.1671,0.8721,0.0224,0.9776,7.0075,0.709,0.0373,0
4904,35.0801,2.0744,0.0913,0.9087,0.3609,1.6815,0.0488,0
5503,7.9647,2.3933,0.025,0.975,0.775,0.0917,0.0167,0
4538,3.8634,4.8385,0.0,1.0,37.5833,1.4792,0.0208,0
4274,5.9821,23.2963,0.1143,0.8857,0.6286,0.2,0.0286,0
4279,2.7315,5.531,0.0312,0.9688,4.0625,189.0312,0.1562,0
2641,9.9576,89.1429,0.3472,0.6528,4.4306,2.8194,0.3472,0
3955,2.7705,207.6667,0.0,1.0,8.4333,3.0333,0.0667,0
2109,70.4868,4.3194,0.0319,0.9681,1.4644,0.0786,0.0344,0
2005,4.9186,1.0401,0.5926,0.4074,2.6296,0.1111,0.2222,0
2718,1.747,2.6538,0.0,1.0,6.6923,0.7692,0.0769,0
2553,6.2949,621.0,0.0,1.0,19.0227,6.0455,0.2045,1
4899,15.0603,4.106,0.0099,0.9901,2.698,0.3861,0.0198,0
3636,13.059,617.0,0.1462,0.8538,10.3846,5.0385,0.2077,1
4156,0.7031,6.1089,1.0,0.0,331.75,50.5,1.0,0
5740,4.0725,0.2584,0.1719,0.8281,38.75,5.6719,0.25,0
5479,0.3333,0.6574,0.0,1.0,3.2,0.2,0.0,0
2772,10.0141,3.1865,0.0,1.0,2.1316,0.1053,0.0395,0
5986,5.1865,4.0395,0.0471,0.9529,4.2471,0.7176,0.0235,0
3106,11.4067,40.6667,0.1443,0.8557,17.3918,4.4021,0.2474,0
6682,1.8585,0.1116,0.5882,0.4118,2.6176,0.3235,0.4412,0
1930,36.3358,608.0,0.2188,0.7812,3.5052,5.0,0.2396,1
2841,8.6138,1.8824,0.0448,0.9552,6.1343,2.9104,0.0149,0
5353,1.6376,151.75,0.0,1.0,25.9167,6.375,0.0833,0
5186,4.7892,18.3333,0.0,1.0,3.7353,0.8971,0.0,0
6040,2.6608,1.2878,0.1364,0.8636,9.6591,1.3864,0.1136,0
4422,0.4956,0.2122,0.1667,0.8333,1.6667,0.0,0.0,0
2747,1.8615,603.0,0.2143,0.7857,269.9286,47.4286,0.2857,0
2681,8.4467,5.3186,0.5161,0.4839,61.7903,2.5484,0.371,0
5669,3.9302,0.6152,0.082,0.918,21.0984,5.7049,0.1639,0
5425,8.8872,33.2222,0.0455,0.9545,10.3561,1.8485,0.0606,0
4690,6.4639,66.1111,0.0241,0.9759,1.2169,0.494,0.0241,0
1432,15.0487,0.4322,0.1186,0.8814,4.4407,0.0169,1.0,0
2628,5.1424,9.2344,0.027,0.973,20.2432,3.4324,0.1081,0
3266,0.7828,12.0,0.1429,0.8571,1.7143,0.0,0.1429,0
6248,13.6209,6.0619,0.0987,0.9013,23.412,4.2876,0.1373,0
2558,15.5638,587.0,0.0,1.0,8.4037,1.2569,0.0183,1
1298,1.6884,1.0034,0.5,0.5,6.6667,0.0,1.0,0
4847,3.4664,7.5584,0.0217,0.9783,2.0,0.1087,0.0435,0
3938,13.727,1.2129,0.0405,0.9595,2.0541,0.1892,0.0676,0
5844,3.4375,36.3125,0.0182,0.9818,15.4727,1.6909,0.1455,0
4842,1.8858,193.3333,0.04,0.96,5.96,0.32,0.16,1
4249,2.321,193.3333,0.037,0.963,2.0,1.1852,0.0,0
5765,5.7021,7.3974,0.1444,0.8556,6.3111,0.4667,0.1778,0
3878,3.4849,574.0,0.1351,0.8649,133.3514,22.8649,0.1892,0
1531,2.1471,573.0,0.8889,0.1111,112.6667,39.3333,1.0,0
2775,6.7127,2.8317,0.2745,0.7255,2.0784,1.1961,0.2157,0
6565,2.8931,7.8356,0.0577,0.9423,4.7115,0.5385,0.0385,0
4470,4.1673,6.1398,0.2353,0.7647,1.9412,0.7451,0.1961,0
4036,8.7783,63.3333,0.0,1.0,30.5567,9.1546,0.134,0
5287,11.9516,1.5746,0.0116,0.9884,2.5145,0.1618,0.0231,0
4352,3.2732,4.7417,0.0256,0.9744,2.3333,0.0513,0.0,0
1180,8.3574,1.0289,0.037,0.963,6.2222,0.1481,0.0741,0
4140,1.4998,47.3333,0.1765,0.8235,334.5882,17.0588,0.3529,0
3837,0.6663,1.7806,0.7143,0.2857,94.0,5.0,0.7143,0
1828,8.5918,3.0486,0.4884,0.5116,8.7674,0.6744,1.0,0
5506,16.8495,562.0,0.122,0.878,10.9843,14.9016,0.1614,1
3275,7.5838,51.0,0.1618,0.8382,2.6618,1.6912,0.1618,0
3400,0.2149,556.0,0.0,1.0,168.5,196.0,0.5,1
5184,11.9777,1.2198,0.0294,0.9706,6.1882,1.7765,0.0471,0
4845,6.4833,553.0,0.0233,0.9767,101.0465,7.7442,0.2326,1
6255,8.8174,1.3844,0.0199,0.9801,2.7616,0.4834,0.0331,0
2381,2.4544,15.25,0.9375,0.0625,366.8125,29.4375,0.8125,0
5816,0.5652,0.515,0.1111,0.8889,0.5556,0.0,0.0,0
3267,1.3416,91.1667,0.0,1.0,299.0833,76.5833,0.1667,0
1304,2.2408,1.1129,0.75,0.25,0.125,0.0,0.75,0
5302,19.4267,7.9118,0.0426,0.9574,5.5745,0.8652,0.0248,0
1690,7.1321,0.9027,0.1818,0.8182,3.6061,0.2727,0.1212,0
5136,3.2002,535.0,0.0444,0.9556,167.2222,40.8222,0.1556,1
3463,12.4457,14.8333,0.0,1.0,3.178,2.1017,0.0169,0
4792,8.6129,2.1673,0.0177,0.9823,51.4602,6.8319,0.0354,0
2652,7.2995,0.5343,0.0755,0.9245,2.283,1.0566,0.1509,0
5768,4.8759,2.2321,0.0649,0.9351,32.4026,2.987,0.0649,0
1532,11.9207,4.7232,0.36,0.64,0.62,0.12,0.32,0
4111,4.7977,0.4521,0.7963,0.2037,0.537,0.1296,0.0926,0
5708,0.7679,528.0,0.0833,0.9167,1.25,1.0,0.0833,0
4131,1.6799,8.3651,0.0,1.0,12.9474,1.1053,0.1579,0
1830,3.393,0.7028,0.1176,0.8824,0.3529,0.0,0.2941,0
5500,0.3985,19.3333,0.1667,0.8333,0.3333,0.6667,0.0,0
1828,2.5975,5.8539,0.5385,0.4615,283.3846,30.8462,0.8462,0
5550,2.435,3.46,0.027,0.973,14.5676,1.1351,0.1622,0
4129,4.5999,0.8196,0.0,1.0,4.1346,1.8269,0.0192,1
560,17.6103,516.0,0.6667,0.3333,15.037,4.2222,0.4444,0
6560,9.2426,0.7413,0.0482,0.9518,2.5482,0.3494,0.0361,0
4011,4.6442,23.2273,0.0588,0.9412,51.098,7.7843,0.0784,0
2442,8.2264,21.2917,0.0364,0.9636,1.3818,0.0909,0.0545,0
3982,7.2463,5.7955,0.0759,0.9241,0.8354,0.7342,0.038,0
3285,4.1139,22.1739,0.0541,0.9459,15.6486,4.2162,0.1622,0
3432,2.0221,509.0,0.2632,0.7368,355.2105,42.7368,0.5263,0
4333,11.4641,3.1358,0.0294,0.9706,13.9779,2.6618,0.0515,0
5213,13.4525,1.924,0.0677,0.9323,20.8229,3.6458,0.099,0
5289,4.9722,10.1,0.0278,0.9722,0.8472,0.3056,0.0278,0
6366,3.4999,0.6222,0.0328,0.9672,2.0164,0.5902,0.0656,0
2178,8.385,7.9683,0.0,1.0,1.6,1.3,0.0,1
5213,10.0193,501.0,0.021,0.979,2.6224,1.2308,0.007,0
5103,7.2291,2.9762,0.0,1.0,27.8317,3.7921,0.0891,0
2926,0.0,499.0,0.0,0.0,0.0,0.0,0.0,0
1873,7.8003,0.5764,0.075,0.925,1.25,0.175,0.175,0
3464,2.636,497.0,0.0,1.0,15.04,2.68,0.04,1
2281,2.562,2.2143,0.0,1.0,2.5,0.1875,0.0,0
4089,12.5055,0.3603,0.0357,0.9643,0.6214,0.0786,0.0071,0
3436,16.6892,2.1336,0.0127,0.9873,2.3885,0.6433,0.0255,0
2595,1.2668,0.689,0.4444,0.5556,24.4444,31.6667,0.4444,0
3648,24.7305,491.0,0.332,0.668,1.9231,1.4332,0.2389,1
5528,2.3125,1.4613,0.0571,0.9429,78.2571,12.7429,0.0286,0
3455,0.6343,98.2,0.3333,0.6667,361.3333,187.8333,0.3333,0
3720,7.1675,1.369,0.0548,0.9452,2.6301,0.1781,0.0411,0
3103,0.5885,486.0,0.0,1.0,19.2,39.2,0.0,1
3156,3.2405,0.6383,0.0,1.0,1.8929,0.1071,0.2143,0
4391,12.7268,9.0,0.1046,0.8954,2.5163,0.3791,0.0915,0
3755,3.9881,5.3297,0.0,1.0,35.3902,10.4146,0.0488,0
5324,6.1058,15.6129,0.0337,0.9663,3.9775,1.7079,0.0899,0
2272,18.3268,7.6667,0.0965,0.9035,0.8333,0.7719,0.0702,0
4264,5.1395,0.7188,0.0167,0.9833,2.5167,0.1667,0.0,0
5318,25.4123,2.5104,0.0946,0.9054,2.1432,0.6892,0.0486,0
4850,8.0581,40.1667,0.2336,0.7664,51.2056,6.8692,0.2056,0
2704,7.5643,7.6349,0.375,0.625,25.9286,1.1071,0.3571,0
4398,8.3049,31.9333,0.0,1.0,5.05,1.5,0.03,0
3421,0.7474,476.0,0.0,1.0,44.2857,40.7143,0.5714,1
4638,3.1501,238.0,0.0,1.0,31.8,4.7,0.1,0
5712,3.9645,476.0,0.0,1.0,82.8871,6.0806,0.0968,0
5113,1.0715,19.7917,0.0,1.0,0.6667,0.0667,0.0,1
5149,0.0,59.25,0.0,0.0,0.0,0.0,0.0,1
3019,10.4046,0.0745,0.0698,0.9302,0.7442,0.0116,0.093,0
2355,8.3752,3.5414,0.1111,0.8889,6.8704,0.5926,0.037,0
1872,143.4075,1.4144,0.2163,0.7837,0.2884,0.1578,0.2245,0
6402,10.9541,6.7286,0.0781,0.9219,7.8229,1.1406,0.0781,0
3316,11.896,6.7,0.0093,0.9907,17.9537,2.9722,0.0648,0
908,12.8722,0.6223,0.2188,0.7812,2.6562,0.1562,0.0625,0
2169,8.083,0.7366,0.25,0.75,2.7917,0.0417,0.1458,0
6276,1.6295,2.3069,0.0357,0.9643,4.7143,2.3929,0.1429,0
6446,10.936,5.1667,0.1295,0.8705,1.3627,0.9016,0.1036,0
6516,8.9126,7.4839,0.1698,0.8302,14.4717,3.6101,0.1698,0
6475,14.328,14.9032,0.0118,0.9882,9.3937,1.4764,0.0236,0
2049,0.3565,11.55,0.0,1.0,4.0,1.5,0.5,0
5376,11.2102,12.8333,0.0788,0.9212,0.9212,0.4909,0.0727,0
6340,7.9502,25.6111,0.0072,0.9928,4.1739,0.8696,0.029,0
3653,9.9986,1.8852,0.02,0.98,3.62,0.43,0.02,0
993,6.253,1.0222,0.1176,0.8824,1.2353,0.0,0.0588,0
3342,1.0929,57.25,0.1,0.9,33.3,12.6,0.4,0
4267,23.4541,2.106,0.0584,0.9416,2.573,0.5365,0.0474,0
6297,12.9348,456.0,0.009,0.991,21.0628,18.9686,0.0897,1
6132,48.5451,1.7395,0.0515,0.9485,0.719,0.4883,0.0282,0
4332,1.602,4.3654,0.6842,0.3158,0.7368,2.0526,0.3158,0
5218,0.77,2.1942,0.3636,0.6364,49.4545,35.2727,0.5455,0
5501,1.0624,0.6565,0.125,0.875,1.1875,0.375,0.1875,0
3877,0.8479,451.0,0.1111,0.8889,205.5556,86.5556,0.3333,1
6618,4.2497,4.3269,0.039,0.961,1.3377,0.3247,0.0,0
5351,3.8225,1.9522,0.0357,0.9643,3.375,0.7321,0.0179,0
2118,15.3481,0.6535,0.0449,0.9551,0.8202,0.0562,0.0112,0
6054,1.991,4.7053,0.0606,0.9394,158.8182,15.2424,0.0606,0
4848,5.1231,447.0,0.0441,0.9559,1.5588,10.9412,0.0441,0
3160,0.6935,0.6368,1.0,0.0,0.0,0.3333,1.0,0
2581,2.2642,1.0183,0.0,1.0,7.5625,0.625,0.0,1
3346,12.1168,0.2958,0.0,1.0,0.5946,0.036,0.0,1
2097,1.7418,0.7508,0.0,1.0,0.4,0.2,0.0,0
2041,12.5269,5.8553,0.0286,0.9714,2.8714,0.1857,0.0143,0
5664,3.9981,20.2273,0.0323,0.9677,8.8548,2.4355,0.0968,0
3528,7.247,3.4496,0.0143,0.9857,2.9571,1.6857,0.0143,0
5498,9.7657,34.1538,0.068,0.932,14.0952,4.2245,0.0816,1
5425,0.202,444.0,1.0,0.0,449.6667,82.0,0.3333,0
5526,7.3367,1.3899,0.036,0.964,2.8378,0.6396,0.0541,0
2559,8.7066,6.4058,0.1639,0.8361,3.6066,0.4262,0.1639,0
5654,1.8734,88.0,0.0345,0.9655,2.8966,1.4138,0.0345,0
5445,9.6595,4.9326,0.0,1.0,1.4444,0.5278,0.0208,0
4726,1.4684,438.0,0.0,1.0,26.2105,21.7895,0.1053,0
3472,3.7872,3.0629,0.0,1.0,24.9722,2.3056,0.0833,1
2075,7.569,8.549,0.0233,0.9767,1.5349,0.1628,0.0,0
2350,0.3109,436.0,0.0,1.0,478.0,20.0,1.0,1
6478,0.6766,0.8286,1.0,0.0,12.75,0.8333,0.8333,0
1713,6.1835,1.0535,0.1034,0.8966,9.9655,0.2069,1.0,0
4115,3.2841,8.66,0.1081,0.8919,3.7838,0.2703,0.0811,0
4411,14.6564,1.2308,0.0056,0.9944,23.209,3.1808,0.0282,0
2956,11.4913,4.6452,0.043,0.957,9.8065,1.0215,0.086,0
4807,0.9118,10.2619,0.0833,0.9167,25.9167,9.6667,0.25,0
2311,5.8478,143.6667,0.0,1.0,12.6216,7.4595,0.027,1
5935,4.3695,7.431,0.0141,0.9859,1.8169,0.6761,0.0,0
6230,2.521,214.0,0.0,1.0,3.0233,0.9767,0.0233,0
4061,13.8509,7.1,0.0584,0.9416,7.3766,1.8377,0.0714,0
4844,3.4685,3.4,0.1739,0.8261,17.8696,3.1957,0.2609,0
4735,1.0028,2.5449,0.0,1.0,19.2308,16.2308,0.0,0
2956,3.5833,11.8056,0.1034,0.8966,15.3793,2.6207,0.1379,0
1544,18.9249,3.2868,0.0625,0.9375,2.5875,0.275,0.075,0
5372,9.7228,18.3913,0.028,0.972,5.4965,0.972,0.035,0
3941,18.2579,11.6944,0.0,1.0,0.9036,0.6396,0.0,0
4227,2.6787,421.0,0.0,1.0,4.871,5.0645,0.0,0
3605,16.92,0.7656,0.0659,0.9341,3.1497,0.6766,0.0659,0
4547,1.1246,17.4167,0.0714,0.9286,4.7143,4.0,0.2143,0
2890,3.7915,1.0504,0.4333,0.5667,4.6,0.1667,1.0,0
770,9.9614,0.678,0.8095,0.1905,0.1905,0.0,0.8571,0
5889,5.7061,2.2063,0.0543,0.9457,9.6739,9.1957,0.087,0
2925,30.9682,0.3193,0.004,0.996,0.621,0.0242,0.0081,0
2306,4.2766,0.3111,0.037,0.963,3.4815,0.1852,0.0,0
2917,19.5334,4.3333,0.5897,0.4103,3.1154,0.6667,0.4231,0
5239,4.1133,2.1173,0.0678,0.9322,53.8475,20.0678,0.0678,0
4218,10.7376,0.1331,0.0,1.0,0.4274,0.2258,0.0081,1
3379,11.8904,3.7054,0.1182,0.8818,1.3091,0.0909,0.0909,0
3210,7.0547,2.065,0.1613,0.8387,52.5806,6.9194,0.129,0
3931,8.3624,0.9856,0.1222,0.8778,1.2556,4.6,0.1333,0
4399,8.8012,137.3333,0.0189,0.9811,0.9811,1.6509,0.0283,0
3123,6.6664,411.0,0.0,1.0,6.193,2.8596,0.0351,1
1082,10.4646,5.3377,0.1613,0.8387,4.1935,0.0645,0.9677,0
5039,1.0148,19.5714,0.2143,0.7857,10.6429,5.6429,0.0714,0
4022,29.4234,24.1765,0.0432,0.9568,0.6204,0.3611,0.0247,0
5612,4.7511,8.0196,0.0822,0.9178,1.7671,0.1644,0.1096,0
5459,2.0741,12.7812,0.4516,0.5484,8.0323,9.2258,0.6129,0
5852,11.1098,8.6809,0.1124,0.8876,46.5562,7.7697,0.0787,0
5641,6.0217,45.3333,0.0538,0.9462,3.4624,0.3548,0.0645,0
4631,3.076,34.0,0.0,1.0,8.4615,5.9487,0.0256,1
1768,5.3713,4.9036,0.1154,0.8846,2.4231,0.1538,0.1923,0
1602,0.228,407.0,1.0,0.0,0.0,0.0,1.0,0
4241,4.1339,40.6,0.0,1.0,102.8125,12.9583,0.0208,0
3919,31.0355,3.9417,0.012,0.988,0.5195,0.003,0.006,1
4807,8.89,2.6026,0.0769,0.9231,2.1624,0.6325,0.094,0
5062,3.8242,2.3143,0.0189,0.9811,23.0,3.5094,0.0566,0
5298,24.0604,1.2385,0.0,1.0,0.5845,0.0802,0.0,1
3481,1.1542,67.3333,0.8182,0.1818,2.9091,0.4545,0.8182,0
3291,5.2163,5.3158,0.0638,0.9362,12.3404,1.5957,0.0638,0
6282,3.4885,5.3026,0.2167,0.7833,2.6,0.1667,0.15,0
2790,12.175,1.0281,0.1828,0.8172,6.6129,1.0323,0.1398,0
1924,21.6416,0.3893,0.0351,0.9649,0.7632,0.0175,0.0088,0
679,23330.2765,401.0,0.0828,0.9172,0.0126,1.089,0.1368,1
2491,9.2376,2.381,0.0159,0.9841,0.6984,0.4921,0.0,0
4702,15.769,0.8808,0.3448,0.6552,1.6108,0.3251,0.0591,0
1229,1.7832,0.7014,0.5,0.5,1.8333,0.0,1.0,0
3661,3.9907,0.8302,0.075,0.925,0.425,0.15,0.1,0
2844,14.8977,0.3114,0.0172,0.9828,0.3534,0.1466,0.0,0
1763,2.6933,56.4286,0.0769,0.9231,0.6923,0.0769,0.0,1
4347,0.8402,395.0,0.3,0.7,1.3,0.0,0.3,0
1728,14.1619,0.7467,0.1194,0.8806,0.6418,0.0746,0.0448,0
4604,4.046,0.6752,0.0,1.0,0.4902,0.1569,0.0,0
5805,21.3298,0.2049,0.0678,0.9322,0.2389,0.1475,0.0295,0
2617,3.6288,2.9773,0.0385,0.9615,1.7308,0.8077,0.0,0
3730,3.6231,6.1406,0.027,0.973,4.4595,1.0541,0.0811,0
6243,21.0035,392.0,0.0279,0.9721,26.7688,8.0195,0.0557,1
5888,7.6301,5.6812,0.1138,0.8862,1.561,0.5285,0.1138,0
1591,5.2802,391.0,0.4783,0.5217,83.5652,14.3913,0.6522,1
3350,17.4448,0.7697,0.0813,0.9187,0.4938,0.1062,0.2,0
1883,7.9529,0.6062,0.1463,0.8537,1.122,0.0,0.1707,0
3347,2.4008,11.7879,0.1364,0.8636,291.8636,14.5909,0.1818,0
4203,20.7696,388.0,0.1674,0.8326,6.5314,2.3054,0.1674,0
6268,5.2445,3.88,0.0,1.0,1.2333,0.3333,0.0222,0
5221,6.2262,2.2899,0.0225,0.9775,2.236,0.4831,0.0112,0
1819,9.0359,11.0571,0.0444,0.9556,5.4,0.9556,0.0889,0
