followers_following_ratio,account_age_days,repos_per_year,avg_stars_per_repo,avg_forks_per_repo,active_repo_ratio,churn
0.2587,6519,22.4114,6.47,0.6175,0.08,0
1.0261,1118,13.7214,1.2381,0.0476,0.1667,0
5.2099,6412,8.7154,7.5163,1.6078,0.0654,0
1.0322,3026,3.1383,0.1923,0.0769,0.1154,0
3.2783,5689,3.788,6.8644,2.6441,0.1864,0
0.7232,2592,9.0185,0.4375,0.0312,0.0469,0
37.1429,5691,14.6973,9.1179,0.9301,0.0393,0
0.6619,1767,6.8213,1.3939,0.0606,0.2424,0
1.9905,4829,10.1353,2.5448,0.5597,0.0672,0
7.0357,5757,14.4653,2.4518,0.4561,0.0044,0
0.6169,3445,8.6939,1.6463,0.1098,0.0,0
162.0,2114,0.0,0.0,0.0,0.0,0
14.0,5696,6.0918,0.8211,0.5895,0.0,0
4.3235,5356,2.3868,4.2857,1.8857,0.0286,0
1.1453,4173,6.3019,1.1667,0.2778,0.0417,0
0.2784,2819,3.1096,2.2917,0.2083,0.0417,0
0.7011,2289,8.7762,0.4545,0.1091,0.0545,0
1.0161,2817,7.9092,0.2295,0.0164,0.2623,0
0.4449,3620,9.6862,0.5938,0.0833,0.0312,0
0.8227,5208,24.4762,0.0372,0.2378,0.0086,0
12.2222,5998,8.2818,1.1029,0.1324,0.0,0
2.6667,5976,2.9949,5.2449,2.551,0.0,0
0.7338,247,50.2773,0.7647,0.1176,1.0,0
0.6197,3142,3.6037,0.0,0.0,0.0,0
2.2564,4277,5.4655,0.3906,0.1562,0.2344,0
2.4444,5051,7.7374,1.2617,0.2243,0.0374,0
0.5241,4505,4.8646,1.0333,0.05,0.0833,0
1.5088,4686,0.7015,0.0,0.0,0.0,0
2.125,5369,6.3267,0.5054,0.2903,0.043,0
0.5915,2978,7.359,0.1667,0.1,0.0833,0
0.4462,2870,16.799,0.4697,0.0833,0.0152,0
1.04,1384,5.0143,0.2105,0.0,0.2105,0
1.2581,5586,2.877,1.2727,0.5,0.0,0
0.4667,5567,5.5768,0.4353,0.1059,0.2588,0
4.0526,4496,3.0871,1.5526,0.4211,0.0526,0
0.4934,6409,2.8495,0.76,0.0,0.0,0
2.4194,5754,4.0626,0.875,0.2812,0.0156,0
14.8,4192,1.8297,0.0,0.5238,0.2381,0
1.0,5851,0.8115,2.7692,0.8462,0.0769,0
73.0,4238,1.8961,6.7273,2.7727,0.1364,1
0.2996,5088,4.7379,0.0455,0.1515,0.0,0
1.7949,1869,10.9438,1.4821,0.0893,0.0,0
4.7143,5536,0.6598,1.0,0.4,0.0,0
1.6667,5029,3.2683,0.2889,0.2444,0.1778,0
1.0847,3779,5.9925,0.1129,0.5806,0.0161,1
4.5714,5535,4.5533,0.3478,0.2754,0.0435,0
1.0,4842,2.3384,0.2581,0.0645,0.0,0
0.6176,4506,2.9181,0.0833,0.8611,0.1667,0
2.7391,5276,5.2614,0.4868,0.6053,0.0395,0
1.0164,4989,9.9567,0.4191,0.1765,0.0,0
0.4766,4631,42.5113,0.0278,0.0167,0.0686,0
0.8472,6327,1.5009,1.0769,0.2692,0.0769,0
0.6237,5942,10.5727,0.1047,0.4826,0.0116,0
0.5631,4141,2.0287,0.8696,0.0,0.3478,0
14.25,3315,0.2204,0.0,0.0,0.0,1
1.7812,4222,2.4223,2.2857,0.0714,0.0357,0
1.1957,661,11.0514,0.05,0.0,0.15,0
0.3293,3553,4.626,0.0222,0.0,0.0889,0
2.25,6532,2.2367,0.15,0.075,0.05,0
0.8182,3123,7.719,0.1212,0.0152,0.0,0
0.5248,2789,6.4171,0.7959,0.1837,0.0612,0
1.2093,1508,9.9305,0.7561,0.0488,0.0,0
0.3923,4477,9.79,0.1167,0.0083,0.3,0
0.5426,3996,6.1241,1.1343,0.1642,0.1791,0
0.4717,3478,8.2964,0.6076,0.0633,0.1139,0
0.9057,3724,3.9232,2.25,0.025,0.1,0
0.6761,1527,21.7667,0.1978,0.0,0.033,0
1.0667,4742,3.004,0.9487,0.4615,0.0256,0
0.4848,4330,2.868,2.2941,0.5588,0.1176,0
1.5484,5101,6.0863,0.2,0.0353,0.0,0
1.1463,4501,5.2747,0.3846,0.0,0.1385,0
2.9375,5210,0.9114,2.0769,0.4615,0.0,0
1.2368,3223,3.6264,0.0312,0.0312,0.0312,0
0.3594,3105,4.1171,0.1429,0.0,0.0571,0
1.0,4166,16.0443,0.071,0.0164,0.0,0
44.0,4118,0.7096,3.25,2.0,0.375,1
1.1026,1639,8.2454,0.5405,0.027,0.027,0
3.9091,4942,0.4434,0.6667,0.1667,0.3333,0
3.0714,5014,0.5828,0.25,0.0,0.0,1
0.0853,3115,5.6283,0.0208,0.25,0.0208,1
3.5,3468,1.3692,0.7692,0.0,0.0,1
0.6885,4315,1.9469,0.4783,0.0,0.0435,0
8.4,4912,2.5282,0.2059,0.2647,0.0882,0
0.9762,4626,1.0264,0.6923,0.0,0.6154,0
8.2,3046,6.715,0.0714,0.0,0.125,0
1.0,5532,0.9243,0.2143,0.2143,0.0,0
2.6667,4490,16.1068,0.0758,0.1263,0.1566,0
0.8511,2649,1.2409,0.4444,0.0,0.5556,0
1.7391,6464,4.6899,0.1807,0.0482,0.0,0
0.7407,4456,6.7214,0.0122,0.0,0.0488,0
1.7391,5567,0.6561,0.3,0.1,0.0,0
0.9524,4255,1.7168,0.05,0.1,0.0,0
1.6,1459,9.0123,3.3056,0.0833,0.0,0
0.6897,2257,4.8549,0.0333,0.0,0.0333,0
0.2229,2344,10.9076,0.1714,0.0,0.0,0
1.56,3978,2.7545,1.2,0.4667,0.0333,0
0.975,1396,8.8958,0.1765,0.0882,0.0,0
1.1143,4757,2.1499,0.9286,0.0,0.1071,0
0.4756,4473,2.858,0.8857,0.0571,0.0,0
5.5714,5613,0.3254,0.2,0.2,0.0,0
0.6094,3749,2.2408,0.3913,0.0435,0.0435,0
1.8095,6061,0.4218,5.8571,2.1429,0.0,0
1.3571,3611,4.754,0.0,0.0,0.1277,0
0.4578,3663,0.698,0.0,0.0,0.0,0
2.4667,6282,1.9187,0.4545,0.0,0.0303,0
0.7708,2526,5.4947,0.0526,0.0,0.0,0
3.3636,2758,3.1784,0.0,0.0,0.0833,0
0.4868,2901,1.8886,1.0667,0.2667,0.0,0
0.7551,2893,2.6513,0.381,0.0,0.0,0
0.5606,5892,1.1158,0.1667,0.0,0.0,0
1.4231,2643,2.4875,0.0,0.0556,0.0556,0
1.0286,1554,3.0555,0.5385,0.2308,0.0,0
1.0588,4337,3.9582,0.3404,0.2128,0.0213,0
0.7059,4707,0.388,1.0,0.6,0.0,0
0.4286,4718,2.0902,0.2963,0.6296,0.0,0
7.2,3478,7.5612,0.4861,0.0694,0.0278,0
0.3977,3056,6.3345,0.1132,0.0566,0.0189,0
0.2465,5099,5.3007,0.3649,0.0,0.0405,0
34.0,783,0.0,0.0,0.0,0.0,0
1.0303,4989,0.5857,1.375,0.125,0.125,0
0.5484,3265,12.0818,0.0278,0.1204,0.1481,0
0.5484,4802,2.51,0.9091,0.0303,0.0303,0
0.2112,4302,1.1037,0.0,0.0,0.0769,1
0.4304,2831,0.3871,0.3333,0.0,0.3333,0
0.33,2662,6.586,0.1458,0.0625,0.0833,0
0.55,1727,5.7103,1.8889,0.037,0.0,0
3.6667,5047,8.9015,0.1707,0.0732,0.0163,0
1.32,632,10.9806,0.0526,0.0526,0.5263,0
0.8205,5031,1.6698,0.3913,0.2609,0.0,0
10.6667,4488,2.9298,0.3333,0.1667,0.0,0
0.64,5702,0.8968,1.5714,0.2857,0.2857,0
1.1429,5133,0.0712,2.0,0.0,1.0,0
1.0667,3705,3.1547,0.25,0.0625,0.0,0
0.9697,2651,3.72,0.5556,0.1111,0.0,1
6.4,4506,0.5674,3.2857,0.4286,0.1429,0
1.55,5009,1.2396,0.4118,0.2941,0.0,0
6.2,3782,1.1589,0.8333,0.5833,0.0833,0
1.4762,2401,0.1521,0.0,0.0,0.0,1
0.6458,4517,0.2426,1.0,0.0,0.0,0
0.4189,2702,3.1091,0.8261,0.1739,0.087,0
1.069,4910,0.0,0.0,0.0,0.0,0
0.625,1685,0.2168,0.0,0.0,0.0,0
30.0,1284,4.8359,3.8235,2.6471,0.2353,0
0.5,3681,5.8543,0.678,0.4068,0.0,1
1.875,4509,2.3491,0.2759,0.3448,0.069,0
1.5,4495,4.3066,0.0943,0.0377,0.0189,0
0.6522,4024,3.1769,0.0857,0.0286,0.0,0
3.0,2378,8.2942,2.4815,0.2222,0.037,0
0.6818,5462,0.3344,1.0,0.0,0.2,0
1.5789,3516,1.2466,3.0833,0.5,0.0833,0
1.1154,1605,2.9584,0.0769,0.0,0.0,1
2.9,1792,1.4268,0.4286,0.0,0.0,0
1.16,5086,5.4579,0.0395,0.0,0.0,0
0.2613,5037,0.3626,0.0,0.0,0.0,1
0.9355,3477,0.6303,0.0,0.0,0.8333,0
1.2083,5304,0.482,0.0,0.0,1.0,0
0.6905,3735,0.489,0.6,0.2,0.0,1
14.5,2232,6.0548,0.8378,0.3514,0.1351,0
0.5714,3326,2.0865,0.0,0.0,0.7895,0
0.2276,3380,8.4288,0.0256,0.0256,0.0769,0
2.1538,4209,0.6074,1.4286,0.4286,0.1429,0
0.5,4112,2.3095,1.4615,0.4231,0.0769,0
1.0,1345,12.4918,0.0435,0.0,0.0,1
4.6667,5500,1.793,0.2593,0.2222,0.037,0
0.56,2212,5.2839,0.25,0.125,0.2188,0
0.4375,4508,0.2431,0.6667,0.0,0.3333,0
1.5556,1288,8.791,0.0968,0.0323,0.0323,0
1.0,1547,12.5134,0.0189,0.0,0.0755,0
0.359,4832,1.0583,0.5,0.0,0.0,0
0.4828,3146,1.3932,0.3333,0.0,0.4167,0
0.5625,3452,8.7821,0.494,0.0602,0.0482,0
1.08,5209,0.1402,0.0,0.5,0.0,0
1.125,1365,3.4786,0.8462,0.0,0.0,0
1.0,418,20.0975,0.0435,0.0435,0.2174,0
0.7105,4447,3.9424,0.5833,0.0625,0.0208,0
0.2755,4672,6.6452,0.1059,0.0588,0.1647,0
0.8438,2500,4.6752,0.1562,0.0312,0.0312,0
27.0,799,16.914,0.8919,0.027,0.2162,0
0.75,4535,4.7519,0.339,0.2034,0.1017,0
1.7333,1430,12.5156,0.1224,0.0,0.0204,0
1.1304,4652,1.8058,0.0,0.0,0.0,1
8.6667,5536,0.9897,0.2667,0.0,0.0,1
2.8889,5690,2.6319,0.1951,0.0488,0.0244,0
0.6047,420,26.0893,0.8,0.1333,0.3667,0
1.8571,4581,0.7176,2.0,1.3333,0.0,0
0.7647,4073,2.78,0.0968,0.0323,0.0645,0
26.0,789,1.3888,3.3333,0.3333,0.0,1
4.3333,5487,2.5961,0.6154,1.4615,0.1026,0
1.1304,6152,2.078,0.1143,0.0,0.0,0
2.0833,3822,2.0069,1.0476,0.0476,0.2381,0
0.2174,3907,2.9916,0.0625,0.0312,0.0,0
0.4808,1497,10.4915,0.093,0.0233,0.0698,0
1.3158,560,18.9147,0.0,0.0,0.4138,0
0.5952,4645,0.3145,1.0,0.0,0.0,0
0.2,4741,4.4684,0.0172,0.0345,0.069,0
1.5625,3857,11.5532,0.0492,0.041,0.0246,0
1.0,4808,0.3798,0.0,0.2,0.0,1
0.5556,4827,25.6515,0.0826,0.0265,0.0059,0
0.7576,4341,2.6083,0.0968,0.0645,0.2258,0
2.7778,4432,0.2472,0.3333,0.0,0.0,0
1.087,3626,0.9066,0.0,0.0,0.6667,0
1.1364,5472,1.0012,0.1333,0.0667,0.0,1
0.8065,2045,5.3582,0.4333,0.0,0.0,0
0.4211,2110,5.3662,0.2258,0.0645,0.0968,0
2.1818,2418,4.5316,0.7667,0.3,0.1333,0
1.1429,4483,3.259,0.05,0.025,0.0,1
2.6667,3470,4.3156,0.0732,0.0244,0.122,0
0.2963,1912,2.8655,0.2,0.0,0.2667,0
0.3871,3006,2.0656,0.6471,0.2353,0.0588,0
24.0,1442,1.7731,0.2857,4.4286,0.0,1
1.2,4583,0.7173,0.0,0.1111,0.2222,0
0.6486,5466,1.2028,0.1667,0.1111,0.0,0
0.7059,2403,4.4079,0.0,0.0,0.0,0
24.0,1746,1.2552,0.0,0.1667,0.1667,1
0.5581,1709,1.7098,1.0,0.0,0.5,0
2.3,4848,2.0342,0.1481,0.0741,0.1111,0
1.2105,4093,4.4619,0.1,0.02,0.0,0
11.5,4474,1.5511,3.5789,3.0,0.0,0
1.2105,2753,4.9089,0.0,0.0,0.3243,0
1.0,5540,2.4394,0.1892,0.1351,0.0811,0
0.6053,4422,2.3954,0.1724,0.4138,0.0,1
0.7667,3940,4.8206,0.0385,0.0192,0.0385,0
0.92,5393,1.6254,0.0833,0.0833,0.0417,0
1.0455,2711,7.6795,0.1053,0.0,0.0526,0
0.7667,1805,1.8212,0.2222,0.0,0.0,0
0.575,3646,2.2039,27.9545,0.5909,0.3182,0
1.0,4865,0.7508,0.0,0.0,0.0,1
0.697,755,13.0619,0.0,0.0,0.0741,0
0.7333,5366,0.8849,1.1538,0.0,0.0769,0
1.2222,1865,0.0,0.0,0.0,0.0,0
1.8333,4588,0.7961,0.0,0.0,0.1,0
0.9167,2144,5.1108,0.4333,0.1,0.0667,0
1.375,1650,1.7709,16.375,10.75,0.0,1
0.6286,622,14.6805,0.04,0.0,0.04,0
1.2941,5094,1.8643,0.0,0.0,0.0385,0
0.5946,3518,0.3115,0.6667,0.0,0.3333,1
0.88,2644,2.901,0.2381,0.0952,0.0,0
1.5714,5683,1.414,1.3182,0.2273,0.2727,0
1.0476,1123,1.301,0.0,0.0,0.0,0
1.5714,4992,0.439,0.1667,0.0,0.0,0
0.3385,2299,1.1121,0.2857,0.1429,0.0,0
0.88,4711,1.0854,1.1429,0.4286,0.0,0
1.5714,5773,0.949,0.0667,0.0,0.2,0
1.2222,4481,1.7932,0.0909,0.0455,0.0,0
0.6471,4535,4.2686,0.1509,0.0377,0.0189,0
1.375,4405,1.1608,0.3571,0.2143,0.0714,0
0.88,4416,0.4963,0.0,0.3333,0.0,0
1.5714,4873,4.5722,0.3279,0.0,0.0,0
0.4314,3445,1.5903,0.1333,0.0,0.4,0
1.2941,3099,3.3001,0.1429,0.0,0.0,0
1.375,4714,3.1768,0.122,0.122,0.0488,0
1.1579,3302,8.2961,0.1467,0.2133,0.04,0
2.2,5544,0.4612,0.4286,0.1429,0.0,1
1.2222,2345,4.2054,0.0,0.0,0.1111,0
1.0476,1943,5.0755,0.1852,0.1111,0.0,0
1.2941,336,20.654,0.0526,0.0,0.9474,0
2.75,5571,0.7212,0.0,0.0,0.1818,0
1.9091,2462,1.4835,0.0,0.0,0.1,1
5.25,2686,1.4958,0.2727,0.1818,0.0,1
1.4,3639,0.0,0.0,0.0,0.0,1
0.9545,1630,9.4113,0.0476,0.0,0.0,0
1.1667,633,8.0782,0.0,0.0,0.0,1
2.3333,5802,4.5955,2.4521,0.5068,0.0274,0
0.6,2177,5.0333,0.0333,0.0333,0.0667,0
0.525,4444,0.9863,0.0833,0.0833,0.0,1
21.0,3566,0.4097,16.75,7.75,0.0,1
0.84,1945,8.8261,0.0851,0.1489,0.1702,0
0.84,3887,0.0,0.0,0.0,0.0,1
1.6154,4098,2.4065,0.1852,0.1111,0.0,0
1.05,4964,2.8696,2.2051,2.1795,0.0,0
0.875,2604,6.1717,0.1136,0.0,0.0227,0
0.75,3683,0.9917,0.5,0.2,0.0,0
1.75,4595,1.8282,0.087,0.087,0.1304,0
5.25,1934,6.61,1.7429,0.3429,0.4571,0
1.8182,4946,2.5108,0.1176,0.0588,0.0294,0
0.5714,3583,1.8349,0.0556,0.0,0.0,0
0.625,2234,4.5779,0.1429,0.0,0.3214,0
0.7143,3638,2.008,0.1,0.05,0.05,0
1.8182,2873,2.1612,0.0588,0.0,0.2353,0
1.0526,1721,11.6727,0.0545,0.0,0.0545,0
1.5385,5096,0.6451,0.2222,0.0,0.4444,0
20.0,2480,0.0,0.0,0.0,0.0,0
0.2941,1666,0.0,0.0,0.0,0.0,0
0.3774,2136,5.9849,0.2286,0.4,0.1143,0
1.3333,5437,1.2764,0.6316,0.1579,0.1053,0
0.4255,3952,0.5545,1.6667,0.5,0.0,1
20.0,868,0.4208,2.0,0.0,0.0,1
1.1765,4387,0.5828,0.5714,0.2857,0.0,0
20.0,2949,1.1147,1.3333,0.3333,0.0,0
1.0526,588,11.1811,0.1111,0.0,0.3333,0
1.2667,4446,1.3966,0.1176,0.8235,0.1765,0
0.3065,3897,8.0604,0.0233,0.0,0.0349,0
0.2754,4333,5.6478,0.2388,0.1642,0.0597,0
2.1111,4459,2.9489,0.0278,0.0,0.0278,0
19.0,1242,0.2941,1.0,0.0,1.0,0
2.375,3084,0.9475,0.375,0.25,0.125,1
0.5,1368,12.0148,0.0,0.0444,0.0,0
19.0,4589,1.2735,0.25,1.5,0.0625,0
0.3878,4372,0.6683,0.0,0.0,0.125,0
1.0556,2425,9.6396,0.3281,0.0,0.0938,0
1.4615,5754,0.3174,0.0,0.0,0.0,0
19.0,1419,0.5148,0.0,0.0,0.0,1
0.7308,5397,1.9626,0.069,0.069,0.0345,0
4.75,1585,7.6046,0.0303,0.0,0.0303,0
0.475,3546,0.721,0.2857,0.0,0.0,0
0.6129,3767,2.7149,0.4643,0.0,0.2143,0
0.5135,1914,4.5799,0.0417,0.0,0.0833,0
0.8636,3184,0.9177,0.25,0.5,0.0,0
0.7917,1331,10.9767,0.6,0.025,0.05,0
0.6552,2064,4.601,0.1923,0.0,0.2308,0
0.2969,3667,2.1913,0.2727,0.2273,0.1818,0
0.5294,2661,1.6471,0.1667,0.4167,0.1667,0
0.5,4960,7.4376,0.0297,0.0594,0.0,1
0.8571,4095,2.8542,0.0,0.0625,0.0,1
0.6207,2517,0.0,0.0,0.0,0.0,0
0.5143,3604,1.8242,0.7778,0.3889,0.0,0
1.3846,2774,3.1601,0.2083,0.0417,0.125,0
1.3846,3709,2.3634,0.125,0.0833,0.0833,0
0.45,5149,0.8512,0.1667,0.0,0.0,0
1.0,2457,0.7433,0.0,0.0,0.0,1
1.0,2193,12.1583,0.0137,0.0959,0.0,1
0.1395,3152,22.8281,0.0355,0.1472,0.0,0
0.1208,2639,16.747,0.0165,0.0,0.0661,0
1.2,2273,6.2669,0.2308,0.0513,0.0256,0
1.2857,4480,1.386,0.0,0.0,0.0588,0
1.0588,2908,2.0096,0.625,0.625,0.25,0
1.8889,4282,0.853,0.4,0.3,0.0,1
1.4167,4862,1.8781,0.12,0.0,0.0,1
0.2464,3733,2.5439,0.0385,0.0385,0.2308,0
0.2429,3304,2.3215,0.1429,0.0476,0.1429,0
0.5,5077,0.0719,0.0,0.0,0.0,1
1.3077,3269,2.3464,0.0476,0.0476,0.0,1
3.4,3887,2.5371,0.0741,0.0,0.037,0
5.6667,2554,6.1495,0.4419,0.3256,0.1628,0
0.68,3571,2.0456,0.0,0.05,0.0,1
0.85,4865,1.4265,0.0,0.0,0.0526,1
1.0,2713,2.9619,0.2273,0.0455,0.0,0
3.4,3981,0.6422,0.1429,0.0,0.0,1
0.6296,3109,2.4671,0.0476,0.0,0.5238,0
0.7083,2928,2.1206,0.7059,0.0588,0.3529,0
1.8889,3566,1.6388,0.4375,0.0,0.25,0
0.5484,3821,1.625,0.1176,0.1765,0.0,0
0.7727,2935,2.3645,2.6842,0.0526,0.4211,0
1.3077,3441,9.3409,0.0455,0.0227,0.0455,0
1.2143,4107,3.5573,0.2,0.05,0.05,0
1.1333,2201,1.9914,0.0,0.0,1.0,0
0.6538,3370,3.9018,0.0,0.0,0.0,0
0.9444,4181,1.5725,0.0,0.0,0.1111,0
0.4474,2499,1.7539,0.5,0.0,0.0,0
0.9444,2279,6.571,0.0488,0.0488,0.0,0
0.2909,3729,1.2733,0.1538,0.0,0.3846,0
0.5517,324,6.7639,0.0,0.0,1.0,0
0.5333,1734,1.6851,0.0,0.0,0.375,0
2.0,2785,1.8361,0.1429,0.0714,0.0714,0
4.0,6332,0.1154,0.0,0.0,0.0,0
0.8889,3492,1.4643,0.0,0.0,0.0,0
0.5161,5202,0.7723,0.2727,0.0,0.0,0
1.6,5053,2.9636,0.0244,0.0,0.122,0
2.0,6467,0.9037,0.0,0.0,0.0,0
0.2162,3800,1.3457,2.0,0.0714,0.0,0
1.3333,5523,2.8437,0.093,0.0,0.0,0
0.9412,2960,0.2468,0.0,0.0,0.5,0
0.9412,5326,0.4801,0.2857,0.0,0.2857,0
0.7619,146,20.0137,0.375,0.0,1.0,0
5.3333,6294,0.6383,0.0,0.0909,0.0,1
1.3333,5482,0.2665,0.0,0.0,0.0,1
1.0,2939,1.7399,0.2143,0.0,0.0,1
3.2,1925,0.9487,0.0,0.0,0.0,1
1.1429,3487,23.0442,0.1545,0.0364,0.1136,0
2.2857,5709,1.2796,0.15,0.0,0.05,0
3.75,4459,0.0,0.0,0.0,0.0,1
0.8333,3110,3.171,0.037,0.0,0.0,1
1.5,3813,4.6937,0.102,0.0,0.0204,0
3.75,3756,8.0713,0.0361,0.012,0.0241,0
1.0714,1220,3.892,1.3846,0.1538,0.9231,0
0.75,2104,5.7287,0.0909,0.0,0.0303,0
0.75,4374,0.9186,0.0,0.0,0.2727,0
7.5,2864,0.0,0.0,0.0,0.0,1
0.5556,4448,2.7098,0.1212,0.0,0.1212,0
1.25,3374,2.1651,0.05,0.0,0.0,0
15.0,991,1.4743,4.25,0.5,0.25,1
3.0,4266,1.2843,0.0667,0.0,0.0667,0
3.75,1814,1.8122,3.0,0.4444,0.4444,0
1.3636,5142,0.3552,0.0,0.0,0.0,1
1.0,4918,2.5994,0.0,0.0,0.0286,0
15.0,2121,0.0,0.0,0.0,0.0,0
1.875,4454,0.82,0.3,0.0,0.0,0
1.875,1332,10.6943,0.0256,0.0513,0.0256,0
0.8824,4256,3.1753,0.2703,0.027,0.0,0
0.8333,2826,1.6802,0.2308,0.2308,0.0,0
1.3636,4469,1.7163,0.0,0.0,0.0,1
0.875,5401,0.8791,0.0769,0.0,0.0,1
1.0769,5226,2.3763,0.3235,0.0882,0.0588,0
1.0,3287,0.2222,3.0,0.0,0.0,1
0.6667,2824,3.3628,0.0385,0.0,0.0,0
0.5185,420,13.0446,0.0,0.1333,0.4,0
3.5,4809,0.2279,0.3333,0.0,0.0,1
1.5556,4011,0.1821,0.0,0.0,0.0,0
3.5,4933,0.0,0.0,0.0,0.0,1
4.6667,4171,0.9633,0.0909,0.1818,0.0909,0
0.6087,4188,7.2387,0.5181,0.0,0.0723,0
2.0,2866,0.6372,1.6,1.2,0.2,0
2.8,4663,0.3916,0.2,0.0,0.0,1
2.0,3812,1.2456,0.1538,0.0,0.0,0
1.75,3823,0.0955,44.0,14.0,0.0,1
0.6667,3717,1.3757,0.0,0.0,0.0,0
1.75,6042,1.2695,0.0,0.0,0.5714,0
1.2727,3839,0.2854,1.6667,0.0,0.0,1
1.2727,2245,8.4601,0.2115,0.0385,0.0,0
1.0769,4238,4.1369,0.5833,0.1458,0.0417,0
0.7,199,11.0126,0.0,0.0,1.0,0
4.6667,3961,0.1844,0.0,0.5,0.0,1
0.359,1855,4.1349,0.1429,0.0476,0.0476,0
0.875,1222,7.4724,0.56,0.04,0.12,0
0.6364,3740,0.586,0.0,0.0,0.0,0
1.5556,1611,1.5871,2.1429,0.0,0.5714,0
0.875,4030,0.0,0.0,0.0,0.0,0
0.4375,2209,1.9842,0.0833,0.0833,0.0,0
0.6667,1427,3.8393,0.0,0.0,0.0667,0
2.0,2324,0.1572,0.0,0.0,0.0,1
2.3333,4911,1.1156,0.2667,0.0,0.0,1
0.4667,3846,0.095,0.0,0.0,0.0,0
0.4516,1916,0.1906,0.0,0.0,0.0,0
0.8235,5747,0.8262,0.0,0.0,0.0,0
0.3333,4132,4.3314,0.0408,0.0,0.0408,0
1.0769,993,12.506,0.1176,0.1765,0.0,0
1.0,744,15.2188,0.1613,0.0968,0.129,0
1.75,1470,20.126,0.1728,0.0988,0.5062,0
4.3333,2388,0.0,0.0,0.0,0.0,1
1.0,1727,10.3632,0.102,0.0,0.0204,0
0.7647,2061,1.2405,0.0,0.0,0.1429,0
0.9286,5227,2.2361,0.0,0.0625,0.0312,0
0.8125,2585,1.2717,0.0,0.3333,0.0,0
13.0,5913,1.8531,0.3667,0.0333,0.0667,0
1.1818,4030,3.9878,0.2955,0.0682,0.1818,0
0.3611,1634,0.2235,0.0,0.0,0.0,1
2.1667,4497,0.3249,0.0,0.0,0.25,0
13.0,660,2.2136,3.0,0.5,1.0,1
0.5652,1183,2.7787,0.0,0.0,1.0,0
0.8667,2534,0.0,0.0,0.0,0.0,1
3.25,3008,0.7286,0.5,0.1667,0.0,1
0.619,3985,2.2914,0.12,0.0,0.04,0
0.2955,2704,21.7475,0.087,0.0,0.0186,0
0.9286,3090,12.175,0.0583,0.0388,0.2913,0
0.325,3781,0.0966,1.0,0.0,0.0,1
0.8125,5090,0.6458,0.1111,0.3333,0.0,0
1.1818,2404,3.1906,0.0,0.0476,0.1429,0
1.3,2631,0.0,0.0,0.0,0.0,1
1.0,3022,5.6806,0.0,0.1064,0.0,0
4.3333,4535,0.4832,0.1667,0.3333,0.1667,0
6.5,3964,0.5529,1.0,0.5,0.0,0
4.3333,4342,2.103,0.0,0.12,0.04,0
2.1667,4280,2.7308,0.0,0.0,0.0625,0
2.1667,5642,1.5537,0.0,0.2083,0.0,0
1.1818,1345,7.0606,0.0385,0.0,0.0,1
0.4062,2536,4.8969,0.3529,0.0,0.0,0
1.0,2588,6.6332,0.7872,0.0851,0.0213,0
0.9286,2289,11.6484,0.0,0.0,0.0,1
2.1667,4338,0.1684,0.0,0.0,0.0,0
0.325,2911,16.8133,0.0075,0.097,0.0597,0
0.7647,3011,0.2426,0.0,0.0,0.5,0
0.9286,2404,0.3039,0.0,0.0,0.0,0
1.0,2558,3.7125,0.1923,0.1154,0.0385,0
1.0833,4090,1.7861,0.0,0.05,0.0,0
0.2549,3127,0.4672,0.5,0.0,0.0,0
1.3,2868,0.7641,0.1667,0.0,0.0,1
1.4444,4703,1.1649,0.0667,0.0,0.1333,0
0.7222,5508,0.4642,1.0,0.4286,0.0,0
0.1781,5058,12.1317,0.0774,0.0952,0.2143,0
12.0,1547,0.0,0.0,0.0,0.0,1
1.0909,770,11.3844,0.0,0.0,0.0,0
1.5,2459,1.0398,0.2857,0.0,0.1429,0
2.0,1643,0.2223,0.0,0.0,0.0,0
1.0,2028,3.9623,0.0455,0.0,0.0455,0
0.24,1369,9.0712,0.1765,0.0294,0.0294,0
0.4138,1850,3.7512,0.3684,0.0,0.0,1
12.0,1153,0.3168,0.0,0.0,1.0,0
1.2,3805,0.192,0.0,0.0,0.5,0
12.0,1861,1.9627,2.3,0.3,0.2,1
0.7059,5106,0.9299,0.0,0.0,0.0,0
1.2,2758,1.3243,0.5,0.2,0.0,0
3.0,3260,1.4565,0.5385,0.1538,0.1538,0
2.0,3593,0.8132,0.0,0.0,0.375,0
12.0,4153,1.9349,2.0909,1.0909,0.0,1
12.0,4129,2.123,0.625,0.125,0.0,0
0.5,2574,2.2704,0.0625,0.0,0.0,0
0.7059,1663,5.4908,1.88,0.0,0.08,0
6.0,1142,5.4372,1.1765,0.0,0.8235,0
1.0909,3704,1.3805,0.0,0.1429,0.0,0
1.0909,5523,0.2645,0.0,0.0,0.0,1
0.8,2289,1.4361,0.3333,0.2222,0.0,1
4.0,4593,1.3519,0.0588,0.0,0.0,1
6.0,3879,2.7307,0.0345,0.0345,0.0345,0
0.8,4346,2.8575,0.0882,0.0294,0.0,0
0.6,2115,3.972,0.1304,0.0,0.0435,0
0.2927,3583,0.0,0.0,0.0,0.0,0
6.0,3562,0.9229,1.4444,0.8889,0.0,0
1.3333,422,13.8483,0.0,0.0,0.75,0
0.4138,3688,2.8721,0.0,0.0,0.1379,0
1.5,4156,0.3515,0.0,0.0,0.0,1
416.0833,4525,23.8926,16.0878,4.348,0.0338,0
104.9783,5441,19.5346,179.3368,15.4399,0.0,0
3870.0,4823,6.3614,33.1071,19.8333,0.0238,0
49.4808,2774,33.1806,35.5357,3.4325,0.1825,0
2516.0,2469,1.4793,4.0,0.0,0.0,1
0.4916,2369,14.0303,5.8681,0.2418,0.2637,0
0.592,764,0.9562,21.5,1.5,0.5,0
381.5,3250,1.9105,43.4706,7.4118,0.0588,0
1496.0,1645,11.1018,5.18,5.8,0.0,1
1415.0,739,1054.7273,0.3941,0.2413,0.1026,1
688.0,2231,2.6195,12.6875,7.6875,0.0,0
7.5774,5139,0.2843,3618.5,617.25,0.25,0
1236.0,3547,2.3684,14.2174,12.3913,0.0,1
0.4835,1776,0.0,0.0,0.0,0.0,0
1088.0,4842,6.4119,466.9647,103.3647,0.1882,1
1082.0,2421,4.2243,75.8929,2260.0,0.0,1
261.25,3978,12.2117,1.9624,48.0301,0.0075,0
71.1429,5473,7.2076,72.6296,17.5648,0.0093,0
29.0,974,2.625,9.4286,10.1429,0.0,0
3.6617,6396,8.623,10.7351,1.7351,0.0397,0
106.8889,2711,12.934,16.6771,8.2708,0.2708,0
4.7253,5897,10.2818,44.2048,3.7349,0.0783,0
286.3333,5319,6.0429,0.875,1.3864,0.0341,0
846.0,2783,5.9059,5.2444,0.7556,0.0667,0
1.129,4743,5.5446,2.4722,2.3611,0.0,1
38.8571,5639,6.0886,5.8617,1.117,0.0213,0
5.7299,2262,7.1048,2.4545,0.7045,0.2045,0
774.0,4520,33.0503,14.5452,2.912,0.2029,0
0.4512,3681,2.6791,2.5926,0.037,0.1111,0
751.0,5731,8.094,3.9528,0.8031,0.0315,0
0.6547,2788,9.4326,1.0833,0.0417,0.125,0
39.0,4915,2.7496,7.8108,2.1351,0.1351,0
38.0556,4527,1.1296,67.8571,11.0714,0.0,1
673.0,5392,3.387,331.58,36.52,0.22,0
0.6204,5980,5.3138,0.1494,0.0,0.0345,0
5.2283,2013,16.8744,1.9785,0.2796,0.0968,0
0.614,2979,3.6782,0.8,0.1,0.0333,0
33.1579,5956,6.8684,1.6964,0.3482,0.0,0
125.2,2696,14.9026,1.4727,0.4273,0.0091,0
121.8,1245,7.6277,1.1538,0.2308,0.2308,0
606.0,3822,10.8944,6.2456,4.4035,0.1053,0
50.4167,1769,6.6071,5.125,1.0312,0.3438,0
12.3469,3442,15.1745,2.6224,1.5385,0.0,0
12.9783,4901,2.1612,12.0345,2.6207,0.3448,0
4.4211,4155,5.2744,9.6667,3.0833,0.0167,0
0.743,4291,5.7882,7.1029,1.9853,0.1324,0
0.559,5957,24.5258,15.7475,1.8675,0.0725,0
571.0,1397,13.0727,6.12,2.5,0.02,0
0.5182,2127,5.1516,0.7667,0.0,0.0333,0
0.6167,1749,5.2208,0.84,0.16,0.04,0
47.1667,4789,0.3051,602.25,170.75,0.0,1
28.05,3218,2.3835,50.9048,12.6667,0.2857,0
45.9167,1871,2.9282,0.2,0.0667,0.0,0
136.5,4905,10.1272,3.3971,1.1691,0.0074,0
545.0,5198,5.7619,6.0122,26.8902,0.1098,1
16.9355,5210,4.627,31.9091,2.8333,0.2121,0
0.6359,950,10.3808,5.2963,0.037,0.1481,0
19.1481,4591,13.127,1.3394,0.7273,0.0,0
0.9188,5628,2.9853,20.1957,2.7391,0.8696,0
25.0,5120,9.8446,0.3913,0.8841,0.0072,0
0.4097,3941,5.4681,0.322,0.1017,0.0678,0
1.0374,1593,13.7571,2.65,0.3833,0.3,0
17.1379,4658,3.9207,2.82,0.52,0.02,0
485.0,3847,2.9433,5.2258,0.6774,0.0645,0
238.5,642,11.3785,26.45,0.25,0.8,0
5.1183,2352,11.9576,12.5065,1.2338,0.0779,0
475.0,3560,0.3078,26.6667,201.6667,0.0,1
0.452,1487,10.562,3.9302,0.6744,0.0465,0
467.0,2302,20.1506,3.6378,2.0866,0.0079,0
3.3478,4168,7.3611,38.881,2.2738,0.1786,0
0.6519,475,13.8411,2.8889,0.0,0.4444,0
30.2667,6022,15.6484,1.6899,0.4574,0.093,0
41.0,2816,6.7447,1.4615,0.7885,0.0577,0
110.75,6402,3.8796,76.9559,20.5588,0.0441,0
0.6662,2450,14.4609,3.3402,0.1443,0.1443,0
0.6733,2377,3.8415,2.68,0.04,0.04,1
28.4,4382,9.4188,40.7611,11.1062,0.0442,0
0.7023,2255,3.0775,2.5263,0.3684,0.0,0
45.4444,3467,6.321,19.6,3.3667,0.0667,0
0.4405,3666,3.1882,0.375,0.0,0.0312,0
5.0506,6380,5.7822,0.505,0.2079,0.1584,0
4.3111,4995,3.7293,4.4706,1.3529,0.0,0
20.3684,6459,7.9169,1.8357,0.3786,0.0071,0
0.8362,3413,5.993,10.2143,2.8571,0.1786,0
127.3333,3347,12.4405,3.1842,1.3246,0.0351,0
0.9669,5003,5.4025,8.1892,1.9054,0.1081,0
4.3103,2992,29.5423,17.7727,1.595,0.0413,0
1.8107,3066,55.7524,0.3098,0.1453,0.0064,0
11.0303,6646,3.957,110.1389,12.1528,0.0417,0
2.5245,4932,1.9255,77.9231,12.8462,0.0,1
2.8203,5320,5.6984,1.2048,0.4217,0.0,0
3.0252,6031,5.0872,8.8214,2.5,0.0,0
350.0,3254,12.9083,10.9652,1.3652,0.1565,0
349.0,5607,3.3874,5.75,3.0385,0.2885,1
11.6552,2423,17.6369,15.9402,1.1282,0.1453,0
5.678,3763,0.9706,17.4,2.8,0.1,0
1.3162,2125,28.3606,1.4727,0.303,0.0424,0
30.2727,5648,1.8107,19.9286,4.9286,0.0714,1
3.6374,2814,4.6727,1.0556,0.4444,0.0,0
0.6846,4408,1.7401,0.7143,0.1429,0.3333,0
1.316,1693,11.2185,1.8269,0.1154,0.1731,0
12.5769,5004,8.613,0.7542,0.3136,0.1102,0
12.5385,5935,16.924,13.0582,0.9491,0.0291,0
0.5824,1219,2.9963,2.0,0.0,0.9,0
1.4771,6646,10.1122,4.6522,0.6522,0.0054,0
1.3305,4259,4.0307,1.4043,0.3404,0.1277,0
4.5652,1764,6.0047,7.8276,0.3793,0.1034,0
12.44,1820,2.6089,22.3077,5.2308,0.0,1
1.2531,5020,25.6839,4.8669,1.6289,0.1048,0
61.2,5949,0.614,7.0,2.3,0.0,0
0.9242,1852,10.8471,0.0182,0.0545,0.0545,0
148.0,6199,5.8921,0.75,0.62,0.0,0
4.0278,3714,8.0642,8.3415,1.2561,0.0488,0
22.3077,2724,13.9449,1.8365,0.2788,0.0288,0
0.7748,1153,3.1678,0.0,0.0,0.7,0
2.1729,2054,6.2238,0.3143,0.1429,0.0,1
0.7404,780,5.151,0.9091,0.1818,0.1818,0
0.136,3051,1.4366,0.9167,0.5833,0.0,0
14.35,2208,7.444,90.8,5.9556,0.4444,0
0.5686,4769,7.3525,6.8438,1.1562,0.0,0
142.5,5392,4.5385,22.2239,15.7164,0.0149,1
12.9091,6676,9.3009,5.6588,0.7706,0.0176,0
40.5714,5526,0.9914,2.6,3.0667,0.1333,0
0.9156,1142,13.7528,6.9767,1.4884,0.2326,0
56.2,4597,3.3371,9.0714,8.7619,0.0238,0
279.0,4996,3.2899,0.4444,0.3333,0.1111,0
18.5333,2565,9.683,1.4706,0.3824,0.0147,0
27.7,6331,2.3654,43.7317,7.4146,0.122,0
11.0,6002,18.4998,8.3322,1.9276,0.0526,0
2.3333,5045,6.3711,0.9091,0.5568,0.0568,0
38.8571,6532,2.9077,16.7308,3.5962,0.0192,0
30.2222,1457,4.011,36.0,27.875,0.25,0
136.0,6337,7.0318,1.459,1.2951,0.0,0
1.0675,5815,15.8914,2.0553,0.6324,0.0198,0
16.75,3797,3.3668,3.6571,1.2571,0.0,0
0.9082,194,1.8827,0.0,0.0,1.0,0
0.5019,2504,31.7989,0.1789,0.8578,0.0275,0
132.5,4724,8.1184,0.6381,0.3619,0.0286,0
1.5,2029,3.6003,0.75,0.1,0.05,0
0.8976,1619,15.1153,0.0,0.0299,0.0597,0
18.7143,5708,10.6862,2.0359,0.5449,0.0479,0
64.5,3271,3.0149,4.5556,0.5556,0.037,0
17.1333,4654,2.9823,2.1053,1.7895,0.1579,0
0.3617,4404,31.2669,0.1167,0.0106,0.0451,0
7.2571,4089,2.5904,0.1379,0.3793,0.3103,0
0.4352,5749,4.765,3.6667,0.6,0.1333,0
1.1461,1778,2.4651,1.9167,0.1667,0.0833,1
0.3109,4964,12.5086,0.4059,0.0353,0.0118,0
250.0,4109,10.5779,16.3361,5.6555,0.2773,0
0.8646,1930,7.5699,1.425,0.575,0.125,0
0.4422,1981,1.475,0.5,0.0,0.0,0
0.738,5725,6.6351,12.5192,1.3269,0.1058,0
9.037,2742,4.529,1.7941,0.7059,0.0,0
0.8873,1960,9.504,0.0784,0.0196,0.0392,0
0.2905,5415,3.8447,1.4211,0.1228,0.0351,0
3.1169,5703,5.5079,0.186,0.1977,0.0349,0
1.4182,4988,0.7323,17.8,7.9,0.1,0
8.069,2839,10.6783,0.0241,0.012,0.0843,0
5.825,4175,5.774,18.9545,2.197,0.3182,0
115.5,5993,5.668,4.2151,1.3226,0.086,0
7.9655,4113,8.7916,1.4848,0.3535,0.0303,0
2.9231,1748,10.0297,3.375,0.9583,0.25,0
6.1081,1764,7.04,7.3529,0.1765,0.2647,0
1.6917,5781,6.3181,1.06,0.28,0.03,0
4.3922,2930,9.4741,0.6974,0.0789,0.1053,0
20.1818,5564,4.1356,0.6349,0.873,0.0,0
24.3333,6006,3.5272,1.2586,0.431,0.0,0
16.6923,4696,2.2556,33.0,4.8966,0.4483,0
0.2294,2443,4.6348,0.129,0.0968,0.0645,0
0.7855,1432,12.7531,0.64,0.14,0.16,0
13.375,5915,4.0755,1.197,0.6667,0.0606,0
53.5,3468,1.5798,53.5333,5.8,0.1333,0
5.8889,4783,4.1237,11.3333,4.4074,0.0741,0
211.0,6496,4.6668,3.3976,0.4337,0.1205,0
12.2941,1911,16.4372,1.1279,0.4651,0.0698,0
209.0,3399,0.1075,420.0,224.0,1.0,1
0.3706,3668,17.0277,0.3567,0.0292,0.0585,0
1.1183,3281,0.0,0.0,0.0,0.0,1
2.4471,2155,20.6777,0.4344,0.1639,0.082,0
3.9423,2167,27.6424,0.622,0.0915,0.0976,0
0.8987,753,1.9402,0.0,0.0,0.75,0
4.8571,6326,0.6351,0.5455,0.1818,0.0909,0
203.0,2826,1.6802,39.7692,17.4615,0.6923,0
8.375,2852,10.7577,9.869,0.7024,0.2143,0
3.2951,5402,2.096,22.2581,5.9677,0.0,1
4.2553,2107,16.295,0.3936,0.0319,0.0638,0
9.9,5569,11.0841,1.2485,0.4556,0.0296,0
198.0,3795,0.1925,10.5,25.0,0.0,1
4.925,5946,2.0885,8.7353,0.8824,1.0,0
0.9206,3751,11.8796,2.3852,0.1803,0.1475,0
17.8182,5157,0.7083,0.7,0.1,0.4,0
9.3333,4254,0.8586,0.6,0.1,0.0,1
13.0,4934,4.5897,0.1613,0.1774,0.0161,0
0.4176,4140,15.6158,1.1412,0.2712,0.0621,0
194.0,1662,10.5487,1.2917,0.3333,0.1667,0
8.7727,6261,4.842,1.2048,0.3012,0.0241,0
0.6455,2135,2.224,0.3077,0.1538,0.0,1
0.3752,665,11.5342,0.4286,0.0,0.1905,0
1.3768,6424,11.2008,2.3503,0.3604,0.0,0
4.6098,3605,2.9382,3.2069,0.5862,0.1379,0
0.7402,3485,9.5374,1.0769,0.011,0.044,0
0.9894,2251,42.9992,0.3321,0.1811,0.0075,0
0.3358,2273,1.1248,1.0,0.0,1.0,0
16.5455,2969,1.4763,27.0,1.25,0.0833,0
30.1667,3823,1.0509,76.3636,1.7273,0.3636,0
30.1667,1441,10.8992,0.6279,0.1395,0.0698,1
181.0,4496,8.0426,0.6364,0.1414,0.2222,0
1.0647,1832,9.1711,0.6957,0.5652,1.0,0
60.0,1785,3.0693,43.4667,1.9333,0.5333,0
59.0,6390,6.459,0.5133,0.2832,0.0088,0
0.2859,5734,1.4651,21.8696,1.7391,0.2174,0
1.0114,2179,6.0344,0.5278,0.1944,0.1389,0
176.0,4413,6.373,13.8701,27.1818,0.3896,1
12.5,2229,3.4411,1.619,6.8095,0.0,0
1.5625,2778,5.2592,1.325,0.45,0.025,0
3.3654,5246,4.2471,1.0,0.4098,0.0164,1
4.7027,4800,3.6525,2.5417,0.7292,0.0625,0
0.7457,1869,5.8628,0.1667,0.0667,0.0,0
86.5,5390,3.1849,2.383,0.5106,0.1702,0
28.6667,5659,2.3236,4.1111,2.4167,0.0,0
171.0,1669,7.2218,9.1818,7.8182,0.0,1
10.0,4644,1.0224,3.3077,3.0,0.0,0
1.0559,566,2.5813,0.0,0.0,0.25,1
28.1667,6115,7.1676,7.2167,2.425,0.0417,0
42.25,4105,0.7118,1.0,0.375,0.125,0
7.3478,5194,3.4458,15.6327,1.6327,0.0816,0
28.0,4975,2.7898,0.5,0.2105,0.0,0
0.4541,2586,18.7851,0.2932,0.0677,0.0376,0
0.7557,1890,14.494,0.2,0.0,0.0,0
167.0,3840,4.09,11.8605,5.8372,0.093,0
4.5135,4023,5.0843,1.0893,0.4107,0.0357,0
0.6627,1567,17.0155,6.9041,0.0548,0.0137,0
2.9464,1199,21.9333,1.1667,0.1389,0.2639,0
2.619,721,10.1318,0.85,0.05,0.55,0
164.0,6229,5.8051,1.6768,0.4444,0.0909,0
1.0933,2183,2.0078,0.9167,0.3333,0.0833,0
9.6471,5580,1.9637,3.9333,0.4,0.0333,0
2.2639,2432,5.5568,2.4054,34.8919,0.027,0
1.2214,3182,3.5584,1.5806,0.1935,0.2581,0
0.8791,2034,5.028,1.3214,0.25,0.0357,0
32.0,4845,0.9046,7.5833,16.25,0.0,1
0.186,1369,28.2809,0.217,0.0283,0.1038,0
0.6867,1721,5.9425,0.4286,0.0,0.1429,0
159.0,3231,2.487,300.9545,36.7273,0.0455,0
0.7067,1895,25.4422,0.2121,0.0152,0.053,0
52.6667,4176,0.1749,0.0,0.0,0.5,0
6.5833,6117,11.5839,0.4794,0.268,0.0206,0
1.2742,1822,9.8229,1.0612,0.1837,0.0816,0
0.0893,1843,4.5582,0.3043,0.0,0.0,0
158.0,3159,1.1562,5.5,7.1,0.0,1
1.0064,1833,9.9632,0.2,0.0,0.0,1
22.2857,3579,1.939,10.0,0.8947,0.2105,0
0.6118,445,15.5949,3.0,0.0,0.0526,0
1.3805,4452,7.2197,0.6591,0.3523,0.0795,0
51.6667,3162,3.0033,14.3846,5.7692,0.0,1
1.0132,1789,5.7166,1.3929,0.0,0.0,0
6.12,5582,1.2432,199.4211,16.6316,0.2632,0
12.5,3463,4.5353,0.4186,0.1163,0.0698,1
16.6667,1905,8.628,12.6889,2.8889,0.0222,0
10.0,4877,13.93,0.0753,0.129,0.0054,0
4.2571,4149,9.5076,0.8889,0.2407,0.1204,0
1.0347,2253,15.0769,0.8925,0.2796,0.2151,0
0.8315,2977,2.8219,0.1304,0.0,0.0,0
0.6266,4069,9.2457,0.1942,0.2913,0.0291,0
1.9467,4878,0.8985,269.6667,27.3333,0.3333,0
0.5594,4821,5.9095,0.1795,0.0769,0.0256,0
0.4492,3337,2.2985,0.2381,0.0,0.0952,0
3.1522,6170,8.4653,3.1259,0.5944,0.035,0
145.0,4773,7.0402,0.9457,5.7065,0.087,0
1.7901,6026,5.0308,0.747,0.0843,0.012,0
18.0,6135,0.893,8.8,0.9333,0.0667,0
0.7619,2050,3.0289,0.3529,0.0,0.0,0
6.7619,3484,1.9919,11.5263,2.6842,0.0526,0
9.4667,1644,20.662,0.3763,0.0645,0.0,0
0.8875,1850,20.1381,0.0,0.0,0.0,1
35.5,3119,10.071,0.186,0.2558,0.2093,0
1.2261,1944,2.4425,0.3077,0.0,0.2308,0
46.6667,3172,9.6724,2.8929,0.6667,0.0119,0
0.5185,2204,3.3144,9.95,2.9,0.35,0
1.0072,2446,4.9277,10.2727,0.9091,0.1818,0
27.8,5959,3.4937,0.5439,0.3684,0.193,0
69.5,4406,2.0725,9.0,2.64,0.04,0
6.5714,5140,1.9186,2.8889,0.5926,0.037,0
4.5667,4570,4.8753,8.4754,0.7541,0.1639,0
0.1343,2087,23.6266,0.2296,0.0296,0.0,1
3.7027,5211,2.8738,4.6341,1.0,0.0732,0
12.4545,5504,0.3318,0.8,0.6,0.2,0
136.0,6198,10.4896,1.2135,0.573,0.0112,0
4.5,5660,1.2906,75.6,19.1,0.0,0
0.7105,3918,7.5511,0.2099,0.0123,0.0741,0
3.0,5560,5.2554,8.5375,2.5,0.125,0
0.4804,5815,4.2084,6.6567,1.7612,0.1493,0
4.3548,4607,3.7262,31.2766,3.0213,0.0638,0
135.0,2300,15.8804,92.51,10.83,0.73,1
0.3025,5962,0.7352,0.5,0.1667,0.1667,0
26.8,3714,1.3768,0.5,0.0,0.1429,0
0.6768,821,7.563,0.0588,0.0,0.0,1
4.2903,1747,7.3175,0.7714,0.0286,0.0286,1
0.1696,1351,30.0094,5.5135,0.2252,0.2072,0
1.2667,436,0.8377,2.0,0.0,0.0,0
7.8235,5544,3.887,24.1017,2.0508,0.0,0
1.4667,5357,4.3636,0.7344,0.0781,0.0,0
4.8889,4396,6.2315,1.0133,0.7733,0.0533,0
1.913,2221,2.4668,0.1333,0.0,1.0,0
1.2243,653,10.0681,0.0556,0.0,0.2222,0
1.5663,5826,5.8305,4.4624,0.6344,0.043,0
2.3636,1877,8.1729,0.381,0.4524,0.0952,0
129.0,1596,5.0348,14.0909,32.5909,0.5909,1
3.5833,4837,2.4919,183.7273,5.303,0.1212,0
8.6,2649,3.7228,0.0741,0.1111,0.037,0
1.0672,4677,1.64,44.381,3.4286,0.0476,0
63.5,6082,1.9818,18.2727,5.2424,0.0,0
25.4,6317,2.3706,4.0732,0.7073,0.0732,0
4.3448,5323,3.7053,1.2963,0.4815,0.0185,0
1.05,1170,6.5558,1.1905,0.0,0.0952,0
1.0504,4511,1.4574,106.7222,23.5556,0.0556,0
3.6765,4872,3.3736,1.7111,0.3556,0.1333,0
2.2321,3867,5.006,13.6792,0.6038,0.0377,0
0.6944,2680,9.8127,0.8194,0.2083,0.0972,0
0.6596,2540,12.0791,1.0595,0.3452,0.131,0
0.7848,5495,7.9763,0.8667,0.125,0.0417,0
0.1258,1372,1.8635,0.0,0.1429,0.0,1
123.0,1176,43.4821,0.9714,0.1857,0.2214,0
0.1395,4711,9.0712,0.4444,1.4615,0.0,0
20.5,3670,3.2843,1.3939,0.697,0.3939,0
15.375,5502,0.4647,267.5714,77.8571,0.0,1
8.2,6638,2.5311,1.5652,8.413,0.0652,0
0.4786,1069,5.1251,0.1333,0.2667,0.2667,0
0.8905,2264,1.452,0.1111,0.2222,0.0,1
2.8372,5765,8.4264,41.7218,4.3008,0.0301,0
9.3846,2646,0.138,0.0,0.0,0.0,1
9.3846,3471,4.1039,23.359,5.3333,0.0769,0
6.05,5400,2.8408,2.5714,0.5952,0.0,0
3.025,6172,4.3792,20.1622,3.3243,0.027,0
0.3428,5354,13.7122,0.8159,1.3483,0.0299,0
1.4815,3420,4.5923,4.4884,0.4186,0.2558,0
119.0,1083,8.0942,1.125,0.75,0.2083,0
119.0,4654,3.6886,11.3191,9.4468,0.0851,0
7.375,6109,0.2989,0.2,0.0,0.2,0
3.8065,5794,6.9974,1.0811,0.4595,0.027,0
3.9,5275,31.7819,0.0806,0.1002,0.0283,0
117.0,4018,14.7264,0.4198,1.3395,0.0432,0
4.68,5113,13.0013,2.0385,0.533,0.022,0
117.0,4876,2.3221,37.1613,23.3871,0.0323,0
13.0,5820,3.3889,5.0,0.9444,0.0,0
58.0,3331,0.5483,0.2,0.0,0.0,1
116.0,4887,4.0359,9.4815,0.8704,0.037,0
2.6364,1335,3.5567,1.9231,1.0,0.0769,0
0.4603,4071,2.871,0.125,0.0,0.0,0
0.2007,5222,9.5824,0.0073,0.0073,0.0219,0
0.5859,4500,3.409,0.3333,0.0476,0.2857,0
14.5,2339,11.5556,0.527,0.5676,0.0135,0
5.2273,4904,13.7043,0.2283,0.212,0.0543,0
0.2396,5130,4.1295,0.6897,0.431,0.0862,0
0.7325,3452,2.0104,0.6842,0.2105,0.1579,0
2.1111,6671,4.1064,5.56,1.8533,0.0667,0
3.5625,4864,5.5568,16.2568,2.0135,0.0405,0
19.0,4853,3.6879,0.7143,0.3061,0.0,0
4.1852,5691,5.7762,5.0556,2.9,0.0222,0
3.5312,6176,4.7904,1.2099,0.2593,0.0,0
0.9262,2077,3.8688,0.1818,0.0909,0.0,1
1.9483,5717,1.725,43.5926,12.9259,0.0,0
0.2393,4816,4.1713,0.2727,0.2,0.0,0
4.44,1637,29.8983,4.709,0.8582,0.0075,0
15.8571,4246,0.6882,708.0,29.5,0.125,0
5.8421,1393,12.5858,0.0417,0.0208,0.1875,0
37.0,3715,17.8938,0.044,0.044,0.0549,0
1.0777,1458,0.7515,0.6667,0.6667,0.0,0
11.1,5292,0.6902,6.3,1.7,0.1,0
1.7344,2722,5.7699,0.3488,0.0,0.0465,0
0.8284,1546,0.4725,6.0,0.0,0.5,0
1.4103,1508,22.0409,0.0879,0.033,0.022,0
0.5046,3724,1.3731,0.7857,0.0,0.9286,0
4.36,1828,6.9933,1.2571,0.0857,0.4571,0
10.9,3432,4.0441,0.2895,0.1053,0.4211,0
2.0769,2957,4.3232,1.8857,0.2286,0.1143,0
0.5654,2490,15.4021,0.0952,0.019,0.2571,0
0.7941,3589,2.7478,0.0741,0.0,0.1111,0
2.0377,5704,4.8666,0.9211,0.5263,0.0,0
0.1115,4886,136.8006,0.9443,0.0022,0.0022,1
1.8947,2811,5.7172,0.8636,0.0,0.0,1
54.0,4404,10.7817,0.4538,0.3231,0.0077,1
3.4839,4094,8.0294,5.3,1.2,0.0222,0
0.6772,3322,3.5184,0.0,0.0,0.0,1
1.597,3804,6.0491,1.2381,0.3968,0.0635,0
107.0,5078,3.956,1.4545,0.5273,0.0364,0
107.0,1983,2.7629,2.6,1.2,0.0,1
17.6667,4660,0.9406,54.1667,20.3333,0.0,0
0.1949,4424,9.9073,0.0583,0.0167,0.225,0
1.1667,3089,9.6959,0.0122,0.0854,0.061,1
2.6923,4461,7.942,0.134,0.0825,0.0928,0
1.1053,2735,3.3387,1.96,0.2,0.16,0
2.625,4499,6.4136,4.2532,1.2785,0.0127,1
0.5622,2319,59.0637,0.0667,0.0187,0.0053,0
5.4737,2902,9.6913,3.2597,0.4286,0.039,0
1.0196,2979,3.3104,0.1111,0.0,0.1481,0
1.253,4112,2.3095,6.6154,3.8077,0.0769,0
1.0196,266,4.1194,29.6667,2.0,0.6667,0
20.8,5759,2.9809,14.0,2.6383,0.0,0
103.0,850,6.0159,1.5714,0.7857,0.4286,1
3.3226,2810,7.9289,0.459,0.1967,0.0656,0
0.945,1862,10.2003,0.8846,0.0577,0.0577,0
103.0,4333,6.0692,0.6667,1.125,0.0139,0
25.75,4976,3.0095,1.4634,2.1463,0.0732,0
1.1705,6027,2.7877,0.2391,0.0435,0.1087,0
4.2917,5423,2.6941,1.375,2.25,0.025,0
3.9615,1665,1.9743,0.1111,0.0,0.0,1
10.2,5093,0.0717,9094.0,335.0,1.0,0
102.0,2099,5.2203,3.7,4.9333,0.3333,0
20.4,4134,1.5903,1.2778,0.6667,0.0556,0
1.9245,449,2.4404,0.0,0.0,0.0,0
0.7727,3783,1.6414,0.6471,0.2941,0.0588,0
6.3125,4959,15.0991,0.5024,0.6878,0.0732,0
33.6667,4449,2.545,1.8065,0.3226,0.0,0
2.8857,2891,3.5375,3.8214,0.0714,0.0,0
0.8938,5268,4.6454,0.1493,0.0597,0.0448,0
0.558,4413,15.4774,0.8663,0.1123,0.016,0
25.25,5884,2.483,1.85,0.925,0.0,0
7.2143,2786,1.7043,7.2308,1.4615,0.2308,1
1.1744,793,1.8424,0.25,0.0,0.0,1
2.2222,5395,5.6192,0.6988,0.1084,0.0,0
0.7634,1539,6.6452,0.0357,0.0714,0.25,0
0.1221,3144,4.9955,0.0,0.0465,0.0,0
0.5593,4819,22.6623,0.2475,0.1405,0.1839,0
0.3194,4724,16.546,0.0421,0.0047,0.0187,0
0.9074,664,37.4051,0.2941,0.0147,0.4118,0
0.1738,2073,6.6954,0.0263,0.0,0.0,1
1.5556,2103,8.5103,1.8571,0.2653,0.0204,0
0.6667,1890,2.1258,0.2727,0.0909,0.6364,0
97.0,1721,8.4893,0.075,0.925,0.2,1
4.2174,4580,3.6684,9.9565,0.6304,0.087,0
0.651,1239,6.7803,0.087,0.0435,0.087,0
12.125,3705,1.5773,5.375,0.75,0.0,0
13.8571,4813,2.049,3.4444,1.4815,0.037,0
5.6471,3602,1.8252,1.9444,1.1111,0.0556,0
3.5556,4982,5.4252,0.4189,0.1216,0.0676,0
0.0995,5747,5.6564,0.1798,0.0449,0.0337,0
1.2973,5969,8.6891,0.6056,0.1972,0.0986,0
2.1333,2224,12.9743,1.8608,0.4684,0.1013,0
0.4528,4962,8.097,0.2273,0.0636,0.0,0
0.5486,3626,11.1811,0.1712,0.036,0.0631,0
95.0,2538,52.0963,0.7265,0.0249,0.0,1
0.8261,862,2.5423,2.0,0.1667,0.0,1
1.4394,2887,12.1455,2.4688,0.3333,0.0833,0
2.7143,5957,7.6643,1.136,0.272,0.016,0
1.338,1615,7.6895,0.0294,0.0,0.0,0
0.6169,4311,18.9784,1.2679,0.058,0.0491,0
1.5079,4068,3.3221,6.3784,1.0811,0.0,0
0.5697,1735,11.1575,0.1509,0.0189,0.0943,0
0.4974,1420,5.1444,0.0,0.0,0.15,0
0.8785,5011,3.7174,1.6078,0.5294,0.0,0
0.6309,5416,4.8556,0.7222,0.0694,0.0,1
2.0,1865,16.0592,0.5244,0.061,0.0,1
1.0333,1978,3.8778,0.7619,0.0,0.0476,0
1.7222,5067,2.3067,7.2188,1.875,0.0938,0
93.0,1875,0.5844,13.0,1.6667,0.0,1
1.2105,3415,6.5242,1.6393,0.1475,0.0,0
1.3143,4724,8.1184,0.1238,0.0762,0.0381,0
0.902,5520,2.7129,0.1951,0.1707,0.0244,0
23.0,5355,0.9549,61.0,20.5714,0.0714,0
1.011,4071,40.374,0.0511,0.7489,0.0578,0
13.1429,4875,7.2675,0.2784,0.1031,0.0515,0
1.3143,2121,11.1934,1.1231,0.0615,0.0462,0
18.4,1847,0.1978,0.0,0.0,1.0,0
0.7077,2014,6.1661,1.7059,0.3235,0.2353,0
0.9381,6032,3.1487,0.3269,0.0962,0.0,0
1.1375,2111,5.7097,0.2121,0.1818,0.2727,1
1.5424,2685,2.8567,0.6667,0.1429,0.0,1
1.1375,3032,6.8665,1.8947,0.1579,0.1404,0
4.3333,1374,6.1141,5.3913,0.1304,0.0435,0
0.302,1528,8.1273,0.1176,0.0,0.0,0
0.7563,3167,13.8396,0.0917,0.1333,0.1167,0
30.0,3225,5.4363,0.4375,0.3542,0.0208,0
0.2695,2663,7.5437,0.2727,0.0182,0.1273,0
0.6923,1552,0.0,0.0,0.0,0.0,0
90.0,5228,0.5589,3.0,0.375,0.0,0
0.7563,1557,19.9398,0.0118,0.0,0.0,0
3.2143,1812,5.0393,1.96,0.28,0.28,0
90.0,3436,2.0197,47.2105,23.4737,0.1579,0
10.0,3801,4.2281,1.6136,0.75,0.0227,0
44.5,3321,2.9695,4.2593,0.6667,0.0,0
1.8163,5176,8.9619,0.0709,0.1024,0.0945,0
0.6642,6641,3.3,0.2667,0.2167,0.1667,0
2.119,5096,1.3618,0.8421,0.4211,0.2105,0
89.0,4179,0.1748,0.0,0.0,0.0,1
1.2535,3121,8.7772,0.44,0.2,0.0267,0
0.6096,1685,15.8239,0.0274,0.0411,0.0137,0
17.8,2200,11.6216,0.3,0.0714,0.0,1
3.4231,2366,3.3962,22.1818,2.0909,0.0455,0
5.5625,2447,5.672,1.1842,6.2105,0.0,0
1.459,3893,10.5081,0.4821,0.0179,0.0179,0
2.0698,2779,4.0744,0.0,0.4516,0.0,0
2.0952,5145,1.2069,14.7647,2.7647,0.0,0
0.5752,2892,6.5674,0.0,0.0,0.0192,0
88.0,1963,0.9303,4.8,1.6,0.0,0
88.0,4766,3.372,0.0909,0.2727,0.0682,0
0.6929,1627,0.6735,0.0,0.0,0.0,1
0.8224,2751,3.3192,0.12,2.52,0.0,0
0.4656,2652,10.1917,0.3108,0.0811,0.1622,0
44.0,5459,4.2152,0.127,0.6349,0.0159,0
28316.75,4299,0.6797,3684.0,833.25,0.0,0
367.2022,5036,5.4396,126.0133,23.5867,0.04,0
3608.4,6670,9.0902,41.4337,5.3012,0.241,0
346.0833,4508,13.0446,35.0497,24.7329,0.1366,0
4639.6667,3951,26.809,13.669,8.2483,0.0069,0
4417.3333,2209,1.1574,172.5714,18.0,0.0,1
110.8586,4365,27.6971,58.1964,14.3051,0.0211,0
413.0417,2117,27.7776,170.9255,17.5776,0.0062,0
9568.0,4299,0.4248,1034.6,63.8,0.0,1
0.5871,1158,16.4016,5.5962,0.5769,0.1538,0
4543.5,5636,8.7489,41.9704,16.2296,0.1704,0
187.4565,2291,13.0731,41.6463,11.0732,0.0122,0
0.771,1693,0.863,49.75,3.5,0.0,1
403.9,2242,26.5548,56.0123,29.7853,0.0,0
363.4091,3595,29.8702,4.7619,0.1224,0.0238,0
29.9538,4868,2.7761,545.7297,56.2973,0.0811,0
1159.8333,4424,32.1988,8.2744,4.2282,0.1231,0
16.1225,6436,13.904,726.3184,56.2776,0.1143,0
6422.0,1814,2.8189,1615.7143,135.5714,0.3571,1
60.2642,5540,4.8129,18.9041,42.4795,0.0822,0
0.1133,2386,6.1232,4.95,0.5,0.025,0
343.1765,3013,8.607,35.3521,93.1549,0.1831,0
242.125,4005,23.5292,28.2984,1.9031,0.0504,0
5735.0,3790,0.2891,7022.6667,324.3333,0.3333,1
8.3963,5745,6.8663,4.2963,0.3241,0.9074,0
14.1499,4480,19.0778,24.7991,2.4658,0.0769,0
87.5,6291,13.2955,149.9389,9.6463,0.0786,0
0.3882,1453,7.0385,8.9643,1.6429,0.25,0
4876.0,3309,3.5322,242.5312,48.4688,0.0625,1
0.2758,2830,25.6837,5.2563,1.2714,0.0452,0
25.5922,5904,5.4441,148.5795,11.4318,0.5909,0
62.0685,4491,15.9405,21.6276,3.7092,0.0561,0
191.7826,3692,3.9572,44.875,16.75,0.1,0
70.9839,3770,1.2595,17.9231,6.3846,0.0769,0
171.4,1216,11.4141,4.5263,1.1316,0.0789,0
81.3269,5425,28.8834,4.711,1.7809,0.014,0
1392.6667,4762,0.9204,435.9167,102.3333,0.0833,0
2045.0,4711,6.5902,88.5412,24.3882,0.0118,0
93.8837,6277,1.222,6.4762,3.1905,0.2857,0
0.1503,1770,2.4763,5.5,0.75,0.1667,0
3547.0,4332,0.8431,571.2,58.1,1.0,0
12.1789,5688,12.907,11.4279,2.0299,0.005,0
164.0952,5573,4.7844,15.0548,2.5205,0.0,0
3420.0,4799,15.2219,26.03,2.965,0.205,0
42.1899,5238,3.2076,82.8478,33.087,0.0217,0
1107.3333,4115,1.1539,1406.9231,123.1538,0.6923,1
49.1343,4338,156.6079,3.5161,0.8903,0.0624,0
22.5137,2666,16.3034,13.4874,1.9832,0.0,0
3268.0,3237,1.0155,1375.4444,54.8889,0.8889,1
12.2607,2570,11.3696,2.4125,8.875,0.0125,0
80.0278,2687,3.1264,21.7391,2.7391,0.0435,0
1.1524,1354,42.3517,2.414,0.2166,0.1911,0
1.1005,1433,5.6075,11.4545,0.5909,0.3636,0
156.5556,3065,32.652,49.7701,10.1241,0.0182,0
4.2057,4210,5.1187,27.8983,2.2712,0.0847,0
21.0079,3929,4.1833,69.0667,10.3111,0.0667,0
6.4069,3561,9.9492,210.5052,13.9175,0.0619,0
31.3494,2861,19.5328,4.2484,0.4967,0.0523,0
2573.0,2193,24.8163,32.255,41.2685,0.1745,1
183.2143,4730,19.9999,3.9421,1.3127,0.0193,0
10.9372,4925,5.6363,1.7895,2.1184,0.0,0
8.3617,5990,9.8782,28.0494,5.5617,0.0556,0
2347.0,6325,8.5466,259.5743,23.0068,0.0405,0
2311.0,2909,1.6323,53.8462,15.5385,0.0,0
0.1478,2442,0.7479,4.6,0.2,0.0,0
174.5385,4851,5.8729,39.7436,13.8846,0.1026,0
88.08,3711,1.2795,6.6923,6.8462,0.0,0
16.3359,3378,5.9469,44.8545,6.3818,0.1455,0
396.4,5812,6.2844,12.43,3.73,0.13,0
1956.0,818,5.3582,1333.9167,356.1667,0.5,1
637.3333,3316,4.5161,20.9512,11.5122,0.0976,0
30.2623,2952,9.6509,8.641,1.2179,0.0,0
39.3261,3634,54.9785,4.2285,2.3766,0.0329,0
1784.0,3491,21.3437,41.4608,3.8775,0.2794,0
1761.0,1769,1.8583,121.6667,13.5556,0.0,1
1737.0,1420,12.6037,17.4082,9.6327,0.2449,1
845.5,2324,4.2434,228.7778,59.4815,0.0,0
15.3486,3019,2.0567,444.2941,15.0,0.5882,0
5.7483,6276,7.1583,3.065,0.7724,0.0,0
4.824,5690,2.8244,1244.3182,167.6591,0.0455,0
327.0,6222,2.5829,9.8409,4.9773,0.0,0
19.2976,5347,3.1422,129.6304,8.0652,0.0435,0
1618.0,1718,38.0557,27.6592,32.5307,0.1006,1
1.5454,4272,9.0629,13.1226,1.9151,0.0189,0
10.911,3388,25.0112,3.6595,0.5,0.0345,0
0.686,2782,16.0174,3.5,0.1803,0.1148,0
13.3277,4608,3.0913,42.1795,14.7436,0.0513,0
1557.0,2979,46.2233,3.3899,9.1777,0.0,1
70.5,4382,40.1758,1.471,2.0166,0.0104,0
0.4305,2790,41.6306,1.3396,0.0189,0.0912,0
7.8351,3013,3.5155,117.9655,12.0345,0.0,1
100.5333,4821,6.8944,7.8571,2.5604,0.0549,0
64.9565,5192,8.6529,223.1057,31.0244,0.065,0
5.4906,4345,4.035,3.4167,1.9375,0.0625,0
18.3125,4691,3.3481,53.6977,14.0,0.0233,0
36.525,5478,9.868,3.1284,5.5068,0.0405,0
27.4808,2911,4.6425,5.1622,2.027,0.0,0
0.1722,2598,26.5713,0.5873,0.1005,0.037,0
36.4872,5297,8.2055,10.2689,4.1933,0.0924,0
0.1549,286,35.7587,1.8571,0.1786,0.4286,0
699.5,2461,4.6009,13.7097,27.6452,0.0323,0
25.2727,3785,7.2375,5.9467,1.8933,0.0533,0
13.1442,4822,4.6205,10.8525,3.459,0.0164,0
1354.0,2676,5.3232,176.4872,21.641,0.641,1
1349.0,5904,6.4958,63.419,7.0952,0.0381,0
0.4065,1589,1.1493,4.6,0.2,0.0,0
4.3967,4497,12.8329,23.3101,2.8418,0.0,1
15.9643,742,0.9845,25.0,5.0,0.0,0
17.8533,2589,8.0414,11.1228,4.8596,0.0175,0
1338.0,3317,4.7349,22.5581,4.8372,0.0233,0
21.4194,2610,1.5394,11.6364,1.2727,0.1818,0
0.4335,1770,9.4924,2.8913,0.2174,0.0435,0
217.6667,4452,6.4813,10.4304,3.6962,0.0759,0
5.3724,4484,7.494,7.2283,1.163,0.0761,0
1258.0,3991,11.7144,6.2109,1.5469,0.0391,0
1251.0,4294,7.8256,3.7935,1.0435,0.2717,0
8.6181,4671,3.4406,316.6818,48.0227,0.0682,0
0.229,5450,45.3714,0.7267,0.2038,0.0015,0
12.19,5718,7.0904,76.8198,15.9279,0.0541,0
0.3419,1906,3.0661,5.9375,0.3125,0.5,0
8.4126,2853,9.8578,5.5065,0.6753,0.013,0
598.0,5622,2.3388,868.8889,101.7778,0.5,0
1194.0,1524,11.5039,23.2708,15.3542,0.125,1
169.8571,3815,4.787,1.82,0.48,0.0,0
0.6712,1942,37.2397,8.4343,1.101,0.0505,0
9.6311,4746,5.4641,55.1127,10.7465,0.0563,0
61.7895,5812,3.0794,1.5306,1.0,0.0,0
2.6166,3365,6.2955,2.8103,0.1207,0.1552,0
27.4524,6052,4.6471,91.3117,11.7013,0.013,1
0.3344,4702,2.3304,10.5,1.6333,0.4333,0
1137.0,1931,12.2948,13.2,12.4769,0.0462,1
1134.0,1102,12.2634,299.8378,220.6486,0.6486,0
558.0,3663,3.9885,7.75,64.95,0.3,0
14.3896,3374,5.954,4.5818,1.1091,0.0,0
16.8923,4289,2.3845,13.2857,9.4286,0.0714,0
5.8967,5238,1.6735,34.0,8.9583,0.5833,0
1.5211,5768,21.7833,2.5669,2.1686,0.1395,0
0.9107,3699,23.6983,2.4542,0.9458,0.025,0
347.0,6048,2.4761,8.1951,4.6829,0.3171,1
0.1504,4444,7.4792,3.7033,0.6484,0.0,0
49.2381,4954,2.8017,25.6842,1.6579,0.0526,0
145.5714,6564,5.3975,77.0103,7.9794,0.0309,0
145.2857,3647,10.0151,0.43,0.07,0.02,0
6.0838,3021,9.9141,15.6829,1.5244,0.0122,1
32.7097,5652,7.367,1.1579,0.307,0.0,0
1.4889,2047,7.3157,1.5854,0.1707,0.0488,0
142.4286,1702,7.511,5.6286,1.3429,0.2571,0
198.2,5967,6.9169,3.0885,0.2566,0.4071,0
43.0435,2482,3.0904,1.381,0.0476,0.0,1
28.2,1783,5.1213,149.4,21.64,0.12,0
0.3618,1963,12.2804,2.9394,0.1061,0.0152,0
48.9,5879,4.2868,3.0145,0.9275,0.0,0
0.5891,2457,7.5815,6.8235,0.9216,0.0196,0
18.5769,5801,4.7852,3.2632,0.8947,0.0,0
79.75,4640,15.2712,0.5722,1.7474,0.1804,0
59.125,4450,6.4021,30.6795,7.8718,0.0513,0
1.888,5411,3.5101,14.4423,5.75,0.0577,0
0.5615,1770,12.5877,2.9016,0.082,0.1148,0
939.0,1833,2671.725,0.0318,0.2041,0.0001,1
0.2391,1441,4.309,1.5882,0.1176,0.0,1
923.0,2216,4.2854,3.7692,1.8462,0.0385,0
1.4299,6109,15.4853,15.5985,2.7799,0.0695,0
9.766,3308,3.3124,10.4333,0.7667,0.0,1
114.625,4881,14.1431,2.7249,1.9788,0.0265,0
0.4428,2608,11.204,0.375,0.0375,0.0375,0
2.1947,5405,2.9734,216.7727,48.8409,0.1136,0
2.2746,4333,4.9734,7.5763,0.678,0.0339,0
64.2857,2097,9.2314,4.7736,0.2075,0.0189,1
1.4368,2390,11.309,4.8108,0.1622,0.1757,0
15.7368,3050,4.1914,6.8,0.6857,0.0,0
63.7143,4566,8.1593,1.9216,1.0294,0.049,0
42.1905,4275,5.3826,2.3016,1.6984,0.0,1
0.4136,4328,3.4601,4.9756,0.7073,0.0,0
5.25,2359,19.8186,5.8672,1.1953,0.0156,0
0.9887,5862,7.6016,5.5,1.6803,0.0984,0
5.6993,6100,3.5327,3.1186,1.678,0.0339,0
13.6825,3965,2.3951,8.9615,3.2692,0.2308,0
858.0,3791,2.6977,195.7857,17.2143,0.0,1
93.7778,3944,0.463,3.4,1.0,0.0,0
139.3333,3975,2.2053,4.2917,1.5833,0.0417,0
17.7872,6185,11.8108,1.01,0.565,0.025,0
208.5,2779,2.6286,75.2,125.55,0.1,0
206.75,5031,8.712,3.6,0.6583,0.0,0
0.3957,4937,84.7096,0.5293,0.0314,0.0271,0
4.6364,6309,13.026,7.2889,1.2711,0.0044,0
7.6571,1074,14.6236,8.7674,0.5116,0.2093,0
66.9167,5045,2.8959,115.2,11.55,0.0,0
0.1042,4888,0.5978,2.0,0.125,0.0,0
22.9412,4027,2.3582,113.0769,5.5385,0.0,0
15.2941,5375,22.4247,0.3848,0.1,0.0182,0
0.9911,4748,18.4625,1.2667,0.3833,0.025,0
59.8462,3918,1.0255,2478.6364,216.0,0.2727,0
22.8529,6075,0.4209,1.2857,1.2857,0.5714,0
1.3414,2520,9.856,4.1324,0.3971,0.0147,0
773.0,5994,9.3841,17.9675,3.0195,0.1039,0
3.4356,6669,3.5052,20.3438,1.2188,0.5312,0
70.1818,3192,15.9053,2.6475,1.4245,0.0432,0
769.0,4641,2.9119,9.1351,4.6757,0.0,1
152.8,1595,15.5718,0.5441,0.0441,0.0441,0
29.2692,3805,6.7194,2.2571,1.1714,0.0429,0
14.3396,4244,6.0244,5.2571,0.6,0.1857,0
0.6894,3295,9.2005,4.0602,0.5904,0.0241,0
754.0,1928,237.1852,0.9601,1.4018,0.0391,0
376.0,4587,2.3888,27.9,12.9333,0.0333,1
3.472,5891,7.5022,1.5124,0.9421,0.0331,0
2.964,3584,18.1402,3.9607,0.5112,0.073,0
147.8,5233,1.1168,18.0,7.3125,0.0625,0
10.6232,3625,6.1463,0.7541,0.2295,0.0164,0
48.7333,3525,7.3568,5.8028,2.8592,0.0563,0
0.4818,2704,7.024,1.4808,0.8269,0.1154,0
25.8929,4493,12.9256,3.2013,1.5975,0.0,0
15.3191,2655,17.4715,5.9764,1.189,0.0551,0
715.0,1135,3.2181,512.8,45.8,0.4,0
24.5172,4010,7.3779,4.6049,2.4198,0.1358,0
236.6667,4837,5.6634,14.08,3.6667,0.0,0
10.1429,4539,5.9547,3.5135,1.0811,0.0,0
0.6639,4125,5.7555,1.2,0.0308,0.0615,0
11.3871,4429,2.9688,4.9444,2.0556,0.0556,0
1.0368,3127,12.3814,0.8396,0.1132,0.0,1
8.381,3024,6.2808,7.3462,0.6154,0.0769,0
1.1861,6587,5.2678,19.2842,0.8947,0.0,1
10.6061,4832,17.8392,2.0381,0.7288,0.1059,0
0.8016,2616,3.0717,0.9545,0.0,0.0909,0
99.7143,3386,0.5394,26.8,13.8,0.0,0
0.4387,2414,6.96,1.2174,0.1304,0.0652,0
1.1834,4369,23.1573,4.2708,1.2744,0.0036,0
43.375,4624,5.0554,1.0625,0.3125,0.0312,0
4.1257,5410,0.2025,3.0,1.0,0.0,0
683.0,4038,44.8648,3.998,6.6734,0.2036,0
56.8333,2395,17.0806,4.3482,3.6161,0.1964,0
0.4403,1142,21.4289,0.194,0.0299,0.0,0
3.5957,1138,8.6659,4.2593,10.0,0.037,0
0.5892,2191,12.1694,1.2192,0.0274,0.0822,0
6.72,5239,10.2485,1.3741,0.6122,0.0544,0
4.5578,5487,8.4539,6.3937,0.5827,0.1181,0
13.34,4066,18.5949,2.3043,1.5314,0.0193,0
0.9737,1874,11.6942,1.1167,0.0333,0.4333,0
666.0,3271,1.5633,627.2143,174.4286,0.2143,1
1.1705,1374,30.0388,3.8496,0.1504,0.3097,0
1.0375,2659,3.5715,2.4615,0.1154,0.0,1
1.0392,2833,6.9621,1.3704,0.1667,0.0,0
0.952,1289,12.7512,0.2,0.0,0.0444,0
0.9437,641,135.0456,0.4641,0.0,0.1688,0
163.25,2587,5.6475,3.7,0.55,0.0,0
10.0308,2480,93.3744,0.9274,1.9164,0.1577,0
28.3478,6251,2.4541,7.2857,1.5952,0.119,0
18.0556,4998,6.8694,89.9681,11.3511,0.0106,0
0.2109,5198,0.4216,1.1667,0.6667,0.5,0
19.0882,6678,2.0784,21.0789,2.3421,0.0526,0
161.75,5164,1.6268,35.1304,3.3913,0.2174,0
2.4286,5204,4.2814,6.623,0.9016,0.1148,0
644.0,2104,4.3399,26.52,6.68,0.4,1
1.0489,1564,6.7725,2.3103,0.0345,0.2759,0
27.9565,2806,3.7749,2.4828,0.3103,0.0,0
642.0,1967,5.942,198.2188,61.8125,0.5312,0
0.6561,1942,21.0649,0.4196,0.0089,0.0357,0
0.8721,2851,17.1671,7.0075,0.709,0.0224,0
2.0744,4904,35.0801,0.3609,1.6815,0.0913,0
2.3933,5503,7.9647,0.775,0.0917,0.025,0
4.8385,4538,3.8634,37.5833,1.4792,0.0,0
23.2963,4274,5.9821,0.6286,0.2,0.1143,0
5.531,4279,2.7315,4.0625,189.0312,0.0312,0
89.1429,2641,9.9576,4.4306,2.8194,0.3472,0
207.6667,3955,2.7705,8.4333,3.0333,0.0,0
4.3194,2109,70.4868,1.4644,0.0786,0.0319,0
1.0401,2005,4.9186,2.6296,0.1111,0.5926,0
2.6538,2718,1.747,6.6923,0.7692,0.0,0
621.0,2553,6.2949,19.0227,6.0455,0.0,1
4.106,4899,15.0603,2.698,0.3861,0.0099,0
617.0,3636,13.059,10.3846,5.0385,0.1462,1
6.1089,4156,0.7031,331.75,50.5,1.0,0
0.2584,5740,4.0725,38.75,5.6719,0.1719,0
0.6574,5479,0.3333,3.2,0.2,0.0,0
3.1865,2772,10.0141,2.1316,0.1053,0.0,0
4.0395,5986,5.1865,4.2471,0.7176,0.0471,0
40.6667,3106,11.4067,17.3918,4.4021,0.1443,0
0.1116,6682,1.8585,2.6176,0.3235,0.5882,0
608.0,1930,36.3358,3.5052,5.0,0.2188,1
1.8824,2841,8.6138,6.1343,2.9104,0.0448,0
151.75,5353,1.6376,25.9167,6.375,0.0,0
18.3333,5186,4.7892,3.7353,0.8971,0.0,0
1.2878,6040,2.6608,9.6591,1.3864,0.1364,0
0.2122,4422,0.4956,1.6667,0.0,0.1667,0
603.0,2747,1.8615,269.9286,47.4286,0.2143,0
5.3186,2681,8.4467,61.7903,2.5484,0.5161,0
0.6152,5669,3.9302,21.0984,5.7049,0.082,0
33.2222,5425,8.8872,10.3561,1.8485,0.0455,0
66.1111,4690,6.4639,1.2169,0.494,0.0241,0
0.4322,1432,15.0487,4.4407,0.0169,0.1186,0
9.2344,2628,5.1424,20.2432,3.4324,0.027,0
12.0,3266,0.7828,1.7143,0.0,0.1429,0
6.0619,6248,13.6209,23.412,4.2876,0.0987,0
587.0,2558,15.5638,8.4037,1.2569,0.0,1
1.0034,1298,1.6884,6.6667,0.0,0.5,0
7.5584,4847,3.4664,2.0,0.1087,0.0217,0
1.2129,3938,13.727,2.0541,0.1892,0.0405,0
36.3125,5844,3.4375,15.4727,1.6909,0.0182,0
193.3333,4842,1.8858,5.96,0.32,0.04,1
193.3333,4249,2.321,2.0,1.1852,0.037,0
7.3974,5765,5.7021,6.3111,0.4667,0.1444,0
574.0,3878,3.4849,133.3514,22.8649,0.1351,0
573.0,1531,2.1471,112.6667,39.3333,0.8889,0
2.8317,2775,6.7127,2.0784,1.1961,0.2745,0
7.8356,6565,2.8931,4.7115,0.5385,0.0577,0
6.1398,4470,4.1673,1.9412,0.7451,0.2353,0
63.3333,4036,8.7783,30.5567,9.1546,0.0,0
1.5746,5287,11.9516,2.5145,0.1618,0.0116,0
4.7417,4352,3.2732,2.3333,0.0513,0.0256,0
1.0289,1180,8.3574,6.2222,0.1481,0.037,0
47.3333,4140,1.4998,334.5882,17.0588,0.1765,0
1.7806,3837,0.6663,94.0,5.0,0.7143,0
3.0486,1828,8.5918,8.7674,0.6744,0.4884,0
562.0,5506,16.8495,10.9843,14.9016,0.122,1
51.0,3275,7.5838,2.6618,1.6912,0.1618,0
556.0,3400,0.2149,168.5,196.0,0.0,1
1.2198,5184,11.9777,6.1882,1.7765,0.0294,0
553.0,4845,6.4833,101.0465,7.7442,0.0233,1
1.3844,6255,8.8174,2.7616,0.4834,0.0199,0
15.25,2381,2.4544,366.8125,29.4375,0.9375,0
0.515,5816,0.5652,0.5556,0.0,0.1111,0
91.1667,3267,1.3416,299.0833,76.5833,0.0,0
1.1129,1304,2.2408,0.125,0.0,0.75,0
7.9118,5302,19.4267,5.5745,0.8652,0.0426,0
0.9027,1690,7.1321,3.6061,0.2727,0.1818,0
535.0,5136,3.2002,167.2222,40.8222,0.0444,1
14.8333,3463,12.4457,3.178,2.1017,0.0,0
2.1673,4792,8.6129,51.4602,6.8319,0.0177,0
0.5343,2652,7.2995,2.283,1.0566,0.0755,0
2.2321,5768,4.8759,32.4026,2.987,0.0649,0
4.7232,1532,11.9207,0.62,0.12,0.36,0
0.4521,4111,4.7977,0.537,0.1296,0.7963,0
528.0,5708,0.7679,1.25,1.0,0.0833,0
8.3651,4131,1.6799,12.9474,1.1053,0.0,0
0.7028,1830,3.393,0.3529,0.0,0.1176,0
19.3333,5500,0.3985,0.3333,0.6667,0.1667,0
5.8539,1828,2.5975,283.3846,30.8462,0.5385,0
3.46,5550,2.435,14.5676,1.1351,0.027,0
0.8196,4129,4.5999,4.1346,1.8269,0.0,1
516.0,560,17.6103,15.037,4.2222,0.6667,0
0.7413,6560,9.2426,2.5482,0.3494,0.0482,0
23.2273,4011,4.6442,51.098,7.7843,0.0588,0
21.2917,2442,8.2264,1.3818,0.0909,0.0364,0
5.7955,3982,7.2463,0.8354,0.7342,0.0759,0
22.1739,3285,4.1139,15.6486,4.2162,0.0541,0
509.0,3432,2.0221,355.2105,42.7368,0.2632,0
3.1358,4333,11.4641,13.9779,2.6618,0.0294,0
1.924,5213,13.4525,20.8229,3.6458,0.0677,0
10.1,5289,4.9722,0.8472,0.3056,0.0278,0
0.6222,6366,3.4999,2.0164,0.5902,0.0328,0
7.9683,2178,8.385,1.6,1.3,0.0,1
501.0,5213,10.0193,2.6224,1.2308,0.021,0
2.9762,5103,7.2291,27.8317,3.7921,0.0,0
499.0,2926,0.0,0.0,0.0,0.0,0
0.5764,1873,7.8003,1.25,0.175,0.075,0
497.0,3464,2.636,15.04,2.68,0.0,1
2.2143,2281,2.562,2.5,0.1875,0.0,0
0.3603,4089,12.5055,0.6214,0.0786,0.0357,0
2.1336,3436,16.6892,2.3885,0.6433,0.0127,0
0.689,2595,1.2668,24.4444,31.6667,0.4444,0
491.0,3648,24.7305,1.9231,1.4332,0.332,1
1.4613,5528,2.3125,78.2571,12.7429,0.0571,0
98.2,3455,0.6343,361.3333,187.8333,0.3333,0
1.369,3720,7.1675,2.6301,0.1781,0.0548,0
486.0,3103,0.5885,19.2,39.2,0.0,1
0.6383,3156,3.2405,1.8929,0.1071,0.0,0
9.0,4391,12.7268,2.5163,0.3791,0.1046,0
5.3297,3755,3.9881,35.3902,10.4146,0.0,0
15.6129,5324,6.1058,3.9775,1.7079,0.0337,0
7.6667,2272,18.3268,0.8333,0.7719,0.0965,0
0.7188,4264,5.1395,2.5167,0.1667,0.0167,0
2.5104,5318,25.4123,2.1432,0.6892,0.0946,0
40.1667,4850,8.0581,51.2056,6.8692,0.2336,0
7.6349,2704,7.5643,25.9286,1.1071,0.375,0
31.9333,4398,8.3049,5.05,1.5,0.0,0
476.0,3421,0.7474,44.2857,40.7143,0.0,1
238.0,4638,3.1501,31.8,4.7,0.0,0
476.0,5712,3.9645,82.8871,6.0806,0.0,0
19.7917,5113,1.0715,0.6667,0.0667,0.0,1
59.25,5149,0.0,0.0,0.0,0.0,1
0.0745,3019,10.4046,0.7442,0.0116,0.0698,0
3.5414,2355,8.3752,6.8704,0.5926,0.1111,0
1.4144,1872,143.4075,0.2884,0.1578,0.2163,0
6.7286,6402,10.9541,7.8229,1.1406,0.0781,0
6.7,3316,11.896,17.9537,2.9722,0.0093,0
0.6223,908,12.8722,2.6562,0.1562,0.2188,0
0.7366,2169,8.083,2.7917,0.0417,0.25,0
2.3069,6276,1.6295,4.7143,2.3929,0.0357,0
5.1667,6446,10.936,1.3627,0.9016,0.1295,0
7.4839,6516,8.9126,14.4717,3.6101,0.1698,0
14.9032,6475,14.328,9.3937,1.4764,0.0118,0
11.55,2049,0.3565,4.0,1.5,0.0,0
12.8333,5376,11.2102,0.9212,0.4909,0.0788,0
25.6111,6340,7.9502,4.1739,0.8696,0.0072,0
1.8852,3653,9.9986,3.62,0.43,0.02,0
1.0222,993,6.253,1.2353,0.0,0.1176,0
57.25,3342,1.0929,33.3,12.6,0.1,0
2.106,4267,23.4541,2.573,0.5365,0.0584,0
456.0,6297,12.9348,21.0628,18.9686,0.009,1
1.7395,6132,48.5451,0.719,0.4883,0.0515,0
4.3654,4332,1.602,0.7368,2.0526,0.6842,0
2.1942,5218,0.77,49.4545,35.2727,0.3636,0
0.6565,5501,1.0624,1.1875,0.375,0.125,0
451.0,3877,0.8479,205.5556,86.5556,0.1111,1
4.3269,6618,4.2497,1.3377,0.3247,0.039,0
1.9522,5351,3.8225,3.375,0.7321,0.0357,0
0.6535,2118,15.3481,0.8202,0.0562,0.0449,0
4.7053,6054,1.991,158.8182,15.2424,0.0606,0
447.0,4848,5.1231,1.5588,10.9412,0.0441,0
0.6368,3160,0.6935,0.0,0.3333,1.0,0
1.0183,2581,2.2642,7.5625,0.625,0.0,1
0.2958,3346,12.1168,0.5946,0.036,0.0,1
0.7508,2097,1.7418,0.4,0.2,0.0,0
5.8553,2041,12.5269,2.8714,0.1857,0.0286,0
20.2273,5664,3.9981,8.8548,2.4355,0.0323,0
3.4496,3528,7.247,2.9571,1.6857,0.0143,0
34.1538,5498,9.7657,14.0952,4.2245,0.068,1
444.0,5425,0.202,449.6667,82.0,1.0,0
1.3899,5526,7.3367,2.8378,0.6396,0.036,0
6.4058,2559,8.7066,3.6066,0.4262,0.1639,0
88.0,5654,1.8734,2.8966,1.4138,0.0345,0
4.9326,5445,9.6595,1.4444,0.5278,0.0,0
438.0,4726,1.4684,26.2105,21.7895,0.0,0
3.0629,3472,3.7872,24.9722,2.3056,0.0,1
8.549,2075,7.569,1.5349,0.1628,0.0233,0
436.0,2350,0.3109,478.0,20.0,0.0,1
0.8286,6478,0.6766,12.75,0.8333,1.0,0
1.0535,1713,6.1835,9.9655,0.2069,0.1034,0
8.66,4115,3.2841,3.7838,0.2703,0.1081,0
1.2308,4411,14.6564,23.209,3.1808,0.0056,0
4.6452,2956,11.4913,9.8065,1.0215,0.043,0
10.2619,4807,0.9118,25.9167,9.6667,0.0833,0
143.6667,2311,5.8478,12.6216,7.4595,0.0,1
7.431,5935,4.3695,1.8169,0.6761,0.0141,0
214.0,6230,2.521,3.0233,0.9767,0.0,0
7.1,4061,13.8509,7.3766,1.8377,0.0584,0
3.4,4844,3.4685,17.8696,3.1957,0.1739,0
2.5449,4735,1.0028,19.2308,16.2308,0.0,0
11.8056,2956,3.5833,15.3793,2.6207,0.1034,0
3.2868,1544,18.9249,2.5875,0.275,0.0625,0
18.3913,5372,9.7228,5.4965,0.972,0.028,0
11.6944,3941,18.2579,0.9036,0.6396,0.0,0
421.0,4227,2.6787,4.871,5.0645,0.0,0
0.7656,3605,16.92,3.1497,0.6766,0.0659,0
17.4167,4547,1.1246,4.7143,4.0,0.0714,0
1.0504,2890,3.7915,4.6,0.1667,0.4333,0
0.678,770,9.9614,0.1905,0.0,0.8095,0
2.2063,5889,5.7061,9.6739,9.1957,0.0543,0
0.3193,2925,30.9682,0.621,0.0242,0.004,0
0.3111,2306,4.2766,3.4815,0.1852,0.037,0
4.3333,2917,19.5334,3.1154,0.6667,0.5897,0
2.1173,5239,4.1133,53.8475,20.0678,0.0678,0
0.1331,4218,10.7376,0.4274,0.2258,0.0,1
3.7054,3379,11.8904,1.3091,0.0909,0.1182,0
2.065,3210,7.0547,52.5806,6.9194,0.1613,0
0.9856,3931,8.3624,1.2556,4.6,0.1222,0
137.3333,4399,8.8012,0.9811,1.6509,0.0189,0
411.0,3123,6.6664,6.193,2.8596,0.0,1
5.3377,1082,10.4646,4.1935,0.0645,0.1613,0
19.5714,5039,1.0148,10.6429,5.6429,0.2143,0
24.1765,4022,29.4234,0.6204,0.3611,0.0432,0
8.0196,5612,4.7511,1.7671,0.1644,0.0822,0
12.7812,5459,2.0741,8.0323,9.2258,0.4516,0
8.6809,5852,11.1098,46.5562,7.7697,0.1124,0
45.3333,5641,6.0217,3.4624,0.3548,0.0538,0
34.0,4631,3.076,8.4615,5.9487,0.0,1
4.9036,1768,5.3713,2.4231,0.1538,0.1154,0
407.0,1602,0.228,0.0,0.0,1.0,0
40.6,4241,4.1339,102.8125,12.9583,0.0,0
3.9417,3919,31.0355,0.5195,0.003,0.012,1
2.6026,4807,8.89,2.1624,0.6325,0.0769,0
2.3143,5062,3.8242,23.0,3.5094,0.0189,0
1.2385,5298,24.0604,0.5845,0.0802,0.0,1
67.3333,3481,1.1542,2.9091,0.4545,0.8182,0
5.3158,3291,5.2163,12.3404,1.5957,0.0638,0
5.3026,6282,3.4885,2.6,0.1667,0.2167,0
1.0281,2790,12.175,6.6129,1.0323,0.1828,0
0.3893,1924,21.6416,0.7632,0.0175,0.0351,0
401.0,679,23330.2765,0.0126,1.089,0.0828,1
2.381,2491,9.2376,0.6984,0.4921,0.0159,0
0.8808,4702,15.769,1.6108,0.3251,0.3448,0
0.7014,1229,1.7832,1.8333,0.0,0.5,0
0.8302,3661,3.9907,0.425,0.15,0.075,0
0.3114,2844,14.8977,0.3534,0.1466,0.0172,0
56.4286,1763,2.6933,0.6923,0.0769,0.0769,1
395.0,4347,0.8402,1.3,0.0,0.3,0
0.7467,1728,14.1619,0.6418,0.0746,0.1194,0
0.6752,4604,4.046,0.4902,0.1569,0.0,0
0.2049,5805,21.3298,0.2389,0.1475,0.0678,0
2.9773,2617,3.6288,1.7308,0.8077,0.0385,0
6.1406,3730,3.6231,4.4595,1.0541,0.027,0
392.0,6243,21.0035,26.7688,8.0195,0.0279,1
5.6812,5888,7.6301,1.561,0.5285,0.1138,0
391.0,1591,5.2802,83.5652,14.3913,0.4783,1
0.7697,3350,17.4448,0.4938,0.1062,0.0813,0
0.6062,1883,7.9529,1.122,0.0,0.1463,0
11.7879,3347,2.4008,291.8636,14.5909,0.1364,0
388.0,4203,20.7696,6.5314,2.3054,0.1674,0
3.88,6268,5.2445,1.2333,0.3333,0.0,0
2.2899,5221,6.2262,2.236,0.4831,0.0225,0
11.0571,1819,9.0359,5.4,0.9556,0.0444,0
