days_since_last_activity,repos_per_year,followers_following_ratio,active_repo_ratio,inactive_repo_ratio,repo_activity_density,churn
7,22.4114,0.2587,0.08,0.92,1.7929,0
57,13.7214,1.0261,0.1667,0.8333,2.2869,0
4,8.7154,5.2099,0.0654,0.9346,0.5696,0
42,3.1383,1.0322,0.1154,0.8846,0.3621,0
20,3.788,3.2783,0.1864,0.8136,0.7062,0
38,9.0185,0.7232,0.0469,0.9531,0.4227,0
5,14.6973,37.1429,0.0393,0.9607,0.5776,0
10,6.8213,0.6619,0.2424,0.7576,1.6537,0
1,10.1353,1.9905,0.0672,0.9328,0.6807,0
100,14.4653,7.0357,0.0044,0.9956,0.0634,0
151,8.6939,0.6169,0.0,1.0,0.0,0
7,0.0,162.0,0.0,0.0,0.0,0
124,6.0918,14.0,0.0,1.0,0.0,0
48,2.3868,4.3235,0.0286,0.9714,0.0682,0
14,6.3019,1.1453,0.0417,0.9583,0.2626,0
123,3.1096,0.2784,0.0417,0.9583,0.1296,0
1,8.7762,0.7011,0.0545,0.9455,0.4787,0
6,7.9092,1.0161,0.2623,0.7377,2.0745,0
12,9.6862,0.4449,0.0312,0.9688,0.3027,0
47,24.4762,0.8227,0.0086,0.9914,0.2104,0
56,8.2818,12.2222,0.0,1.0,0.0,0
23,2.9949,2.6667,0.0,1.0,0.0,0
6,50.2773,0.7338,1.0,0.0,50.2773,0
50,3.6037,0.6197,0.0,1.0,0.0,0
20,5.4655,2.2564,0.2344,0.7656,1.281,0
28,7.7374,2.4444,0.0374,0.9626,0.2892,0
5,4.8646,0.5241,0.0833,0.9167,0.4054,0
3,0.7015,1.5088,0.0,1.0,0.0,0
88,6.3267,2.125,0.043,0.957,0.2721,0
35,7.359,0.5915,0.0833,0.9167,0.6132,0
30,16.799,0.4462,0.0152,0.9848,0.2545,0
11,5.0143,1.04,0.2105,0.7895,1.0556,0
42,2.877,1.2581,0.0,1.0,0.0,0
28,5.5768,0.4667,0.2588,0.7412,1.4434,0
14,3.0871,4.0526,0.0526,0.9474,0.1625,0
28,2.8495,0.4934,0.0,1.0,0.0,0
21,4.0626,2.4194,0.0156,0.9844,0.0635,0
10,1.8297,14.8,0.2381,0.7619,0.4357,0
4,0.8115,1.0,0.0769,0.9231,0.0624,0
1340,1.8961,73.0,0.1364,0.8636,0.2586,1
7,4.7379,0.2996,0.0,1.0,0.0,0
24,10.9438,1.7949,0.0,1.0,0.0,0
13,0.6598,4.7143,0.0,1.0,0.0,0
3,3.2683,1.6667,0.1778,0.8222,0.581,0
200,5.9925,1.0847,0.0161,0.9839,0.0967,1
29,4.5533,4.5714,0.0435,0.9565,0.198,0
46,2.3384,1.0,0.0,1.0,0.0,0
15,2.9181,0.6176,0.1667,0.8333,0.4864,0
15,5.2614,2.7391,0.0395,0.9605,0.2077,0
88,9.9567,1.0164,0.0,1.0,0.0,0
100,42.5113,0.4766,0.0686,0.9314,2.9182,0
36,1.5009,0.8472,0.0769,0.9231,0.1155,0
27,10.5727,0.6237,0.0116,0.9884,0.1229,0
40,2.0287,0.5631,0.3478,0.6522,0.7056,0
360,0.2204,14.25,0.0,1.0,0.0,1
6,2.4223,1.7812,0.0357,0.9643,0.0865,0
25,11.0514,1.1957,0.15,0.85,1.6577,0
25,4.626,0.3293,0.0889,0.9111,0.4112,0
13,2.2367,2.25,0.05,0.95,0.1118,0
14,7.719,0.8182,0.0,1.0,0.0,0
17,6.4171,0.5248,0.0612,0.9388,0.3929,0
27,9.9305,1.2093,0.0,1.0,0.0,0
15,9.79,0.3923,0.3,0.7,2.937,0
4,6.1241,0.5426,0.1791,0.8209,1.0968,0
42,8.2964,0.4717,0.1139,0.8861,0.9452,0
9,3.9232,0.9057,0.1,0.9,0.3923,0
28,21.7667,0.6761,0.033,0.967,0.7176,0
63,3.004,1.0667,0.0256,0.9744,0.077,0
50,2.868,0.4848,0.1176,0.8824,0.3374,0
17,6.0863,1.5484,0.0,1.0,0.0,0
42,5.2747,1.1463,0.1385,0.8615,0.7303,0
90,0.9114,2.9375,0.0,1.0,0.0,0
60,3.6264,1.2368,0.0312,0.9688,0.1133,0
47,4.1171,0.3594,0.0571,0.9429,0.2353,0
6,16.0443,1.0,0.0,1.0,0.0,0
2981,0.7096,44.0,0.375,0.625,0.2661,1
5,8.2454,1.1026,0.027,0.973,0.2228,0
40,0.4434,3.9091,0.3333,0.6667,0.1478,0
350,0.5828,3.0714,0.0,1.0,0.0,1
241,5.6283,0.0853,0.0208,0.9792,0.1173,1
203,1.3692,3.5,0.0,1.0,0.0,1
7,1.9469,0.6885,0.0435,0.9565,0.0846,0
11,2.5282,8.4,0.0882,0.9118,0.2231,0
14,1.0264,0.9762,0.6154,0.3846,0.6316,0
11,6.715,8.2,0.125,0.875,0.8394,0
23,0.9243,1.0,0.0,1.0,0.0,0
19,16.1068,2.6667,0.1566,0.8434,2.5218,0
3,1.2409,0.8511,0.5556,0.4444,0.6894,0
108,4.6899,1.7391,0.0,1.0,0.0,0
12,6.7214,0.7407,0.0488,0.9512,0.3279,0
18,0.6561,1.7391,0.0,1.0,0.0,0
69,1.7168,0.9524,0.0,1.0,0.0,0
73,9.0123,1.6,0.0,1.0,0.0,0
25,4.8549,0.6897,0.0333,0.9667,0.1618,0
1,10.9076,0.2229,0.0,1.0,0.0,0
90,2.7545,1.56,0.0333,0.9667,0.0918,0
97,8.8958,0.975,0.0,1.0,0.0,0
38,2.1499,1.1143,0.1071,0.8929,0.2303,0
168,2.858,0.4756,0.0,1.0,0.0,0
49,0.3254,5.5714,0.0,1.0,0.0,0
18,2.2408,0.6094,0.0435,0.9565,0.0974,0
17,0.4218,1.8095,0.0,1.0,0.0,0
23,4.754,1.3571,0.1277,0.8723,0.6069,0
114,0.698,0.4578,0.0,1.0,0.0,0
101,1.9187,2.4667,0.0303,0.9697,0.0581,0
82,5.4947,0.7708,0.0,1.0,0.0,0
82,3.1784,3.3636,0.0833,0.9167,0.2649,0
98,1.8886,0.4868,0.0,1.0,0.0,0
2,2.6513,0.7551,0.0,1.0,0.0,0
95,1.1158,0.5606,0.0,1.0,0.0,0
31,2.4875,1.4231,0.0556,0.9444,0.1382,0
18,3.0555,1.0286,0.0,1.0,0.0,0
20,3.9582,1.0588,0.0213,0.9787,0.0842,0
27,0.388,0.7059,0.0,1.0,0.0,0
83,2.0902,0.4286,0.0,1.0,0.0,0
1,7.5612,7.2,0.0278,0.9722,0.21,0
14,6.3345,0.3977,0.0189,0.9811,0.1195,0
4,5.3007,0.2465,0.0405,0.9595,0.2149,0
14,0.0,34.0,0.0,0.0,0.0,0
130,0.5857,1.0303,0.125,0.875,0.0732,0
39,12.0818,0.5484,0.1481,0.8519,1.7899,0
12,2.51,0.5484,0.0303,0.9697,0.0761,0
439,1.1037,0.2112,0.0769,0.9231,0.0849,1
21,0.3871,0.4304,0.3333,0.6667,0.129,0
33,6.586,0.33,0.0833,0.9167,0.5488,0
72,5.7103,0.55,0.0,1.0,0.0,0
20,8.9015,3.6667,0.0163,0.9837,0.1447,0
22,10.9806,1.32,0.5263,0.4737,5.7793,0
139,1.6698,0.8205,0.0,1.0,0.0,0
48,2.9298,10.6667,0.0,1.0,0.0,0
76,0.8968,0.64,0.2857,0.7143,0.2562,0
18,0.0712,1.1429,1.0,0.0,0.0712,0
107,3.1547,1.0667,0.0,1.0,0.0,0
260,3.72,0.9697,0.0,1.0,0.0,1
136,0.5674,6.4,0.1429,0.8571,0.0811,0
8,1.2396,1.55,0.0,1.0,0.0,0
29,1.1589,6.2,0.0833,0.9167,0.0966,0
321,0.1521,1.4762,0.0,1.0,0.0,1
9,0.2426,0.6458,0.0,1.0,0.0,0
1,3.1091,0.4189,0.087,0.913,0.2704,0
72,0.0,1.069,0.0,0.0,0.0,0
95,0.2168,0.625,0.0,1.0,0.0,0
100,4.8359,30.0,0.2353,0.7647,1.1379,0
354,5.8543,0.5,0.0,1.0,0.0,1
46,2.3491,1.875,0.069,0.931,0.162,0
37,4.3066,1.5,0.0189,0.9811,0.0813,0
34,3.1769,0.6522,0.0,1.0,0.0,0
5,8.2942,3.0,0.037,0.963,0.3072,0
12,0.3344,0.6818,0.2,0.8,0.0669,0
41,1.2466,1.5789,0.0833,0.9167,0.1039,0
636,2.9584,1.1154,0.0,1.0,0.0,1
9,1.4268,2.9,0.0,1.0,0.0,0
42,5.4579,1.16,0.0,1.0,0.0,0
656,0.3626,0.2613,0.0,1.0,0.0,1
22,0.6303,0.9355,0.8333,0.1667,0.5252,0
4,0.482,1.2083,1.0,0.0,0.482,0
3612,0.489,0.6905,0.0,1.0,0.0,1
81,6.0548,14.5,0.1351,0.8649,0.8182,0
46,2.0865,0.5714,0.7895,0.2105,1.6472,0
7,8.4288,0.2276,0.0769,0.9231,0.6484,0
9,0.6074,2.1538,0.1429,0.8571,0.0868,0
5,2.3095,0.5,0.0769,0.9231,0.1777,0
946,12.4918,1.0,0.0,1.0,0.0,1
114,1.793,4.6667,0.037,0.963,0.0664,0
6,5.2839,0.56,0.2188,0.7812,1.1559,0
4,0.2431,0.4375,0.3333,0.6667,0.081,0
18,8.791,1.5556,0.0323,0.9677,0.2836,0
11,12.5134,1.0,0.0755,0.9245,0.9444,0
5,1.0583,0.359,0.0,1.0,0.0,0
1,1.3932,0.4828,0.4167,0.5833,0.5805,0
15,8.7821,0.5625,0.0482,0.9518,0.4232,0
73,0.1402,1.08,0.0,1.0,0.0,0
7,3.4786,1.125,0.0,1.0,0.0,0
11,20.0975,1.0,0.2174,0.7826,4.369,0
16,3.9424,0.7105,0.0208,0.9792,0.0821,0
82,6.6452,0.2755,0.1647,0.8353,1.0945,0
21,4.6752,0.8438,0.0312,0.9688,0.1461,0
38,16.914,27.0,0.2162,0.7838,3.6571,0
91,4.7519,0.75,0.1017,0.8983,0.4832,0
41,12.5156,1.7333,0.0204,0.9796,0.2554,0
189,1.8058,1.1304,0.0,1.0,0.0,1
289,0.9897,8.6667,0.0,1.0,0.0,1
14,2.6319,2.8889,0.0244,0.9756,0.0642,0
45,26.0893,0.6047,0.3667,0.6333,9.5661,0
64,0.7176,1.8571,0.0,1.0,0.0,0
23,2.78,0.7647,0.0645,0.9355,0.1794,0
668,1.3888,26.0,0.0,1.0,0.0,1
111,2.5961,4.3333,0.1026,0.8974,0.2663,0
100,2.078,1.1304,0.0,1.0,0.0,0
33,2.0069,2.0833,0.2381,0.7619,0.4778,0
80,2.9916,0.2174,0.0,1.0,0.0,0
27,10.4915,0.4808,0.0698,0.9302,0.732,0
26,18.9147,1.3158,0.4138,0.5862,7.8268,0
112,0.3145,0.5952,0.0,1.0,0.0,0
6,4.4684,0.2,0.069,0.931,0.3082,0
73,11.5532,1.5625,0.0246,0.9754,0.2841,0
1838,0.3798,1.0,0.0,1.0,0.0,1
28,25.6515,0.5556,0.0059,0.9941,0.1513,0
6,2.6083,0.7576,0.2258,0.7742,0.589,0
7,0.2472,2.7778,0.0,1.0,0.0,0
38,0.9066,1.087,0.6667,0.3333,0.6044,0
229,1.0012,1.1364,0.0,1.0,0.0,1
3,5.3582,0.8065,0.0,1.0,0.0,0
32,5.3662,0.4211,0.0968,0.9032,0.5193,0
63,4.5316,2.1818,0.1333,0.8667,0.6042,0
237,3.259,1.1429,0.0,1.0,0.0,1
22,4.3156,2.6667,0.122,0.878,0.5263,0
12,2.8655,0.2963,0.2667,0.7333,0.7641,0
5,2.0656,0.3871,0.0588,0.9412,0.1215,0
1218,1.7731,24.0,0.0,1.0,0.0,1
28,0.7173,1.2,0.2222,0.7778,0.1594,0
152,1.2028,0.6486,0.0,1.0,0.0,0
10,4.4079,0.7059,0.0,1.0,0.0,0
1251,1.2552,24.0,0.1667,0.8333,0.2092,1
12,1.7098,0.5581,0.5,0.5,0.8549,0
60,2.0342,2.3,0.1111,0.8889,0.226,0
5,4.4619,1.2105,0.0,1.0,0.0,0
46,1.5511,11.5,0.0,1.0,0.0,0
79,4.9089,1.2105,0.3243,0.6757,1.5921,0
18,2.4394,1.0,0.0811,0.9189,0.1978,0
2046,2.3954,0.6053,0.0,1.0,0.0,1
14,4.8206,0.7667,0.0385,0.9615,0.1854,0
5,1.6254,0.92,0.0417,0.9583,0.0677,0
10,7.6795,1.0455,0.0526,0.9474,0.4042,0
70,1.8212,0.7667,0.0,1.0,0.0,0
19,2.2039,0.575,0.3182,0.6818,0.7012,0
364,0.7508,1.0,0.0,1.0,0.0,1
18,13.0619,0.697,0.0741,0.9259,0.9675,0
110,0.8849,0.7333,0.0769,0.9231,0.0681,0
51,0.0,1.2222,0.0,0.0,0.0,0
11,0.7961,1.8333,0.1,0.9,0.0796,0
4,5.1108,0.9167,0.0667,0.9333,0.3407,0
467,1.7709,1.375,0.0,1.0,0.0,1
29,14.6805,0.6286,0.04,0.96,0.5872,0
34,1.8643,1.2941,0.0385,0.9615,0.0717,0
840,0.3115,0.5946,0.3333,0.6667,0.1038,1
87,2.901,0.88,0.0,1.0,0.0,0
33,1.414,1.5714,0.2727,0.7273,0.3856,0
24,1.301,1.0476,0.0,1.0,0.0,0
33,0.439,1.5714,0.0,1.0,0.0,0
24,1.1121,0.3385,0.0,1.0,0.0,0
14,1.0854,0.88,0.0,1.0,0.0,0
0,0.949,1.5714,0.2,0.8,0.1898,0
140,1.7932,1.2222,0.0,1.0,0.0,0
45,4.2686,0.6471,0.0189,0.9811,0.0805,0
173,1.1608,1.375,0.0714,0.9286,0.0829,0
20,0.4963,0.88,0.0,1.0,0.0,0
27,4.5722,1.5714,0.0,1.0,0.0,0
12,1.5903,0.4314,0.4,0.6,0.6361,0
151,3.3001,1.2941,0.0,1.0,0.0,0
19,3.1768,1.375,0.0488,0.9512,0.155,0
40,8.2961,1.1579,0.04,0.96,0.3318,0
243,0.4612,2.2,0.0,1.0,0.0,1
4,4.2054,1.2222,0.1111,0.8889,0.4673,0
14,5.0755,1.0476,0.0,1.0,0.0,0
23,20.654,1.2941,0.9474,0.0526,19.567,0
64,0.7212,2.75,0.1818,0.8182,0.1311,0
388,1.4835,1.9091,0.1,0.9,0.1484,1
230,1.4958,5.25,0.0,1.0,0.0,1
1203,0.0,1.4,0.0,0.0,0.0,1
71,9.4113,0.9545,0.0,1.0,0.0,0
211,8.0782,1.1667,0.0,1.0,0.0,1
4,4.5955,2.3333,0.0274,0.9726,0.1259,0
15,5.0333,0.6,0.0667,0.9333,0.3356,0
582,0.9863,0.525,0.0,1.0,0.0,1
2564,0.4097,21.0,0.0,1.0,0.0,1
35,8.8261,0.84,0.1702,0.8298,1.5023,0
2099,0.0,0.84,0.0,0.0,0.0,1
20,2.4065,1.6154,0.0,1.0,0.0,0
4,2.8696,1.05,0.0,1.0,0.0,0
26,6.1717,0.875,0.0227,0.9773,0.1403,0
18,0.9917,0.75,0.0,1.0,0.0,0
34,1.8282,1.75,0.1304,0.8696,0.2385,0
1,6.61,5.25,0.4571,0.5429,3.0217,0
58,2.5108,1.8182,0.0294,0.9706,0.0738,0
48,1.8349,0.5714,0.0,1.0,0.0,0
67,4.5779,0.625,0.3214,0.6786,1.4715,0
32,2.008,0.7143,0.05,0.95,0.1004,0
16,2.1612,1.8182,0.2353,0.7647,0.5085,0
19,11.6727,1.0526,0.0545,0.9455,0.6367,0
48,0.6451,1.5385,0.4444,0.5556,0.2867,0
8,0.0,20.0,0.0,0.0,0.0,0
97,0.0,0.2941,0.0,0.0,0.0,0
19,5.9849,0.3774,0.1143,0.8857,0.684,0
13,1.2764,1.3333,0.1053,0.8947,0.1344,0
222,0.5545,0.4255,0.0,1.0,0.0,1
852,0.4208,20.0,0.0,1.0,0.0,1
20,0.5828,1.1765,0.0,1.0,0.0,0
103,1.1147,20.0,0.0,1.0,0.0,0
32,11.1811,1.0526,0.3333,0.6667,3.727,0
74,1.3966,1.2667,0.1765,0.8235,0.2465,0
55,8.0604,0.3065,0.0349,0.9651,0.2812,0
74,5.6478,0.2754,0.0597,0.9403,0.3372,0
95,2.9489,2.1111,0.0278,0.9722,0.0819,0
14,0.2941,19.0,1.0,0.0,0.2941,0
284,0.9475,2.375,0.125,0.875,0.1184,1
20,12.0148,0.5,0.0,1.0,0.0,0
10,1.2735,19.0,0.0625,0.9375,0.0796,0
12,0.6683,0.3878,0.125,0.875,0.0835,0
17,9.6396,1.0556,0.0938,0.9062,0.9037,0
53,0.3174,1.4615,0.0,1.0,0.0,0
640,0.5148,19.0,0.0,1.0,0.0,1
28,1.9626,0.7308,0.0345,0.9655,0.0677,0
54,7.6046,4.75,0.0303,0.9697,0.2304,0
33,0.721,0.475,0.0,1.0,0.0,0
99,2.7149,0.6129,0.2143,0.7857,0.5818,0
61,4.5799,0.5135,0.0833,0.9167,0.3817,0
54,0.9177,0.8636,0.0,1.0,0.0,0
11,10.9767,0.7917,0.05,0.95,0.5488,0
5,4.601,0.6552,0.2308,0.7692,1.0618,0
5,2.1913,0.2969,0.1818,0.8182,0.3984,0
9,1.6471,0.5294,0.1667,0.8333,0.2745,0
900,7.4376,0.5,0.0,1.0,0.0,1
1144,2.8542,0.8571,0.0,1.0,0.0,1
133,0.0,0.6207,0.0,0.0,0.0,0
65,1.8242,0.5143,0.0,1.0,0.0,0
39,3.1601,1.3846,0.125,0.875,0.395,0
96,2.3634,1.3846,0.0833,0.9167,0.197,0
86,0.8512,0.45,0.0,1.0,0.0,0
583,0.7433,1.0,0.0,1.0,0.0,1
1024,12.1583,1.0,0.0,1.0,0.0,1
25,22.8281,0.1395,0.0,1.0,0.0,0
17,16.747,0.1208,0.0661,0.9339,1.1072,0
12,6.2669,1.2,0.0256,0.9744,0.1607,0
15,1.386,1.2857,0.0588,0.9412,0.0815,0
2,2.0096,1.0588,0.25,0.75,0.5024,0
464,0.853,1.8889,0.0,1.0,0.0,1
346,1.8781,1.4167,0.0,1.0,0.0,1
5,2.5439,0.2464,0.2308,0.7692,0.5871,0
3,2.3215,0.2429,0.1429,0.8571,0.3316,0
541,0.0719,0.5,0.0,1.0,0.0,1
210,2.3464,1.3077,0.0,1.0,0.0,1
3,2.5371,3.4,0.037,0.963,0.094,0
54,6.1495,5.6667,0.1628,0.8372,1.0011,0
501,2.0456,0.68,0.0,1.0,0.0,1
250,1.4265,0.85,0.0526,0.9474,0.0751,1
20,2.9619,1.0,0.0,1.0,0.0,0
3663,0.6422,3.4,0.0,1.0,0.0,1
4,2.4671,0.6296,0.5238,0.4762,1.2923,0
91,2.1206,0.7083,0.3529,0.6471,0.7485,0
47,1.6388,1.8889,0.25,0.75,0.4097,0
5,1.625,0.5484,0.0,1.0,0.0,0
6,2.3645,0.7727,0.4211,0.5789,0.9956,0
18,9.3409,1.3077,0.0455,0.9545,0.4246,0
26,3.5573,1.2143,0.05,0.95,0.1779,0
17,1.9914,1.1333,1.0,0.0,1.9914,0
1,3.9018,0.6538,0.0,1.0,0.0,0
45,1.5725,0.9444,0.1111,0.8889,0.1747,0
5,1.7539,0.4474,0.0,1.0,0.0,0
5,6.571,0.9444,0.0,1.0,0.0,0
10,1.2733,0.2909,0.3846,0.6154,0.4897,0
2,6.7639,0.5517,1.0,0.0,6.7639,0
6,1.6851,0.5333,0.375,0.625,0.6319,0
43,1.8361,2.0,0.0714,0.9286,0.1311,0
101,0.1154,4.0,0.0,1.0,0.0,0
105,1.4643,0.8889,0.0,1.0,0.0,0
16,0.7723,0.5161,0.0,1.0,0.0,0
6,2.9636,1.6,0.122,0.878,0.3614,0
19,0.9037,2.0,0.0,1.0,0.0,0
104,1.3457,0.2162,0.0,1.0,0.0,0
3,2.8437,1.3333,0.0,1.0,0.0,0
14,0.2468,0.9412,0.5,0.5,0.1234,0
13,0.4801,0.9412,0.2857,0.7143,0.1372,0
59,20.0137,0.7619,1.0,0.0,20.0137,0
233,0.6383,5.3333,0.0,1.0,0.0,1
409,0.2665,1.3333,0.0,1.0,0.0,1
381,1.7399,1.0,0.0,1.0,0.0,1
657,0.9487,3.2,0.0,1.0,0.0,1
101,23.0442,1.1429,0.1136,0.8864,2.6187,0
3,1.2796,2.2857,0.05,0.95,0.064,0
511,0.0,3.75,0.0,0.0,0.0,1
792,3.171,0.8333,0.0,1.0,0.0,1
107,4.6937,1.5,0.0204,0.9796,0.0958,0
28,8.0713,3.75,0.0241,0.9759,0.1945,0
26,3.892,1.0714,0.9231,0.0769,3.5926,0
34,5.7287,0.75,0.0303,0.9697,0.1736,0
107,0.9186,0.75,0.2727,0.7273,0.2505,0
1537,0.0,7.5,0.0,0.0,0.0,1
73,2.7098,0.5556,0.1212,0.8788,0.3285,0
97,2.1651,1.25,0.0,1.0,0.0,0
634,1.4743,15.0,0.25,0.75,0.3686,1
42,1.2843,3.0,0.0667,0.9333,0.0856,0
4,1.8122,3.75,0.4444,0.5556,0.8054,0
392,0.3552,1.3636,0.0,1.0,0.0,1
67,2.5994,1.0,0.0286,0.9714,0.0743,0
14,0.0,15.0,0.0,0.0,0.0,0
18,0.82,1.875,0.0,1.0,0.0,0
6,10.6943,1.875,0.0256,0.9744,0.2742,0
60,3.1753,0.8824,0.0,1.0,0.0,0
5,1.6802,0.8333,0.0,1.0,0.0,0
719,1.7163,1.3636,0.0,1.0,0.0,1
303,0.8791,0.875,0.0,1.0,0.0,1
1,2.3763,1.0769,0.0588,0.9412,0.1398,0
1860,0.2222,1.0,0.0,1.0,0.0,1
19,3.3628,0.6667,0.0,1.0,0.0,0
40,13.0446,0.5185,0.4,0.6,5.2179,0
3761,0.2279,3.5,0.0,1.0,0.0,1
53,0.1821,1.5556,0.0,1.0,0.0,0
246,0.0,3.5,0.0,0.0,0.0,1
73,0.9633,4.6667,0.0909,0.9091,0.0876,0
26,7.2387,0.6087,0.0723,0.9277,0.5233,0
3,0.6372,2.0,0.2,0.8,0.1274,0
3227,0.3916,2.8,0.0,1.0,0.0,1
86,1.2456,2.0,0.0,1.0,0.0,0
270,0.0955,1.75,0.0,1.0,0.0,1
12,1.3757,0.6667,0.0,1.0,0.0,0
60,1.2695,1.75,0.5714,0.4286,0.7254,0
182,0.2854,1.2727,0.0,1.0,0.0,1
30,8.4601,1.2727,0.0,1.0,0.0,0
18,4.1369,1.0769,0.0417,0.9583,0.1724,0
2,11.0126,0.7,1.0,0.0,11.0126,0
3264,0.1844,4.6667,0.0,1.0,0.0,1
4,4.1349,0.359,0.0476,0.9524,0.1969,0
93,7.4724,0.875,0.12,0.88,0.8967,0
34,0.586,0.6364,0.0,1.0,0.0,0
33,1.5871,1.5556,0.5714,0.4286,0.9069,0
97,0.0,0.875,0.0,0.0,0.0,0
115,1.9842,0.4375,0.0,1.0,0.0,0
4,3.8393,0.6667,0.0667,0.9333,0.256,0
794,0.1572,2.0,0.0,1.0,0.0,1
242,1.1156,2.3333,0.0,1.0,0.0,1
89,0.095,0.4667,0.0,1.0,0.0,0
46,0.1906,0.4516,0.0,1.0,0.0,0
47,0.8262,0.8235,0.0,1.0,0.0,0
29,4.3314,0.3333,0.0408,0.9592,0.1768,0
13,12.506,1.0769,0.0,1.0,0.0,0
14,15.2188,1.0,0.129,0.871,1.9637,0
15,20.126,1.75,0.5062,0.4938,10.1872,0
1462,0.0,4.3333,0.0,0.0,0.0,1
25,10.3632,1.0,0.0204,0.9796,0.2115,0
40,1.2405,0.7647,0.1429,0.8571,0.1772,0
1,2.2361,0.9286,0.0312,0.9688,0.0699,0
12,1.2717,0.8125,0.0,1.0,0.0,0
24,1.8531,13.0,0.0667,0.9333,0.1235,0
6,3.9878,1.1818,0.1818,0.8182,0.7251,0
767,0.2235,0.3611,0.0,1.0,0.0,1
29,0.3249,2.1667,0.25,0.75,0.0812,0
563,2.2136,13.0,1.0,0.0,2.2136,1
27,2.7787,0.5652,1.0,0.0,2.7787,0
1487,0.0,0.8667,0.0,0.0,0.0,1
890,0.7286,3.25,0.0,1.0,0.0,1
55,2.2914,0.619,0.04,0.96,0.0917,0
21,21.7475,0.2955,0.0186,0.9814,0.4052,0
18,12.175,0.9286,0.2913,0.7087,3.5461,0
3735,0.0966,0.325,0.0,1.0,0.0,1
18,0.6458,0.8125,0.0,1.0,0.0,0
23,3.1906,1.1818,0.1429,0.8571,0.4558,0
1683,0.0,1.3,0.0,0.0,0.0,1
7,5.6806,1.0,0.0,1.0,0.0,0
2,0.4832,4.3333,0.1667,0.8333,0.0805,0
23,0.5529,6.5,0.0,1.0,0.0,0
5,2.103,4.3333,0.04,0.96,0.0841,0
26,2.7308,2.1667,0.0625,0.9375,0.1707,0
96,1.5537,2.1667,0.0,1.0,0.0,0
1063,7.0606,1.1818,0.0,1.0,0.0,1
94,4.8969,0.4062,0.0,1.0,0.0,0
26,6.6332,1.0,0.0213,0.9787,0.1411,0
247,11.6484,0.9286,0.0,1.0,0.0,1
120,0.1684,2.1667,0.0,1.0,0.0,0
14,16.8133,0.325,0.0597,0.9403,1.0038,0
31,0.2426,0.7647,0.5,0.5,0.1213,0
17,0.3039,0.9286,0.0,1.0,0.0,0
7,3.7125,1.0,0.0385,0.9615,0.1428,0
94,1.7861,1.0833,0.0,1.0,0.0,0
2,0.4672,0.2549,0.0,1.0,0.0,0
293,0.7641,1.3,0.0,1.0,0.0,1
109,1.1649,1.4444,0.1333,0.8667,0.1553,0
4,0.4642,0.7222,0.0,1.0,0.0,0
75,12.1317,0.1781,0.2143,0.7857,2.5996,0
1271,0.0,12.0,0.0,0.0,0.0,1
146,11.3844,1.0909,0.0,1.0,0.0,0
58,1.0398,1.5,0.1429,0.8571,0.1485,0
124,0.2223,2.0,0.0,1.0,0.0,0
4,3.9623,1.0,0.0455,0.9545,0.1801,0
24,9.0712,0.24,0.0294,0.9706,0.2668,0
520,3.7512,0.4138,0.0,1.0,0.0,1
14,0.3168,12.0,1.0,0.0,0.3168,0
6,0.192,1.2,0.5,0.5,0.096,0
493,1.9627,12.0,0.2,0.8,0.3925,1
77,0.9299,0.7059,0.0,1.0,0.0,0
9,1.3243,1.2,0.0,1.0,0.0,0
18,1.4565,3.0,0.1538,0.8462,0.2241,0
104,0.8132,2.0,0.375,0.625,0.305,0
3207,1.9349,12.0,0.0,1.0,0.0,1
17,2.123,12.0,0.0,1.0,0.0,0
14,2.2704,0.5,0.0,1.0,0.0,0
25,5.4908,0.7059,0.08,0.92,0.4393,0
51,5.4372,6.0,0.8235,0.1765,4.4777,0
21,1.3805,1.0909,0.0,1.0,0.0,0
231,0.2645,1.0909,0.0,1.0,0.0,1
299,1.4361,0.8,0.0,1.0,0.0,1
2124,1.3519,4.0,0.0,1.0,0.0,1
133,2.7307,6.0,0.0345,0.9655,0.0942,0
18,2.8575,0.8,0.0,1.0,0.0,0
48,3.972,0.6,0.0435,0.9565,0.1727,0
106,0.0,0.2927,0.0,0.0,0.0,0
83,0.9229,6.0,0.0,1.0,0.0,0
108,13.8483,1.3333,0.75,0.25,10.3863,0
11,2.8721,0.4138,0.1379,0.8621,0.3961,0
194,0.3515,1.5,0.0,1.0,0.0,1
5,23.8926,416.0833,0.0338,0.9662,0.8072,0
130,19.5346,104.9783,0.0,1.0,0.0,0
10,6.3614,3870.0,0.0238,0.9762,0.1515,0
20,33.1806,49.4808,0.1825,0.8175,6.0568,0
502,1.4793,2516.0,0.0,1.0,0.0,1
49,14.0303,0.4916,0.2637,0.7363,3.7003,0
23,0.9562,0.592,0.5,0.5,0.4781,0
3,1.9105,381.5,0.0588,0.9412,0.1124,0
1643,11.1018,1496.0,0.0,1.0,0.0,1
525,1054.7273,1415.0,0.1026,0.8974,108.2405,1
59,2.6195,688.0,0.0,1.0,0.0,0
66,0.2843,7.5774,0.25,0.75,0.0711,0
2558,2.3684,1236.0,0.0,1.0,0.0,1
8,0.0,0.4835,0.0,0.0,0.0,0
689,6.4119,1088.0,0.1882,0.8118,1.2069,1
1314,4.2243,1082.0,0.0,1.0,0.0,1
19,12.2117,261.25,0.0075,0.9925,0.0918,0
29,7.2076,71.1429,0.0093,0.9907,0.0667,0
32,2.625,29.0,0.0,1.0,0.0,0
10,8.623,3.6617,0.0397,0.9603,0.3426,0
19,12.934,106.8889,0.2708,0.7292,3.503,0
105,10.2818,4.7253,0.0783,0.9217,0.8052,0
34,6.0429,286.3333,0.0341,0.9659,0.206,0
2,5.9059,846.0,0.0667,0.9333,0.3937,0
857,5.5446,1.129,0.0,1.0,0.0,1
24,6.0886,38.8571,0.0213,0.9787,0.1295,0
30,7.1048,5.7299,0.2045,0.7955,1.4532,0
6,33.0503,774.0,0.2029,0.7971,6.707,0
14,2.6791,0.4512,0.1111,0.8889,0.2977,0
19,8.094,751.0,0.0315,0.9685,0.2549,0
0,9.4326,0.6547,0.125,0.875,1.1791,0
83,2.7496,39.0,0.1351,0.8649,0.3716,0
1208,1.1296,38.0556,0.0,1.0,0.0,1
22,3.387,673.0,0.22,0.78,0.7451,0
1,5.3138,0.6204,0.0345,0.9655,0.1832,0
4,16.8744,5.2283,0.0968,0.9032,1.633,0
10,3.6782,0.614,0.0333,0.9667,0.1226,0
76,6.8684,33.1579,0.0,1.0,0.0,0
6,14.9026,125.2,0.0091,0.9909,0.1355,0
1,7.6277,121.8,0.2308,0.7692,1.7602,0
136,10.8944,606.0,0.1053,0.8947,1.1468,0
29,6.6071,50.4167,0.3438,0.6562,2.2712,0
7,15.1745,12.3469,0.0,1.0,0.0,0
69,2.1612,12.9783,0.3448,0.6552,0.7453,0
11,5.2744,4.4211,0.0167,0.9833,0.0879,0
14,5.7882,0.743,0.1324,0.8676,0.7661,0
65,24.5258,0.559,0.0725,0.9275,1.7781,0
46,13.0727,571.0,0.02,0.98,0.2615,0
10,5.1516,0.5182,0.0333,0.9667,0.1717,0
35,5.2208,0.6167,0.04,0.96,0.2088,0
1355,0.3051,47.1667,0.0,1.0,0.0,1
10,2.3835,28.05,0.2857,0.7143,0.681,0
17,2.9282,45.9167,0.0,1.0,0.0,0
12,10.1272,136.5,0.0074,0.9926,0.0745,0
895,5.7619,545.0,0.1098,0.8902,0.6324,1
4,4.627,16.9355,0.2121,0.7879,0.9815,0
24,10.3808,0.6359,0.1481,0.8519,1.5379,0
11,13.127,19.1481,0.0,1.0,0.0,0
17,2.9853,0.9188,0.8696,0.1304,2.5959,0
12,9.8446,25.0,0.0072,0.9928,0.0713,0
147,5.4681,0.4097,0.0678,0.9322,0.3707,0
30,13.7571,1.0374,0.3,0.7,4.1271,0
12,3.9207,17.1379,0.02,0.98,0.0784,0
68,2.9433,485.0,0.0645,0.9355,0.1899,0
65,11.3785,238.5,0.8,0.2,9.1028,0
0,11.9576,5.1183,0.0779,0.9221,0.9318,0
1757,0.3078,475.0,0.0,1.0,0.0,1
11,10.562,0.452,0.0465,0.9535,0.4913,0
62,20.1506,467.0,0.0079,0.9921,0.1587,0
98,7.3611,3.3478,0.1786,0.8214,1.3145,0
71,13.8411,0.6519,0.4444,0.5556,6.1516,0
7,15.6484,30.2667,0.093,0.907,1.4557,0
85,6.7447,41.0,0.0577,0.9423,0.3891,0
42,3.8796,110.75,0.0441,0.9559,0.1712,0
2,14.4609,0.6662,0.1443,0.8557,2.0871,0
352,3.8415,0.6733,0.04,0.96,0.1537,1
3,9.4188,28.4,0.0442,0.9558,0.4168,0
29,3.0775,0.7023,0.0,1.0,0.0,0
18,6.321,45.4444,0.0667,0.9333,0.4214,0
10,3.1882,0.4405,0.0312,0.9688,0.0996,0
0,5.7822,5.0506,0.1584,0.8416,0.916,0
52,3.7293,4.3111,0.0,1.0,0.0,0
9,7.9169,20.3684,0.0071,0.9929,0.0565,0
51,5.993,0.8362,0.1786,0.8214,1.0702,0
77,12.4405,127.3333,0.0351,0.9649,0.4365,0
3,5.4025,0.9669,0.1081,0.8919,0.584,0
67,29.5423,4.3103,0.0413,0.9587,1.2208,0
13,55.7524,1.8107,0.0064,0.9936,0.3574,0
5,3.957,11.0303,0.0417,0.9583,0.1649,0
452,1.9255,2.5245,0.0,1.0,0.0,1
20,5.6984,2.8203,0.0,1.0,0.0,0
17,5.0872,3.0252,0.0,1.0,0.0,0
144,12.9083,350.0,0.1565,0.8435,2.0204,0
350,3.3874,349.0,0.2885,0.7115,0.9771,1
28,17.6369,11.6552,0.1453,0.8547,2.5626,0
65,0.9706,5.678,0.1,0.9,0.0971,0
91,28.3606,1.3162,0.0424,0.9576,1.2032,0
211,1.8107,30.2727,0.0714,0.9286,0.1293,1
60,4.6727,3.6374,0.0,1.0,0.0,0
9,1.7401,0.6846,0.3333,0.6667,0.58,0
4,11.2185,1.316,0.1731,0.8269,1.9417,0
9,8.613,12.5769,0.1102,0.8898,0.9489,0
11,16.924,12.5385,0.0291,0.9709,0.4923,0
10,2.9963,0.5824,0.9,0.1,2.6967,0
9,10.1122,1.4771,0.0054,0.9946,0.055,0
10,4.0307,1.3305,0.1277,0.8723,0.5146,0
30,6.0047,4.5652,0.1034,0.8966,0.6212,0
610,2.6089,12.44,0.0,1.0,0.0,1
2,25.6839,1.2531,0.1048,0.8952,2.6921,0
108,0.614,61.2,0.0,1.0,0.0,0
37,10.8471,0.9242,0.0545,0.9455,0.5917,0
26,5.8921,148.0,0.0,1.0,0.0,0
3,8.0642,4.0278,0.0488,0.9512,0.3934,0
48,13.9449,22.3077,0.0288,0.9712,0.4023,0
12,3.1678,0.7748,0.7,0.3,2.2175,0
202,6.2238,2.1729,0.0,1.0,0.0,1
81,5.151,0.7404,0.1818,0.8182,0.9365,0
69,1.4366,0.136,0.0,1.0,0.0,0
88,7.444,14.35,0.4444,0.5556,3.3084,0
23,7.3525,0.5686,0.0,1.0,0.0,0
305,4.5385,142.5,0.0149,0.9851,0.0677,1
7,9.3009,12.9091,0.0176,0.9824,0.1641,0
23,0.9914,40.5714,0.1333,0.8667,0.1322,0
2,13.7528,0.9156,0.2326,0.7674,3.1983,0
146,3.3371,56.2,0.0238,0.9762,0.0795,0
5,3.2899,279.0,0.1111,0.8889,0.3655,0
24,9.683,18.5333,0.0147,0.9853,0.1424,0
17,2.3654,27.7,0.122,0.878,0.2885,0
26,18.4998,11.0,0.0526,0.9474,0.9737,0
25,6.3711,2.3333,0.0568,0.9432,0.362,0
5,2.9077,38.8571,0.0192,0.9808,0.0559,0
59,4.011,30.2222,0.25,0.75,1.0027,0
90,7.0318,136.0,0.0,1.0,0.0,0
18,15.8914,1.0675,0.0198,0.9802,0.3141,0
175,3.3668,16.75,0.0,1.0,0.0,0
0,1.8827,0.9082,1.0,0.0,1.8827,0
78,31.7989,0.5019,0.0275,0.9725,0.8752,0
46,8.1184,132.5,0.0286,0.9714,0.232,0
145,3.6003,1.5,0.05,0.95,0.18,0
59,15.1153,0.8976,0.0597,0.9403,0.9024,0
1,10.6862,18.7143,0.0479,0.9521,0.5119,0
57,3.0149,64.5,0.037,0.963,0.1117,0
1,2.9823,17.1333,0.1579,0.8421,0.4709,0
103,31.2669,0.3617,0.0451,0.9549,1.4099,0
27,2.5904,7.2571,0.3103,0.6897,0.8039,0
5,4.765,0.4352,0.1333,0.8667,0.6353,0
275,2.4651,1.1461,0.0833,0.9167,0.2054,1
4,12.5086,0.3109,0.0118,0.9882,0.1472,0
162,10.5779,250.0,0.2773,0.7227,2.9334,0
56,7.5699,0.8646,0.125,0.875,0.9462,0
2,1.475,0.4422,0.0,1.0,0.0,0
152,6.6351,0.738,0.1058,0.8942,0.7018,0
82,4.529,9.037,0.0,1.0,0.0,0
17,9.504,0.8873,0.0392,0.9608,0.3727,0
55,3.8447,0.2905,0.0351,0.9649,0.1349,0
33,5.5079,3.1169,0.0349,0.9651,0.1921,0
4,0.7323,1.4182,0.1,0.9,0.0732,0
55,10.6783,8.069,0.0843,0.9157,0.9006,0
5,5.774,5.825,0.3182,0.6818,1.8372,0
17,5.668,115.5,0.086,0.914,0.4876,0
29,8.7916,7.9655,0.0303,0.9697,0.2664,0
4,10.0297,2.9231,0.25,0.75,2.5074,0
7,7.04,6.1081,0.2647,0.7353,1.8635,0
39,6.3181,1.6917,0.03,0.97,0.1895,0
4,9.4741,4.3922,0.1053,0.8947,0.9973,0
12,4.1356,20.1818,0.0,1.0,0.0,0
0,3.5272,24.3333,0.0,1.0,0.0,0
148,2.2556,16.6923,0.4483,0.5517,1.0111,0
82,4.6348,0.2294,0.0645,0.9355,0.299,0
27,12.7531,0.7855,0.16,0.84,2.0405,0
14,4.0755,13.375,0.0606,0.9394,0.247,0
9,1.5798,53.5,0.1333,0.8667,0.2106,0
13,4.1237,5.8889,0.0741,0.9259,0.3055,0
5,4.6668,211.0,0.1205,0.8795,0.5623,0
55,16.4372,12.2941,0.0698,0.9302,1.1468,0
423,0.1075,209.0,1.0,0.0,0.1075,1
1,17.0277,0.3706,0.0585,0.9415,0.9958,0
486,0.0,1.1183,0.0,0.0,0.0,1
5,20.6777,2.4471,0.082,0.918,1.6949,0
0,27.6424,3.9423,0.0976,0.9024,2.6968,0
10,1.9402,0.8987,0.75,0.25,1.4552,0
36,0.6351,4.8571,0.0909,0.9091,0.0577,0
5,1.6802,203.0,0.6923,0.3077,1.1632,0
25,10.7577,8.375,0.2143,0.7857,2.3052,0
202,2.096,3.2951,0.0,1.0,0.0,1
14,16.295,4.2553,0.0638,0.9362,1.0401,0
1,11.0841,9.9,0.0296,0.9704,0.3279,0
3227,0.1925,198.0,0.0,1.0,0.0,1
3,2.0885,4.925,1.0,0.0,2.0885,0
15,11.8796,0.9206,0.1475,0.8525,1.7527,0
1,0.7083,17.8182,0.4,0.6,0.2833,0
787,0.8586,9.3333,0.0,1.0,0.0,1
9,4.5897,13.0,0.0161,0.9839,0.074,0
1,15.6158,0.4176,0.0621,0.9379,0.9705,0
6,10.5487,194.0,0.1667,0.8333,1.7581,0
0,4.842,8.7727,0.0241,0.9759,0.1167,0
407,2.224,0.6455,0.0,1.0,0.0,1
16,11.5342,0.3752,0.1905,0.8095,2.197,0
157,11.2008,1.3768,0.0,1.0,0.0,0
62,2.9382,4.6098,0.1379,0.8621,0.4053,0
15,9.5374,0.7402,0.044,0.956,0.4192,0
14,42.9992,0.9894,0.0075,0.9925,0.3245,0
92,1.1248,0.3358,1.0,0.0,1.1248,0
20,1.4763,16.5455,0.0833,0.9167,0.123,0
9,1.0509,30.1667,0.3636,0.6364,0.3822,0
222,10.8992,30.1667,0.0698,0.9302,0.7604,1
42,8.0426,181.0,0.2222,0.7778,1.7873,0
1,9.1711,1.0647,1.0,0.0,9.1711,0
153,3.0693,60.0,0.5333,0.4667,1.637,0
27,6.459,59.0,0.0088,0.9912,0.0572,0
132,1.4651,0.2859,0.2174,0.7826,0.3185,0
17,6.0344,1.0114,0.1389,0.8611,0.8381,0
355,6.373,176.0,0.3896,0.6104,2.483,1
13,3.4411,12.5,0.0,1.0,0.0,0
44,5.2592,1.5625,0.025,0.975,0.1315,0
223,4.2471,3.3654,0.0164,0.9836,0.0696,1
3,3.6525,4.7027,0.0625,0.9375,0.2283,0
12,5.8628,0.7457,0.0,1.0,0.0,0
42,3.1849,86.5,0.1702,0.8298,0.5421,0
6,2.3236,28.6667,0.0,1.0,0.0,0
1658,7.2218,171.0,0.0,1.0,0.0,1
3,1.0224,10.0,0.0,1.0,0.0,0
320,2.5813,1.0559,0.25,0.75,0.6453,1
27,7.1676,28.1667,0.0417,0.9583,0.2987,0
155,0.7118,42.25,0.125,0.875,0.089,0
92,3.4458,7.3478,0.0816,0.9184,0.2813,0
22,2.7898,28.0,0.0,1.0,0.0,0
25,18.7851,0.4541,0.0376,0.9624,0.7062,0
7,14.494,0.7557,0.0,1.0,0.0,0
9,4.09,167.0,0.093,0.907,0.3805,0
7,5.0843,4.5135,0.0357,0.9643,0.1816,0
5,17.0155,0.6627,0.0137,0.9863,0.2331,0
3,21.9333,2.9464,0.2639,0.7361,5.7879,0
13,10.1318,2.619,0.55,0.45,5.5725,0
5,5.8051,164.0,0.0909,0.9091,0.5277,0
0,2.0078,1.0933,0.0833,0.9167,0.1673,0
6,1.9637,9.6471,0.0333,0.9667,0.0655,0
63,5.5568,2.2639,0.027,0.973,0.1502,0
3,3.5584,1.2214,0.2581,0.7419,0.9183,0
106,5.028,0.8791,0.0357,0.9643,0.1796,0
214,0.9046,32.0,0.0,1.0,0.0,1
172,28.2809,0.186,0.1038,0.8962,2.9348,0
23,5.9425,0.6867,0.1429,0.8571,0.8489,0
69,2.487,159.0,0.0455,0.9545,0.113,0
16,25.4422,0.7067,0.053,0.947,1.3492,0
3,0.1749,52.6667,0.5,0.5,0.0875,0
7,11.5839,6.5833,0.0206,0.9794,0.2388,0
4,9.8229,1.2742,0.0816,0.9184,0.8019,0
6,4.5582,0.0893,0.0,1.0,0.0,0
831,1.1562,158.0,0.0,1.0,0.0,1
348,9.9632,1.0064,0.0,1.0,0.0,1
3,1.939,22.2857,0.2105,0.7895,0.4082,0
76,15.5949,0.6118,0.0526,0.9474,0.8208,0
2,7.2197,1.3805,0.0795,0.9205,0.5743,0
1398,3.0033,51.6667,0.0,1.0,0.0,1
175,5.7166,1.0132,0.0,1.0,0.0,0
6,1.2432,6.12,0.2632,0.7368,0.3272,0
200,4.5353,12.5,0.0698,0.9302,0.3164,1
37,8.628,16.6667,0.0222,0.9778,0.1917,0
10,13.93,10.0,0.0054,0.9946,0.0749,0
22,9.5076,4.2571,0.1204,0.8796,1.1444,0
8,15.0769,1.0347,0.2151,0.7849,3.2423,0
38,2.8219,0.8315,0.0,1.0,0.0,0
31,9.2457,0.6266,0.0291,0.9709,0.2693,0
143,0.8985,1.9467,0.3333,0.6667,0.2995,0
38,5.9095,0.5594,0.0256,0.9744,0.1515,0
3,2.2985,0.4492,0.0952,0.9048,0.2189,0
7,8.4653,3.1522,0.035,0.965,0.296,0
24,7.0402,145.0,0.087,0.913,0.6122,0
24,5.0308,1.7901,0.012,0.988,0.0606,0
43,0.893,18.0,0.0667,0.9333,0.0595,0
62,3.0289,0.7619,0.0,1.0,0.0,0
142,1.9919,6.7619,0.0526,0.9474,0.1048,0
80,20.662,9.4667,0.0,1.0,0.0,0
556,20.1381,0.8875,0.0,1.0,0.0,1
76,10.071,35.5,0.2093,0.7907,2.1079,0
84,2.4425,1.2261,0.2308,0.7692,0.5637,0
26,9.6724,46.6667,0.0119,0.9881,0.1151,0
3,3.3144,0.5185,0.35,0.65,1.16,0
19,4.9277,1.0072,0.1818,0.8182,0.896,0
14,3.4937,27.8,0.193,0.807,0.6742,0
7,2.0725,69.5,0.04,0.96,0.0829,0
31,1.9186,6.5714,0.037,0.963,0.0711,0
43,4.8753,4.5667,0.1639,0.8361,0.7992,0
671,23.6266,0.1343,0.0,1.0,0.0,1
23,2.8738,3.7027,0.0732,0.9268,0.2103,0
26,0.3318,12.4545,0.2,0.8,0.0664,0
23,10.4896,136.0,0.0112,0.9888,0.1179,0
6,1.2906,4.5,0.0,1.0,0.0,0
95,7.5511,0.7105,0.0741,0.9259,0.5593,0
28,5.2554,3.0,0.125,0.875,0.6569,0
6,4.2084,0.4804,0.1493,0.8507,0.6281,0
11,3.7262,4.3548,0.0638,0.9362,0.2378,0
198,15.8804,135.0,0.73,0.27,11.5927,1
5,0.7352,0.3025,0.1667,0.8333,0.1225,0
76,1.3768,26.8,0.1429,0.8571,0.1967,0
289,7.563,0.6768,0.0,1.0,0.0,1
254,7.3175,4.2903,0.0286,0.9714,0.2091,1
10,30.0094,0.1696,0.2072,0.7928,6.2182,0
135,0.8377,1.2667,0.0,1.0,0.0,0
44,3.887,7.8235,0.0,1.0,0.0,0
21,4.3636,1.4667,0.0,1.0,0.0,0
53,6.2315,4.8889,0.0533,0.9467,0.3323,0
14,2.4668,1.913,1.0,0.0,2.4668,0
64,10.0681,1.2243,0.2222,0.7778,2.2374,0
30,5.8305,1.5663,0.043,0.957,0.2508,0
13,8.1729,2.3636,0.0952,0.9048,0.7784,0
1596,5.0348,129.0,0.5909,0.4091,2.9751,1
3,2.4919,3.5833,0.1212,0.8788,0.302,0
18,3.7228,8.6,0.037,0.963,0.1379,0
42,1.64,1.0672,0.0476,0.9524,0.0781,0
31,1.9818,63.5,0.0,1.0,0.0,0
98,2.3706,25.4,0.0732,0.9268,0.1735,0
17,3.7053,4.3448,0.0185,0.9815,0.0686,0
18,6.5558,1.05,0.0952,0.9048,0.6244,0
16,1.4574,1.0504,0.0556,0.9444,0.081,0
127,3.3736,3.6765,0.1333,0.8667,0.4498,0
10,5.006,2.2321,0.0377,0.9623,0.1889,0
7,9.8127,0.6944,0.0972,0.9028,0.954,0
22,12.0791,0.6596,0.131,0.869,1.5818,0
69,7.9763,0.7848,0.0417,0.9583,0.3323,0
370,1.8635,0.1258,0.0,1.0,0.0,1
94,43.4821,123.0,0.2214,0.7786,9.6282,0
3,9.0712,0.1395,0.0,1.0,0.0,0
24,3.2843,20.5,0.3939,0.6061,1.2938,0
293,0.4647,15.375,0.0,1.0,0.0,1
36,2.5311,8.2,0.0652,0.9348,0.1651,0
1,5.1251,0.4786,0.2667,0.7333,1.3667,0
208,1.452,0.8905,0.0,1.0,0.0,1
31,8.4264,2.8372,0.0301,0.9699,0.2534,0
194,0.138,9.3846,0.0,1.0,0.0,1
26,4.1039,9.3846,0.0769,0.9231,0.3157,0
40,2.8408,6.05,0.0,1.0,0.0,0
105,4.3792,3.025,0.027,0.973,0.1184,0
43,13.7122,0.3428,0.0299,0.9701,0.4093,0
30,4.5923,1.4815,0.2558,0.7442,1.1748,0
128,8.0942,119.0,0.2083,0.7917,1.6863,0
16,3.6886,119.0,0.0851,0.9149,0.3139,0
22,0.2989,7.375,0.2,0.8,0.0598,0
22,6.9974,3.8065,0.027,0.973,0.1891,0
101,31.7819,3.9,0.0283,0.9717,0.9001,0
8,14.7264,117.0,0.0432,0.9568,0.6363,0
40,13.0013,4.68,0.022,0.978,0.2857,0
38,2.3221,117.0,0.0323,0.9677,0.0749,0
2,3.3889,13.0,0.0,1.0,0.0,0
429,0.5483,58.0,0.0,1.0,0.0,1
40,4.0359,116.0,0.037,0.963,0.1495,0
97,3.5567,2.6364,0.0769,0.9231,0.2736,0
87,2.871,0.4603,0.0,1.0,0.0,0
72,9.5824,0.2007,0.0219,0.9781,0.2098,0
4,3.409,0.5859,0.2857,0.7143,0.974,0
14,11.5556,14.5,0.0135,0.9865,0.1562,0
61,13.7043,5.2273,0.0543,0.9457,0.7448,0
3,4.1295,0.2396,0.0862,0.9138,0.356,0
10,2.0104,0.7325,0.1579,0.8421,0.3174,0
7,4.1064,2.1111,0.0667,0.9333,0.2738,0
35,5.5568,3.5625,0.0405,0.9595,0.2253,0
87,3.6879,19.0,0.0,1.0,0.0,0
3,5.7762,4.1852,0.0222,0.9778,0.1284,0
10,4.7904,3.5312,0.0,1.0,0.0,0
1707,3.8688,0.9262,0.0,1.0,0.0,1
27,1.725,1.9483,0.0,1.0,0.0,0
96,4.1713,0.2393,0.0,1.0,0.0,0
13,29.8983,4.44,0.0075,0.9925,0.2231,0
77,0.6882,15.8571,0.125,0.875,0.086,0
4,12.5858,5.8421,0.1875,0.8125,2.3598,0
82,17.8938,37.0,0.0549,0.9451,0.9832,0
11,0.7515,1.0777,0.0,1.0,0.0,0
59,0.6902,11.1,0.1,0.9,0.069,0
5,5.7699,1.7344,0.0465,0.9535,0.2684,0
81,0.4725,0.8284,0.5,0.5,0.2363,0
20,22.0409,1.4103,0.022,0.978,0.4844,0
45,1.3731,0.5046,0.9286,0.0714,1.275,0
25,6.9933,4.36,0.4571,0.5429,3.1969,0
15,4.0441,10.9,0.4211,0.5789,1.7028,0
94,4.3232,2.0769,0.1143,0.8857,0.4941,0
8,15.4021,0.5654,0.2571,0.7429,3.9605,0
6,2.7478,0.7941,0.1111,0.8889,0.3053,0
25,4.8666,2.0377,0.0,1.0,0.0,0
426,136.8006,0.1115,0.0022,0.9978,0.299,1
188,5.7172,1.8947,0.0,1.0,0.0,1
237,10.7817,54.0,0.0077,0.9923,0.0829,1
12,8.0294,3.4839,0.0222,0.9778,0.1784,0
467,3.5184,0.6772,0.0,1.0,0.0,1
1,6.0491,1.597,0.0635,0.9365,0.3841,0
2,3.956,107.0,0.0364,0.9636,0.1439,0
1278,2.7629,107.0,0.0,1.0,0.0,1
75,0.9406,17.6667,0.0,1.0,0.0,0
37,9.9073,0.1949,0.225,0.775,2.2291,0
203,9.6959,1.1667,0.061,0.939,0.5912,1
20,7.942,2.6923,0.0928,0.9072,0.7369,0
29,3.3387,1.1053,0.16,0.84,0.5342,0
329,6.4136,2.625,0.0127,0.9873,0.0812,1
98,59.0637,0.5622,0.0053,0.9947,0.315,0
52,9.6913,5.4737,0.039,0.961,0.3776,0
38,3.3104,1.0196,0.1481,0.8519,0.4904,0
101,2.3095,1.253,0.0769,0.9231,0.1777,0
9,4.1194,1.0196,0.6667,0.3333,2.7462,0
43,2.9809,20.8,0.0,1.0,0.0,0
698,6.0159,103.0,0.4286,0.5714,2.5782,1
38,7.9289,3.3226,0.0656,0.9344,0.5199,0
57,10.2003,0.945,0.0577,0.9423,0.5885,0
12,6.0692,103.0,0.0139,0.9861,0.0843,0
3,3.0095,25.75,0.0732,0.9268,0.2202,0
5,2.7877,1.1705,0.1087,0.8913,0.303,0
7,2.6941,4.2917,0.025,0.975,0.0674,0
300,1.9743,3.9615,0.0,1.0,0.0,1
101,0.0717,10.2,1.0,0.0,0.0717,0
29,5.2203,102.0,0.3333,0.6667,1.7401,0
4,1.5903,20.4,0.0556,0.9444,0.0884,0
76,2.4404,1.9245,0.0,1.0,0.0,0
52,1.6414,0.7727,0.0588,0.9412,0.0966,0
5,15.0991,6.3125,0.0732,0.9268,1.1048,0
146,2.545,33.6667,0.0,1.0,0.0,0
67,3.5375,2.8857,0.0,1.0,0.0,0
133,4.6454,0.8938,0.0448,0.9552,0.208,0
3,15.4774,0.558,0.016,0.984,0.2483,0
14,2.483,25.25,0.0,1.0,0.0,0
314,1.7043,7.2143,0.2308,0.7692,0.3933,1
243,1.8424,1.1744,0.0,1.0,0.0,1
14,5.6192,2.2222,0.0,1.0,0.0,0
4,6.6452,0.7634,0.25,0.75,1.6613,0
52,4.9955,0.1221,0.0,1.0,0.0,0
23,22.6623,0.5593,0.1839,0.8161,4.1687,0
45,16.546,0.3194,0.0187,0.9813,0.3093,0
52,37.4051,0.9074,0.4118,0.5882,15.4021,0
401,6.6954,0.1738,0.0,1.0,0.0,1
15,8.5103,1.5556,0.0204,0.9796,0.1737,0
7,2.1258,0.6667,0.6364,0.3636,1.3528,0
790,8.4893,97.0,0.2,0.8,1.6979,1
6,3.6684,4.2174,0.087,0.913,0.319,0
63,6.7803,0.651,0.087,0.913,0.5896,0
41,1.5773,12.125,0.0,1.0,0.0,0
7,2.049,13.8571,0.037,0.963,0.0759,0
9,1.8252,5.6471,0.0556,0.9444,0.1014,0
19,5.4252,3.5556,0.0676,0.9324,0.3666,0
13,5.6564,0.0995,0.0337,0.9663,0.1907,0
12,8.6891,1.2973,0.0986,0.9014,0.8567,0
4,12.9743,2.1333,0.1013,0.8987,1.3138,0
34,8.097,0.4528,0.0,1.0,0.0,0
133,11.1811,0.5486,0.0631,0.9369,0.7051,0
334,52.0963,95.0,0.0,1.0,0.0,1
256,2.5423,0.8261,0.0,1.0,0.0,1
2,12.1455,1.4394,0.0833,0.9167,1.0121,0
113,7.6643,2.7143,0.016,0.984,0.1226,0
80,7.6895,1.338,0.0,1.0,0.0,0
44,18.9784,0.6169,0.0491,0.9509,0.932,0
10,3.3221,1.5079,0.0,1.0,0.0,0
2,11.1575,0.5697,0.0943,0.9057,1.0526,0
28,5.1444,0.4974,0.15,0.85,0.7717,0
96,3.7174,0.8785,0.0,1.0,0.0,0
803,4.8556,0.6309,0.0,1.0,0.0,1
224,16.0592,2.0,0.0,1.0,0.0,1
2,3.8778,1.0333,0.0476,0.9524,0.1847,0
16,2.3067,1.7222,0.0938,0.9062,0.2163,0
231,0.5844,93.0,0.0,1.0,0.0,1
129,6.5242,1.2105,0.0,1.0,0.0,0
75,8.1184,1.3143,0.0381,0.9619,0.3093,0
105,2.7129,0.902,0.0244,0.9756,0.0662,0
21,0.9549,23.0,0.0714,0.9286,0.0682,0
6,40.374,1.011,0.0578,0.9422,2.3327,0
14,7.2675,13.1429,0.0515,0.9485,0.3746,0
38,11.1934,1.3143,0.0462,0.9538,0.5166,0
7,0.1978,18.4,1.0,0.0,0.1978,0
0,6.1661,0.7077,0.2353,0.7647,1.4508,0
5,3.1487,0.9381,0.0,1.0,0.0,0
239,5.7097,1.1375,0.2727,0.7273,1.5572,1
377,2.8567,1.5424,0.0,1.0,0.0,1
15,6.8665,1.1375,0.1404,0.8596,0.9637,0
3,6.1141,4.3333,0.0435,0.9565,0.2658,0
7,8.1273,0.302,0.0,1.0,0.0,0
20,13.8396,0.7563,0.1167,0.8833,1.6146,0
83,5.4363,30.0,0.0208,0.9792,0.1133,0
50,7.5437,0.2695,0.1273,0.8727,0.9601,0
56,0.0,0.6923,0.0,0.0,0.0,0
4,0.5589,90.0,0.0,1.0,0.0,0
6,19.9398,0.7563,0.0,1.0,0.0,0
28,5.0393,3.2143,0.28,0.72,1.411,0
3,2.0197,90.0,0.1579,0.8421,0.3189,0
5,4.2281,10.0,0.0227,0.9773,0.0961,0
79,2.9695,44.5,0.0,1.0,0.0,0
1,8.9619,1.8163,0.0945,0.9055,0.8468,0
24,3.3,0.6642,0.1667,0.8333,0.55,0
17,1.3618,2.119,0.2105,0.7895,0.2867,0
1051,0.1748,89.0,0.0,1.0,0.0,1
18,8.7772,1.2535,0.0267,0.9733,0.2341,0
90,15.8239,0.6096,0.0137,0.9863,0.2168,0
276,11.6216,17.8,0.0,1.0,0.0,1
13,3.3962,3.4231,0.0455,0.9545,0.1544,0
18,5.672,5.5625,0.0,1.0,0.0,0
6,10.5081,1.459,0.0179,0.9821,0.1876,0
9,4.0744,2.0698,0.0,1.0,0.0,0
148,1.2069,2.0952,0.0,1.0,0.0,0
5,6.5674,0.5752,0.0192,0.9808,0.1263,0
86,0.9303,88.0,0.0,1.0,0.0,0
14,3.372,88.0,0.0682,0.9318,0.2299,0
920,0.6735,0.6929,0.0,1.0,0.0,1
4,3.3192,0.8224,0.0,1.0,0.0,0
18,10.1917,0.4656,0.1622,0.8378,1.6527,0
32,4.2152,44.0,0.0159,0.9841,0.0669,0
58,0.6797,28316.75,0.0,1.0,0.0,0
7,5.4396,367.2022,0.04,0.96,0.2176,0
47,9.0902,3608.4,0.241,0.759,2.1904,0
54,13.0446,346.0833,0.1366,0.8634,1.7825,0
77,26.809,4639.6667,0.0069,0.9931,0.1849,0
341,1.1574,4417.3333,0.0,1.0,0.0,1
46,27.6971,110.8586,0.0211,0.9789,0.5857,0
12,27.7776,413.0417,0.0062,0.9938,0.1725,0
2289,0.4248,9568.0,0.0,1.0,0.0,1
16,16.4016,0.5871,0.1538,0.8462,2.5233,0
35,8.7489,4543.5,0.1704,0.8296,1.4906,0
47,13.0731,187.4565,0.0122,0.9878,0.1594,0
664,0.863,0.771,0.0,1.0,0.0,1
44,26.5548,403.9,0.0,1.0,0.0,0
25,29.8702,363.4091,0.0238,0.9762,0.7112,0
28,2.7761,29.9538,0.0811,0.9189,0.2251,0
5,32.1988,1159.8333,0.1231,0.8769,3.9629,0
20,13.904,16.1225,0.1143,0.8857,1.589,0
1306,2.8189,6422.0,0.3571,0.6429,1.0068,1
7,4.8129,60.2642,0.0822,0.9178,0.3956,0
144,6.1232,0.1133,0.025,0.975,0.1531,0
144,8.607,343.1765,0.1831,0.8169,1.5759,0
124,23.5292,242.125,0.0504,0.9496,1.1856,0
440,0.2891,5735.0,0.3333,0.6667,0.0964,1
3,6.8663,8.3963,0.9074,0.0926,6.2305,0
18,19.0778,14.1499,0.0769,0.9231,1.4675,0
48,13.2955,87.5,0.0786,0.9214,1.0451,0
16,7.0385,0.3882,0.25,0.75,1.7596,0
626,3.5322,4876.0,0.0625,0.9375,0.2208,1
5,25.6837,0.2758,0.0452,0.9548,1.1616,0
30,5.4441,25.5922,0.5909,0.4091,3.217,0
5,15.9405,62.0685,0.0561,0.9439,0.8946,0
19,3.9572,191.7826,0.1,0.9,0.3957,0
51,1.2595,70.9839,0.0769,0.9231,0.0969,0
122,11.4141,171.4,0.0789,0.9211,0.9011,0
5,28.8834,81.3269,0.014,0.986,0.404,0
20,0.9204,1392.6667,0.0833,0.9167,0.0767,0
4,6.5902,2045.0,0.0118,0.9882,0.0775,0
6,1.222,93.8837,0.2857,0.7143,0.3491,0
40,2.4763,0.1503,0.1667,0.8333,0.4127,0
31,0.8431,3547.0,1.0,0.0,0.8431,0
42,12.907,12.1789,0.005,0.995,0.0642,0
13,4.7844,164.0952,0.0,1.0,0.0,0
95,15.2219,3420.0,0.205,0.795,3.1205,0
9,3.2076,42.1899,0.0217,0.9783,0.0697,0
255,1.1539,1107.3333,0.6923,0.3077,0.7988,1
16,156.6079,49.1343,0.0624,0.9376,9.7669,0
6,16.3034,22.5137,0.0,1.0,0.0,0
1058,1.0155,3268.0,0.8889,0.1111,0.9027,1
82,11.3696,12.2607,0.0125,0.9875,0.1421,0
3,3.1264,80.0278,0.0435,0.9565,0.1359,0
1,42.3517,1.1524,0.1911,0.8089,8.0927,0
9,5.6075,1.1005,0.3636,0.6364,2.0391,0
12,32.652,156.5556,0.0182,0.9818,0.5958,0
5,5.1187,4.2057,0.0847,0.9153,0.4338,0
49,4.1833,21.0079,0.0667,0.9333,0.2789,0
2,9.9492,6.4069,0.0619,0.9381,0.6154,0
33,19.5328,31.3494,0.0523,0.9477,1.0213,0
1876,24.8163,2573.0,0.1745,0.8255,4.3304,1
30,19.9999,183.2143,0.0193,0.9807,0.3861,0
97,5.6363,10.9372,0.0,1.0,0.0,0
27,9.8782,8.3617,0.0556,0.9444,0.5488,0
14,8.5466,2347.0,0.0405,0.9595,0.3465,0
27,1.6323,2311.0,0.0,1.0,0.0,0
127,0.7479,0.1478,0.0,1.0,0.0,0
57,5.8729,174.5385,0.1026,0.8974,0.6024,0
76,1.2795,88.08,0.0,1.0,0.0,0
24,5.9469,16.3359,0.1455,0.8545,0.865,0
24,6.2844,396.4,0.13,0.87,0.817,0
474,5.3582,1956.0,0.5,0.5,2.6791,1
2,4.5161,637.3333,0.0976,0.9024,0.4406,0
118,9.6509,30.2623,0.0,1.0,0.0,0
4,54.9785,39.3261,0.0329,0.9671,1.8092,0
13,21.3437,1784.0,0.2794,0.7206,5.9637,0
606,1.8583,1761.0,0.0,1.0,0.0,1
272,12.6037,1737.0,0.2449,0.7551,3.0866,1
18,4.2434,845.5,0.0,1.0,0.0,0
3,2.0567,15.3486,0.5882,0.4118,1.2098,0
3,7.1583,5.7483,0.0,1.0,0.0,0
67,2.8244,4.824,0.0455,0.9545,0.1284,0
5,2.5829,327.0,0.0,1.0,0.0,0
29,3.1422,19.2976,0.0435,0.9565,0.1366,0
1438,38.0557,1618.0,0.1006,0.8994,3.8268,1
75,9.0629,1.5454,0.0189,0.9811,0.171,0
15,25.0112,10.911,0.0345,0.9655,0.8625,0
13,16.0174,0.686,0.1148,0.8852,1.8381,0
53,3.0913,13.3277,0.0513,0.9487,0.1585,0
787,46.2233,1557.0,0.0,1.0,0.0,1
44,40.1758,70.5,0.0104,0.9896,0.4168,0
3,41.6306,0.4305,0.0912,0.9088,3.7965,0
1033,3.5155,7.8351,0.0,1.0,0.0,1
21,6.8944,100.5333,0.0549,0.9451,0.3788,0
19,8.6529,64.9565,0.065,0.935,0.5628,0
7,4.035,5.4906,0.0625,0.9375,0.2522,0
37,3.3481,18.3125,0.0233,0.9767,0.0779,0
1,9.868,36.525,0.0405,0.9595,0.4001,0
16,4.6425,27.4808,0.0,1.0,0.0,0
2,26.5713,0.1722,0.037,0.963,0.9841,0
10,8.2055,36.4872,0.0924,0.9076,0.7585,0
1,35.7587,0.1549,0.4286,0.5714,15.3252,0
59,4.6009,699.5,0.0323,0.9677,0.1484,0
28,7.2375,25.2727,0.0533,0.9467,0.386,0
4,4.6205,13.1442,0.0164,0.9836,0.0757,0
1046,5.3232,1354.0,0.641,0.359,3.4123,1
2,6.4958,1349.0,0.0381,0.9619,0.2475,0
33,1.1493,0.4065,0.0,1.0,0.0,0
455,12.8329,4.3967,0.0,1.0,0.0,1
100,0.9845,15.9643,0.0,1.0,0.0,0
8,8.0414,17.8533,0.0175,0.9825,0.1411,0
7,4.7349,1338.0,0.0233,0.9767,0.1101,0
6,1.5394,21.4194,0.1818,0.8182,0.2799,0
6,9.4924,0.4335,0.0435,0.9565,0.4127,0
20,6.4813,217.6667,0.0759,0.9241,0.4923,0
17,7.494,5.3724,0.0761,0.9239,0.5702,0
13,11.7144,1258.0,0.0391,0.9609,0.4576,0
51,7.8256,1251.0,0.2717,0.7283,2.1265,0
48,3.4406,8.6181,0.0682,0.9318,0.2346,0
45,45.3714,0.229,0.0015,0.9985,0.067,0
38,7.0904,12.19,0.0541,0.9459,0.3833,0
54,3.0661,0.3419,0.5,0.5,1.5331,0
40,9.8578,8.4126,0.013,0.987,0.128,0
61,2.3388,598.0,0.5,0.5,1.1694,0
1473,11.5039,1194.0,0.125,0.875,1.438,1
27,4.787,169.8571,0.0,1.0,0.0,0
5,37.2397,0.6712,0.0505,0.9495,1.8808,0
19,5.4641,9.6311,0.0563,0.9437,0.3078,0
22,3.0794,61.7895,0.0,1.0,0.0,0
3,6.2955,2.6166,0.1552,0.8448,0.9769,0
1655,4.6471,27.4524,0.013,0.987,0.0604,1
14,2.3304,0.3344,0.4333,0.5667,1.0098,0
1426,12.2948,1137.0,0.0462,0.9538,0.5675,1
31,12.2634,1134.0,0.6486,0.3514,7.9546,0
18,3.9885,558.0,0.3,0.7,1.1966,0
67,5.954,14.3896,0.0,1.0,0.0,0
13,2.3845,16.8923,0.0714,0.9286,0.1703,0
3,1.6735,5.8967,0.5833,0.4167,0.9762,0
12,21.7833,1.5211,0.1395,0.8605,3.0395,0
5,23.6983,0.9107,0.025,0.975,0.5925,0
181,2.4761,347.0,0.3171,0.6829,0.7851,1
29,7.4792,0.1504,0.0,1.0,0.0,0
159,2.8017,49.2381,0.0526,0.9474,0.1475,0
127,5.3975,145.5714,0.0309,0.9691,0.1669,0
8,10.0151,145.2857,0.02,0.98,0.2003,0
302,9.9141,6.0838,0.0122,0.9878,0.1209,1
170,7.367,32.7097,0.0,1.0,0.0,0
11,7.3157,1.4889,0.0488,0.9512,0.3569,0
16,7.511,142.4286,0.2571,0.7429,1.9314,0
3,6.9169,198.2,0.4071,0.5929,2.8157,0
773,3.0904,43.0435,0.0,1.0,0.0,1
177,5.1213,28.2,0.12,0.88,0.6146,0
20,12.2804,0.3618,0.0152,0.9848,0.1861,0
62,4.2868,48.9,0.0,1.0,0.0,0
5,7.5815,0.5891,0.0196,0.9804,0.1487,0
3,4.7852,18.5769,0.0,1.0,0.0,0
19,15.2712,79.75,0.1804,0.8196,2.7551,0
27,6.4021,59.125,0.0513,0.9487,0.3283,0
46,3.5101,1.888,0.0577,0.9423,0.2025,0
6,12.5877,0.5615,0.1148,0.8852,1.4445,0
1294,2671.725,939.0,0.0001,0.9999,0.3985,1
358,4.309,0.2391,0.0,1.0,0.0,1
6,4.2854,923.0,0.0385,0.9615,0.1648,0
95,15.4853,1.4299,0.0695,0.9305,1.0762,0
941,3.3124,9.766,0.0,1.0,0.0,1
100,14.1431,114.625,0.0265,0.9735,0.3742,0
25,11.204,0.4428,0.0375,0.9625,0.4201,0
21,2.9734,2.1947,0.1136,0.8864,0.3379,0
41,4.9734,2.2746,0.0339,0.9661,0.1686,0
208,9.2314,64.2857,0.0189,0.9811,0.1742,1
6,11.309,1.4368,0.1757,0.8243,1.9867,0
13,4.1914,15.7368,0.0,1.0,0.0,0
12,8.1593,63.7143,0.049,0.951,0.4,0
259,5.3826,42.1905,0.0,1.0,0.0,1
56,3.4601,0.4136,0.0,1.0,0.0,0
55,19.8186,5.25,0.0156,0.9844,0.3097,0
40,7.6016,0.9887,0.0984,0.9016,0.7477,0
98,3.5327,5.6993,0.0339,0.9661,0.1198,0
25,2.3951,13.6825,0.2308,0.7692,0.5527,0
2222,2.6977,858.0,0.0,1.0,0.0,1
78,0.463,93.7778,0.0,1.0,0.0,0
12,2.2053,139.3333,0.0417,0.9583,0.0919,0
7,11.8108,17.7872,0.025,0.975,0.2953,0
4,2.6286,208.5,0.1,0.9,0.2629,0
4,8.712,206.75,0.0,1.0,0.0,0
55,84.7096,0.3957,0.0271,0.9729,2.2934,0
70,13.026,4.6364,0.0044,0.9956,0.0579,0
33,14.6236,7.6571,0.2093,0.7907,3.0608,0
24,2.8959,66.9167,0.0,1.0,0.0,0
4,0.5978,0.1042,0.0,1.0,0.0,0
60,2.3582,22.9412,0.0,1.0,0.0,0
52,22.4247,15.2941,0.0182,0.9818,0.4077,0
18,18.4625,0.9911,0.025,0.975,0.4616,0
59,1.0255,59.8462,0.2727,0.7273,0.2797,0
1,0.4209,22.8529,0.5714,0.4286,0.2405,0
32,9.856,1.3414,0.0147,0.9853,0.1449,0
6,9.3841,773.0,0.1039,0.8961,0.975,0
5,3.5052,3.4356,0.5312,0.4688,1.8621,0
3,15.9053,70.1818,0.0432,0.9568,0.6866,0
912,2.9119,769.0,0.0,1.0,0.0,1
134,15.5718,152.8,0.0441,0.9559,0.687,0
6,6.7194,29.2692,0.0429,0.9571,0.288,0
6,6.0244,14.3396,0.1857,0.8143,1.1188,0
30,9.2005,0.6894,0.0241,0.9759,0.2217,0
4,237.1852,754.0,0.0391,0.9609,9.2828,0
264,2.3888,376.0,0.0333,0.9667,0.0796,1
124,7.5022,3.472,0.0331,0.9669,0.248,0
10,18.1402,2.964,0.073,0.927,1.3248,0
2,1.1168,147.8,0.0625,0.9375,0.0698,0
7,6.1463,10.6232,0.0164,0.9836,0.1008,0
95,7.3568,48.7333,0.0563,0.9437,0.4145,0
29,7.024,0.4818,0.1154,0.8846,0.8105,0
159,12.9256,25.8929,0.0,1.0,0.0,0
4,17.4715,15.3191,0.0551,0.9449,0.963,0
101,3.2181,715.0,0.4,0.6,1.2872,0
32,7.3779,24.5172,0.1358,0.8642,1.0019,0
72,5.6634,236.6667,0.0,1.0,0.0,0
3,5.9547,10.1429,0.0,1.0,0.0,0
65,5.7555,0.6639,0.0615,0.9385,0.3542,0
14,2.9688,11.3871,0.0556,0.9444,0.1649,0
308,12.3814,1.0368,0.0,1.0,0.0,1
14,6.2808,8.381,0.0769,0.9231,0.4831,0
391,5.2678,1.1861,0.0,1.0,0.0,1
26,17.8392,10.6061,0.1059,0.8941,1.8897,0
8,3.0717,0.8016,0.0909,0.9091,0.2792,0
32,0.5394,99.7143,0.0,1.0,0.0,0
9,6.96,0.4387,0.0652,0.9348,0.4539,0
3,23.1573,1.1834,0.0036,0.9964,0.0836,0
26,5.0554,43.375,0.0312,0.9688,0.158,0
5,0.2025,4.1257,0.0,1.0,0.0,0
28,44.8648,683.0,0.2036,0.7964,9.1358,0
1,17.0806,56.8333,0.1964,0.8036,3.3551,0
103,21.4289,0.4403,0.0,1.0,0.0,0
7,8.6659,3.5957,0.037,0.963,0.321,0
35,12.1694,0.5892,0.0822,0.9178,1.0002,0
23,10.2485,6.72,0.0544,0.9456,0.5577,0
13,8.4539,4.5578,0.1181,0.8819,0.9985,0
9,18.5949,13.34,0.0193,0.9807,0.3593,0
4,11.6942,0.9737,0.4333,0.5667,5.0675,0
684,1.5633,666.0,0.2143,0.7857,0.335,1
35,30.0388,1.1705,0.3097,0.6903,9.304,0
201,3.5715,1.0375,0.0,1.0,0.0,1
42,6.9621,1.0392,0.0,1.0,0.0,0
13,12.7512,0.952,0.0444,0.9556,0.5667,0
18,135.0456,0.9437,0.1688,0.8312,22.7925,0
5,5.6475,163.25,0.0,1.0,0.0,0
101,93.3744,10.0308,0.1577,0.8423,14.7278,0
21,2.4541,28.3478,0.119,0.881,0.2922,0
9,6.8694,18.0556,0.0106,0.9894,0.0731,0
35,0.4216,0.2109,0.5,0.5,0.2108,0
5,2.0784,19.0882,0.0526,0.9474,0.1094,0
5,1.6268,161.75,0.2174,0.7826,0.3537,0
1,4.2814,2.4286,0.1148,0.8852,0.4913,0
685,4.3399,644.0,0.4,0.6,1.736,1
11,6.7725,1.0489,0.2759,0.7241,1.8683,0
14,3.7749,27.9565,0.0,1.0,0.0,0
24,5.942,642.0,0.5312,0.4688,3.1567,0
6,21.0649,0.6561,0.0357,0.9643,0.7523,0
15,17.1671,0.8721,0.0224,0.9776,0.3843,0
4,35.0801,2.0744,0.0913,0.9087,3.2026,0
4,7.9647,2.3933,0.025,0.975,0.1991,0
12,3.8634,4.8385,0.0,1.0,0.0,0
19,5.9821,23.2963,0.1143,0.8857,0.6837,0
52,2.7315,5.531,0.0312,0.9688,0.0854,0
60,9.9576,89.1429,0.3472,0.6528,3.4575,0
13,2.7705,207.6667,0.0,1.0,0.0,0
25,70.4868,4.3194,0.0319,0.9681,2.2514,0
42,4.9186,1.0401,0.5926,0.4074,2.9147,0
26,1.747,2.6538,0.0,1.0,0.0,0
1779,6.2949,621.0,0.0,1.0,0.0,1
93,15.0603,4.106,0.0099,0.9901,0.1491,0
248,13.059,617.0,0.1462,0.8538,1.9086,1
32,0.7031,6.1089,1.0,0.0,0.7031,0
46,4.0725,0.2584,0.1719,0.8281,0.7,0
12,0.3333,0.6574,0.0,1.0,0.0,0
81,10.0141,3.1865,0.0,1.0,0.0,0
0,5.1865,4.0395,0.0471,0.9529,0.2441,0
13,11.4067,40.6667,0.1443,0.8557,1.6463,0
25,1.8585,0.1116,0.5882,0.4118,1.0932,0
1142,36.3358,608.0,0.2188,0.7812,7.9484,1
16,8.6138,1.8824,0.0448,0.9552,0.3857,0
26,1.6376,151.75,0.0,1.0,0.0,0
55,4.7892,18.3333,0.0,1.0,0.0,0
25,2.6608,1.2878,0.1364,0.8636,0.3628,0
49,0.4956,0.2122,0.1667,0.8333,0.0826,0
26,1.8615,603.0,0.2143,0.7857,0.3989,0
4,8.4467,5.3186,0.5161,0.4839,4.3596,0
15,3.9302,0.6152,0.082,0.918,0.3221,0
26,8.8872,33.2222,0.0455,0.9545,0.404,0
4,6.4639,66.1111,0.0241,0.9759,0.1558,0
17,15.0487,0.4322,0.1186,0.8814,1.7854,0
74,5.1424,9.2344,0.027,0.973,0.139,0
17,0.7828,12.0,0.1429,0.8571,0.1118,0
23,13.6209,6.0619,0.0987,0.9013,1.3446,0
522,15.5638,587.0,0.0,1.0,0.0,1
24,1.6884,1.0034,0.5,0.5,0.8442,0
78,3.4664,7.5584,0.0217,0.9783,0.0754,0
11,13.727,1.2129,0.0405,0.9595,0.5565,0
17,3.4375,36.3125,0.0182,0.9818,0.0625,0
244,1.8858,193.3333,0.04,0.96,0.0754,1
43,2.321,193.3333,0.037,0.963,0.086,0
6,5.7021,7.3974,0.1444,0.8556,0.8236,0
20,3.4849,574.0,0.1351,0.8649,0.4709,0
5,2.1471,573.0,0.8889,0.1111,1.9086,0
3,6.7127,2.8317,0.2745,0.7255,1.8427,0
18,2.8931,7.8356,0.0577,0.9423,0.1669,0
37,4.1673,6.1398,0.2353,0.7647,0.9805,0
21,8.7783,63.3333,0.0,1.0,0.0,0
170,11.9516,1.5746,0.0116,0.9884,0.1382,0
77,3.2732,4.7417,0.0256,0.9744,0.0839,0
2,8.3574,1.0289,0.037,0.963,0.3095,0
2,1.4998,47.3333,0.1765,0.8235,0.2647,0
19,0.6663,1.7806,0.7143,0.2857,0.476,0
4,8.5918,3.0486,0.4884,0.5116,4.196,0
343,16.8495,562.0,0.122,0.878,2.0564,1
4,7.5838,51.0,0.1618,0.8382,1.2268,0
1287,0.2149,556.0,0.0,1.0,0.0,1
43,11.9777,1.2198,0.0294,0.9706,0.3523,0
185,6.4833,553.0,0.0233,0.9767,0.1508,1
3,8.8174,1.3844,0.0199,0.9801,0.1752,0
4,2.4544,15.25,0.9375,0.0625,2.301,0
62,0.5652,0.515,0.1111,0.8889,0.0628,0
36,1.3416,91.1667,0.0,1.0,0.0,0
10,2.2408,1.1129,0.75,0.25,1.6806,0
27,19.4267,7.9118,0.0426,0.9574,0.8267,0
14,7.1321,0.9027,0.1818,0.8182,1.2967,0
1511,3.2002,535.0,0.0444,0.9556,0.1422,1
83,12.4457,14.8333,0.0,1.0,0.0,0
11,8.6129,2.1673,0.0177,0.9823,0.1524,0
18,7.2995,0.5343,0.0755,0.9245,0.5509,0
24,4.8759,2.2321,0.0649,0.9351,0.3166,0
6,11.9207,4.7232,0.36,0.64,4.2914,0
9,4.7977,0.4521,0.7963,0.2037,3.8204,0
62,0.7679,528.0,0.0833,0.9167,0.064,0
81,1.6799,8.3651,0.0,1.0,0.0,0
28,3.393,0.7028,0.1176,0.8824,0.3992,0
13,0.3985,19.3333,0.1667,0.8333,0.0664,0
9,2.5975,5.8539,0.5385,0.4615,1.3987,0
21,2.435,3.46,0.027,0.973,0.0658,0
196,4.5999,0.8196,0.0,1.0,0.0,1
20,17.6103,516.0,0.6667,0.3333,11.7402,0
30,9.2426,0.7413,0.0482,0.9518,0.4454,0
26,4.6442,23.2273,0.0588,0.9412,0.2732,0
18,8.2264,21.2917,0.0364,0.9636,0.2991,0
4,7.2463,5.7955,0.0759,0.9241,0.5504,0
2,4.1139,22.1739,0.0541,0.9459,0.2224,0
130,2.0221,509.0,0.2632,0.7368,0.5321,0
7,11.4641,3.1358,0.0294,0.9706,0.3372,0
4,13.4525,1.924,0.0677,0.9323,0.9108,0
4,4.9722,10.1,0.0278,0.9722,0.1381,0
40,3.4999,0.6222,0.0328,0.9672,0.1148,0
242,8.385,7.9683,0.0,1.0,0.0,1
148,10.0193,501.0,0.021,0.979,0.2102,0
6,7.2291,2.9762,0.0,1.0,0.0,0
17,0.0,499.0,0.0,0.0,0.0,0
57,7.8003,0.5764,0.075,0.925,0.585,0
888,2.636,497.0,0.0,1.0,0.0,1
20,2.562,2.2143,0.0,1.0,0.0,0
1,12.5055,0.3603,0.0357,0.9643,0.4466,0
4,16.6892,2.1336,0.0127,0.9873,0.2126,0
24,1.2668,0.689,0.4444,0.5556,0.563,0
543,24.7305,491.0,0.332,0.668,8.2101,1
16,2.3125,1.4613,0.0571,0.9429,0.1321,0
12,0.6343,98.2,0.3333,0.6667,0.2114,0
20,7.1675,1.369,0.0548,0.9452,0.3927,0
997,0.5885,486.0,0.0,1.0,0.0,1
6,3.2405,0.6383,0.0,1.0,0.0,0
5,12.7268,9.0,0.1046,0.8954,1.3309,0
39,3.9881,5.3297,0.0,1.0,0.0,0
20,6.1058,15.6129,0.0337,0.9663,0.2058,0
30,18.3268,7.6667,0.0965,0.9035,1.7684,0
130,5.1395,0.7188,0.0167,0.9833,0.0857,0
135,25.4123,2.5104,0.0946,0.9054,2.4039,0
2,8.0581,40.1667,0.2336,0.7664,1.8827,0
54,7.5643,7.6349,0.375,0.625,2.8366,0
111,8.3049,31.9333,0.0,1.0,0.0,0
514,0.7474,476.0,0.0,1.0,0.0,1
50,3.1501,238.0,0.0,1.0,0.0,0
86,3.9645,476.0,0.0,1.0,0.0,0
187,1.0715,19.7917,0.0,1.0,0.0,1
1358,0.0,59.25,0.0,0.0,0.0,1
18,10.4046,0.0745,0.0698,0.9302,0.7259,0
21,8.3752,3.5414,0.1111,0.8889,0.9306,0
13,143.4075,1.4144,0.2163,0.7837,31.0228,0
27,10.9541,6.7286,0.0781,0.9219,0.8558,0
107,11.896,6.7,0.0093,0.9907,0.1101,0
3,12.8722,0.6223,0.2188,0.7812,2.8158,0
40,8.083,0.7366,0.25,0.75,2.0207,0
42,1.6295,2.3069,0.0357,0.9643,0.0582,0
3,10.936,5.1667,0.1295,0.8705,1.4166,0
38,8.9126,7.4839,0.1698,0.8302,1.5135,0
21,14.328,14.9032,0.0118,0.9882,0.1692,0
12,0.3565,11.55,0.0,1.0,0.0,0
16,11.2102,12.8333,0.0788,0.9212,0.8832,0
27,7.9502,25.6111,0.0072,0.9928,0.0576,0
1,9.9986,1.8852,0.02,0.98,0.2,0
71,6.253,1.0222,0.1176,0.8824,0.7356,0
62,1.0929,57.25,0.1,0.9,0.1093,0
2,23.4541,2.106,0.0584,0.9416,1.3696,0
1029,12.9348,456.0,0.009,0.991,0.116,1
3,48.5451,1.7395,0.0515,0.9485,2.5017,0
4,1.602,4.3654,0.6842,0.3158,1.0961,0
125,0.77,2.1942,0.3636,0.6364,0.28,0
4,1.0624,0.6565,0.125,0.875,0.1328,0
348,0.8479,451.0,0.1111,0.8889,0.0942,1
7,4.2497,4.3269,0.039,0.961,0.1656,0
66,3.8225,1.9522,0.0357,0.9643,0.1365,0
6,15.3481,0.6535,0.0449,0.9551,0.6898,0
37,1.991,4.7053,0.0606,0.9394,0.1207,0
15,5.1231,447.0,0.0441,0.9559,0.226,0
5,0.6935,0.6368,1.0,0.0,0.6935,0
196,2.2642,1.0183,0.0,1.0,0.0,1
592,12.1168,0.2958,0.0,1.0,0.0,1
12,1.7418,0.7508,0.0,1.0,0.0,0
51,12.5269,5.8553,0.0286,0.9714,0.3579,0
85,3.9981,20.2273,0.0323,0.9677,0.129,0
22,7.247,3.4496,0.0143,0.9857,0.1035,0
402,9.7657,34.1538,0.068,0.932,0.6643,1
25,0.202,444.0,1.0,0.0,0.202,0
25,7.3367,1.3899,0.036,0.964,0.2644,0
13,8.7066,6.4058,0.1639,0.8361,1.4273,0
17,1.8734,88.0,0.0345,0.9655,0.0646,0
11,9.6595,4.9326,0.0,1.0,0.0,0
19,1.4684,438.0,0.0,1.0,0.0,0
333,3.7872,3.0629,0.0,1.0,0.0,1
12,7.569,8.549,0.0233,0.9767,0.176,0
1599,0.3109,436.0,0.0,1.0,0.0,1
1,0.6766,0.8286,1.0,0.0,0.6766,0
25,6.1835,1.0535,0.1034,0.8966,0.6397,0
46,3.2841,8.66,0.1081,0.8919,0.355,0
13,14.6564,1.2308,0.0056,0.9944,0.0828,0
20,11.4913,4.6452,0.043,0.957,0.4942,0
1,0.9118,10.2619,0.0833,0.9167,0.076,0
1118,5.8478,143.6667,0.0,1.0,0.0,1
26,4.3695,7.431,0.0141,0.9859,0.0615,0
38,2.521,214.0,0.0,1.0,0.0,0
5,13.8509,7.1,0.0584,0.9416,0.8095,0
6,3.4685,3.4,0.1739,0.8261,0.6032,0
5,1.0028,2.5449,0.0,1.0,0.0,0
31,3.5833,11.8056,0.1034,0.8966,0.3707,0
5,18.9249,3.2868,0.0625,0.9375,1.1828,0
44,9.7228,18.3913,0.028,0.972,0.272,0
2,18.2579,11.6944,0.0,1.0,0.0,0
53,2.6787,421.0,0.0,1.0,0.0,0
26,16.92,0.7656,0.0659,0.9341,1.1145,0
18,1.1246,17.4167,0.0714,0.9286,0.0803,0
79,3.7915,1.0504,0.4333,0.5667,1.643,0
0,9.9614,0.678,0.8095,0.1905,8.064,0
22,5.7061,2.2063,0.0543,0.9457,0.3101,0
10,30.9682,0.3193,0.004,0.996,0.1249,0
26,4.2766,0.3111,0.037,0.963,0.1584,0
60,19.5334,4.3333,0.5897,0.4103,11.5197,0
2,4.1133,2.1173,0.0678,0.9322,0.2789,0
346,10.7376,0.1331,0.0,1.0,0.0,1
29,11.8904,3.7054,0.1182,0.8818,1.4052,0
22,7.0547,2.065,0.1613,0.8387,1.1379,0
1,8.3624,0.9856,0.1222,0.8778,1.0221,0
6,8.8012,137.3333,0.0189,0.9811,0.1661,0
970,6.6664,411.0,0.0,1.0,0.0,1
15,10.4646,5.3377,0.1613,0.8387,1.6878,0
11,1.0148,19.5714,0.2143,0.7857,0.2175,0
12,29.4234,24.1765,0.0432,0.9568,1.2714,0
22,4.7511,8.0196,0.0822,0.9178,0.3905,0
39,2.0741,12.7812,0.4516,0.5484,0.9367,0
1,11.1098,8.6809,0.1124,0.8876,1.2483,0
5,6.0217,45.3333,0.0538,0.9462,0.3237,0
407,3.076,34.0,0.0,1.0,0.0,1
8,5.3713,4.9036,0.1154,0.8846,0.6198,0
31,0.228,407.0,1.0,0.0,0.228,0
1,4.1339,40.6,0.0,1.0,0.0,0
225,31.0355,3.9417,0.012,0.988,0.3728,1
28,8.89,2.6026,0.0769,0.9231,0.6838,0
155,3.8242,2.3143,0.0189,0.9811,0.0722,0
315,24.0604,1.2385,0.0,1.0,0.0,1
11,1.1542,67.3333,0.8182,0.1818,0.9443,0
6,5.2163,5.3158,0.0638,0.9362,0.333,0
50,3.4885,5.3026,0.2167,0.7833,0.7559,0
6,12.175,1.0281,0.1828,0.8172,2.2255,0
81,21.6416,0.3893,0.0351,0.9649,0.7594,0
335,23330.2765,401.0,0.0828,0.9172,1931.683,1
21,9.2376,2.381,0.0159,0.9841,0.1466,0
42,15.769,0.8808,0.3448,0.6552,5.4376,0
31,1.7832,0.7014,0.5,0.5,0.8916,0
3,3.9907,0.8302,0.075,0.925,0.2993,0
96,14.8977,0.3114,0.0172,0.9828,0.2569,0
528,2.6933,56.4286,0.0769,0.9231,0.2072,1
33,0.8402,395.0,0.3,0.7,0.2521,0
4,14.1619,0.7467,0.1194,0.8806,1.691,0
83,4.046,0.6752,0.0,1.0,0.0,0
74,21.3298,0.2049,0.0678,0.9322,1.4472,0
1,3.6288,2.9773,0.0385,0.9615,0.1396,0
27,3.6231,6.1406,0.027,0.973,0.0979,0
1617,21.0035,392.0,0.0279,0.9721,0.5851,1
15,7.6301,5.6812,0.1138,0.8862,0.8685,0
511,5.2802,391.0,0.4783,0.5217,2.5253,1
142,17.4448,0.7697,0.0813,0.9187,1.4174,0
7,7.9529,0.6062,0.1463,0.8537,1.1638,0
10,2.4008,11.7879,0.1364,0.8636,0.3274,0
2,20.7696,388.0,0.1674,0.8326,3.4761,0
93,5.2445,3.88,0.0,1.0,0.0,0
12,6.2262,2.2899,0.0225,0.9775,0.1399,0
8,9.0359,11.0571,0.0444,0.9556,0.4016,0
